,num4black,num4white,0,1,2,3
F5,1.0,20.0,1.0,,,
F5D6,1.0,20.0,2.0,,,
F5D6C3,1.0,20.0,3.0,,,
F5D6C3D3,1.0,20.0,4.0,,,
F5D6C3D3C4,1.0,20.0,5.0,,,
F5D6C3D3C4F4,1.0,20.0,6.0,,,
F5D6C3D3C4F4C5,1.0,20.0,7.0,,,
F5D6C3D3C4F4C5B4,1.0,20.0,8.0,,,
F5D6C3D3C4F4C5B4C6,1.0,20.0,9.0,,,
F5D6C3D3C4F4C5B4C6E6,1.0,20.0,10.0,27.0,46.0,
F5D6C3D3C4F4C5B4C6E6F6,8.0,4.0,11.0,66.0,180.0,199.0
F5D6C3D3C4F4C5B4C6E6F6B5,3.0,4.0,12.0,103.0,,
F5D6C3D3C4F4C5B4C6E6F6B5D2,6.0,1.0,13.0,,,
F5D6C3D3C4F4C5B4C6E6F6B5D2E7,6.0,1.0,14.0,,,
F5D6C3D3C4F4C5B4C6E6F6B5D2E7B6,6.0,1.0,15.0,,,
F5D6C3D3C4F4C5B4C6E6F6B5D2E7B6C7,6.0,1.0,16.0,,,
F5D6C3D3C4F4C5B4C6E6F6B5D2E7B6C7F7,6.0,1.0,17.0,,,
F5D6C3D3C4F4C5B4C6E6F6B5D2E7B6C7F7E3,6.0,1.0,18.0,,,
F5D6C3D3C4F4C5B4C6E6F6B5D2E7B6C7F7E3F2,6.0,1.0,19.0,774.0,,
F5D6C3D3C4F4C5B4C6E6F6B5D2E7B6C7F7E3F2E2,4.0,1.0,20.0,,,
F5D6C3D3C4F4C5B4C6E6F6B5D2E7B6C7F7E3F2E2E8,4.0,1.0,21.0,,,
F5D6C3D3C4F4C5B4C6E6F6B5D2E7B6C7F7E3F2E2E8G5,4.0,1.0,22.0,,,
F5D6C3D3C4F4C5B4C6E6F6B5D2E7B6C7F7E3F2E2E8G5D7,4.0,1.0,23.0,299.0,746.0,
F5D6C3D3C4F4C5B4C6E6F6B5D2E7B6C7F7E3F2E2E8G5D7D1,1.0,2.0,24.0,,,
F5D6C3D3C4F4C5B4C6E6F6B5D2E7B6C7F7E3F2E2E8G5D7D1D8,1.0,2.0,25.0,,,
F5D6C3D3C4F4C5B4C6E6F6B5D2E7B6C7F7E3F2E2E8G5D7D1D8G6,1.0,2.0,26.0,991.0,,
F5D6C3D3C4F4C5B4C6E6F6B5D2E7B6C7F7E3F2E2E8G5D7D1D8G6A3,1.0,1.0,,,,
F5D6C3D3C4F4C5B4C6E6A3,1.0,14.0,28.0,,,
F5D6C3D3C4F4C5B4C6E6A3B5,1.0,14.0,29.0,,,
F5D6C3D3C4F4C5B4C6E6A3B5E3,1.0,14.0,30.0,,,
F5D6C3D3C4F4C5B4C6E6A3B5E3F2,1.0,14.0,31.0,798.0,,
F5D6C3D3C4F4C5B4C6E6A3B5E3F2F3,1.0,13.0,32.0,,,
F5D6C3D3C4F4C5B4C6E6A3B5E3F2F3A4,1.0,13.0,33.0,,,
F5D6C3D3C4F4C5B4C6E6A3B5E3F2F3A4B3,1.0,13.0,34.0,,,
F5D6C3D3C4F4C5B4C6E6A3B5E3F2F3A4B3G5,1.0,13.0,35.0,257.0,,
F5D6C3D3C4F4C5B4C6E6A3B5E3F2F3A4B3G5G6,1.0,9.0,36.0,,,
F5D6C3D3C4F4C5B4C6E6A3B5E3F2F3A4B3G5G6G3,1.0,9.0,37.0,626.0,,
F5D6C3D3C4F4C5B4C6E6A3B5E3F2F3A4B3G5G6G3F6,1.0,6.0,38.0,,,
F5D6C3D3C4F4C5B4C6E6A3B5E3F2F3A4B3G5G6G3F6D7,1.0,6.0,39.0,839.0,,
F5D6C3D3C4F4C5B4C6E6A3B5E3F2F3A4B3G5G6G3F6D7H4,1.0,3.0,40.0,,,
F5D6C3D3C4F4C5B4C6E6A3B5E3F2F3A4B3G5G6G3F6D7H4G4,1.0,3.0,41.0,481.0,,
F5D6C3D3C4F4C5B4C6E6A3B5E3F2F3A4B3G5G6G3F6D7H4G4H3,1.0,2.0,42.0,,,
F5D6C3D3C4F4C5B4C6E6A3B5E3F2F3A4B3G5G6G3F6D7H4G4H3F7,1.0,2.0,43.0,,,
F5D6C3D3C4F4C5B4C6E6A3B5E3F2F3A4B3G5G6G3F6D7H4G4H3F7E7,1.0,2.0,44.0,,,
F5D6C3D3C4F4C5B4C6E6A3B5E3F2F3A4B3G5G6G3F6D7H4G4H3F7E7C7,1.0,2.0,45.0,170.0,,
F5D6C3D3C4F4C5B4C6E6A3B5E3F2F3A4B3G5G6G3F6D7H4G4H3F7E7C7H5,1.0,1.0,,,,
F5D6C3D3C4F4C5B4C6E6E3,6.0,2.0,47.0,,,
F5D6C3D3C4F4C5B4C6E6E3B5,6.0,2.0,48.0,85.0,,
F5D6C3D3C4F4C5B4C6E6E3B5D7,6.0,1.0,49.0,,,
F5D6C3D3C4F4C5B4C6E6E3B5D7F6,6.0,1.0,50.0,,,
F5D6C3D3C4F4C5B4C6E6E3B5D7F6B6,6.0,1.0,51.0,,,
F5D6C3D3C4F4C5B4C6E6E3B5D7F6B6E7,6.0,1.0,52.0,,,
F5D6C3D3C4F4C5B4C6E6E3B5D7F6B6E7F3,6.0,1.0,53.0,134.0,,
F5D6C3D3C4F4C5B4C6E6E3B5D7F6B6E7F3D8,2.0,4.0,54.0,369.0,,
F5D6C3D3C4F4C5B4C6E6E3B5D7F6B6E7F3D8G4,2.0,3.0,55.0,,,
F5D6C3D3C4F4C5B4C6E6E3B5D7F6B6E7F3D8G4C7,2.0,3.0,56.0,,,
F5D6C3D3C4F4C5B4C6E6E3B5D7F6B6E7F3D8G4C7A4,2.0,3.0,57.0,466.0,,
F5D6C3D3C4F4C5B4C6E6E3B5D7F6B6E7F3D8G4C7A4D2,1.0,5.0,58.0,172.0,,
F5D6C3D3C4F4C5B4C6E6E3B5D7F6B6E7F3D8G4C7A4D2E2,1.0,4.0,59.0,,,
F5D6C3D3C4F4C5B4C6E6E3B5D7F6B6E7F3D8G4C7A4D2E2H3,1.0,4.0,60.0,475.0,,
F5D6C3D3C4F4C5B4C6E6E3B5D7F6B6E7F3D8G4C7A4D2E2H3H5,1.0,3.0,61.0,,,
F5D6C3D3C4F4C5B4C6E6E3B5D7F6B6E7F3D8G4C7A4D2E2H3H5C2,1.0,3.0,62.0,,,
F5D6C3D3C4F4C5B4C6E6E3B5D7F6B6E7F3D8G4C7A4D2E2H3H5C2B3,1.0,3.0,63.0,,,
F5D6C3D3C4F4C5B4C6E6E3B5D7F6B6E7F3D8G4C7A4D2E2H3H5C2B3A6,1.0,3.0,64.0,1098.0,1250.0,
F5D6C3D3C4F4C5B4C6E6E3B5D7F6B6E7F3D8G4C7A4D2E2H3H5C2B3A6F8,2.0,1.0,65.0,1069.0,,
F5D6C3D3C4F4C5B4C6E6E3B5D7F6B6E7F3D8G4C7A4D2E2H3H5C2B3A6F8A5,1.0,1.0,,,,
F5D6C3D3C4F4C5B4C6E6F6D2,1.0,10.0,67.0,250.0,,
F5D6C3D3C4F4C5B4C6E6F6D2A3,1.0,9.0,68.0,,,
F5D6C3D3C4F4C5B4C6E6F6D2A3G6,1.0,9.0,69.0,159.0,,
F5D6C3D3C4F4C5B4C6E6F6D2A3G6E3,1.0,8.0,70.0,,,
F5D6C3D3C4F4C5B4C6E6F6D2A3G6E3F7,1.0,8.0,71.0,381.0,752.0,804.0
F5D6C3D3C4F4C5B4C6E6F6D2A3G6E3F7E2,3.0,1.0,72.0,,,
F5D6C3D3C4F4C5B4C6E6F6D2A3G6E3F7E2F3,3.0,1.0,73.0,,,
F5D6C3D3C4F4C5B4C6E6F6D2A3G6E3F7E2F3G5,3.0,1.0,74.0,,,
F5D6C3D3C4F4C5B4C6E6F6D2A3G6E3F7E2F3G5H6,3.0,1.0,75.0,,,
F5D6C3D3C4F4C5B4C6E6F6D2A3G6E3F7E2F3G5H6F2,3.0,1.0,76.0,,,
F5D6C3D3C4F4C5B4C6E6F6D2A3G6E3F7E2F3G5H6F2D7,3.0,1.0,77.0,,,
F5D6C3D3C4F4C5B4C6E6F6D2A3G6E3F7E2F3G5H6F2D7C7,3.0,1.0,78.0,1068.0,,
F5D6C3D3C4F4C5B4C6E6F6D2A3G6E3F7E2F3G5H6F2D7C7B3,2.0,1.0,79.0,,,
F5D6C3D3C4F4C5B4C6E6F6D2A3G6E3F7E2F3G5H6F2D7C7B3B5,2.0,1.0,80.0,,,
F5D6C3D3C4F4C5B4C6E6F6D2A3G6E3F7E2F3G5H6F2D7C7B3B5C2,2.0,1.0,81.0,,,
F5D6C3D3C4F4C5B4C6E6F6D2A3G6E3F7E2F3G5H6F2D7C7B3B5C2G4,2.0,1.0,82.0,,,
F5D6C3D3C4F4C5B4C6E6F6D2A3G6E3F7E2F3G5H6F2D7C7B3B5C2G4E7,2.0,1.0,83.0,,,
F5D6C3D3C4F4C5B4C6E6F6D2A3G6E3F7E2F3G5H6F2D7C7B3B5C2G4E7H5,2.0,1.0,84.0,785.0,,
F5D6C3D3C4F4C5B4C6E6F6D2A3G6E3F7E2F3G5H6F2D7C7B3B5C2G4E7H5A6,1.0,1.0,,,,
F5D6C3D3C4F4C5B4C6E6E3B5G5,14.0,1.0,86.0,315.0,352.0,
F5D6C3D3C4F4C5B4C6E6E3B5G5B3,6.0,1.0,87.0,,,
F5D6C3D3C4F4C5B4C6E6E3B5G5B3F3,6.0,1.0,88.0,119.0,,
F5D6C3D3C4F4C5B4C6E6E3B5G5B3F3B6,3.0,1.0,89.0,,,
F5D6C3D3C4F4C5B4C6E6E3B5G5B3F3B6A3,3.0,1.0,90.0,,,
F5D6C3D3C4F4C5B4C6E6E3B5G5B3F3B6A3C2,3.0,1.0,91.0,,,
F5D6C3D3C4F4C5B4C6E6E3B5G5B3F3B6A3C2A4,3.0,1.0,92.0,,,
F5D6C3D3C4F4C5B4C6E6E3B5G5B3F3B6A3C2A4A5,3.0,1.0,93.0,,,
F5D6C3D3C4F4C5B4C6E6E3B5G5B3F3B6A3C2A4A5A6,3.0,1.0,94.0,,,
F5D6C3D3C4F4C5B4C6E6E3B5G5B3F3B6A3C2A4A5A6D2,3.0,1.0,95.0,,,
F5D6C3D3C4F4C5B4C6E6E3B5G5B3F3B6A3C2A4A5A6D2E2,3.0,1.0,96.0,,,
F5D6C3D3C4F4C5B4C6E6E3B5G5B3F3B6A3C2A4A5A6D2E2G6,3.0,1.0,97.0,,,
F5D6C3D3C4F4C5B4C6E6E3B5G5B3F3B6A3C2A4A5A6D2E2G6A7,3.0,1.0,98.0,,,
F5D6C3D3C4F4C5B4C6E6E3B5G5B3F3B6A3C2A4A5A6D2E2G6A7F1,3.0,1.0,99.0,,,
F5D6C3D3C4F4C5B4C6E6E3B5G5B3F3B6A3C2A4A5A6D2E2G6A7F1D7,3.0,1.0,100.0,1111.0,,
F5D6C3D3C4F4C5B4C6E6E3B5G5B3F3B6A3C2A4A5A6D2E2G6A7F1D7H5,2.0,1.0,101.0,,,
F5D6C3D3C4F4C5B4C6E6E3B5G5B3F3B6A3C2A4A5A6D2E2G6A7F1D7H5F7,2.0,1.0,102.0,815.0,,
F5D6C3D3C4F4C5B4C6E6E3B5G5B3F3B6A3C2A4A5A6D2E2G6A7F1D7H5F7E7,1.0,1.0,,,,
F5D6C3D3C4F4C5B4C6E6F6B5B3,3.0,3.0,104.0,,,
F5D6C3D3C4F4C5B4C6E6F6B5B3G5,3.0,3.0,105.0,,,
F5D6C3D3C4F4C5B4C6E6F6B5B3G5A3,3.0,3.0,106.0,,,
F5D6C3D3C4F4C5B4C6E6F6B5B3G5A3A4,3.0,3.0,107.0,,,
F5D6C3D3C4F4C5B4C6E6F6B5B3G5A3A4D2,3.0,3.0,108.0,290.0,,
F5D6C3D3C4F4C5B4C6E6F6B5B3G5A3A4D2F7,2.0,3.0,109.0,147.0,410.0,
F5D6C3D3C4F4C5B4C6E6F6B5B3G5A3A4D2F7A6,2.0,1.0,110.0,,,
F5D6C3D3C4F4C5B4C6E6F6B5B3G5A3A4D2F7A6A5,2.0,1.0,111.0,,,
F5D6C3D3C4F4C5B4C6E6F6B5B3G5A3A4D2F7A6A5B6,2.0,1.0,112.0,,,
F5D6C3D3C4F4C5B4C6E6F6B5B3G5A3A4D2F7A6A5B6C7,2.0,1.0,113.0,,,
F5D6C3D3C4F4C5B4C6E6F6B5B3G5A3A4D2F7A6A5B6C7F3,2.0,1.0,114.0,984.0,,
F5D6C3D3C4F4C5B4C6E6F6B5B3G5A3A4D2F7A6A5B6C7F3E3,1.0,3.0,115.0,1029.0,,
F5D6C3D3C4F4C5B4C6E6F6B5B3G5A3A4D2F7A6A5B6C7F3E3E7,1.0,2.0,116.0,,,
F5D6C3D3C4F4C5B4C6E6F6B5B3G5A3A4D2F7A6A5B6C7F3E3E7G3,1.0,2.0,117.0,1062.0,,
F5D6C3D3C4F4C5B4C6E6F6B5B3G5A3A4D2F7A6A5B6C7F3E3E7G3G4,2.0,1.0,118.0,525.0,,
F5D6C3D3C4F4C5B4C6E6F6B5B3G5A3A4D2F7A6A5B6C7F3E3E7G3G4H4,1.0,1.0,,,,
F5D6C3D3C4F4C5B4C6E6E3B5G5B3F3C2,3.0,2.0,120.0,,,
F5D6C3D3C4F4C5B4C6E6E3B5G5B3F3C2B6,3.0,2.0,121.0,557.0,,
F5D6C3D3C4F4C5B4C6E6E3B5G5B3F3C2B6D2,2.0,2.0,122.0,,,
F5D6C3D3C4F4C5B4C6E6E3B5G5B3F3C2B6D2A5,2.0,2.0,123.0,1010.0,,
F5D6C3D3C4F4C5B4C6E6E3B5G5B3F3C2B6D2A5F2,1.0,2.0,124.0,1030.0,,
F5D6C3D3C4F4C5B4C6E6E3B5G5B3F3C2B6D2A5F2E2,3.0,1.0,125.0,,,
F5D6C3D3C4F4C5B4C6E6E3B5G5B3F3C2B6D2A5F2E2G6,3.0,1.0,126.0,,,
F5D6C3D3C4F4C5B4C6E6E3B5G5B3F3C2B6D2A5F2E2G6F1,3.0,1.0,127.0,,,
F5D6C3D3C4F4C5B4C6E6E3B5G5B3F3C2B6D2A5F2E2G6F1H5,3.0,1.0,128.0,,,
F5D6C3D3C4F4C5B4C6E6E3B5G5B3F3C2B6D2A5F2E2G6F1H5A4,3.0,1.0,129.0,,,
F5D6C3D3C4F4C5B4C6E6E3B5G5B3F3C2B6D2A5F2E2G6F1H5A4A3,3.0,1.0,130.0,,,
F5D6C3D3C4F4C5B4C6E6E3B5G5B3F3C2B6D2A5F2E2G6F1H5A4A3E1,3.0,1.0,131.0,1101.0,,
F5D6C3D3C4F4C5B4C6E6E3B5G5B3F3C2B6D2A5F2E2G6F1H5A4A3E1G4,2.0,1.0,132.0,,,
F5D6C3D3C4F4C5B4C6E6E3B5G5B3F3C2B6D2A5F2E2G6F1H5A4A3E1G4D1,2.0,1.0,133.0,487.0,,
F5D6C3D3C4F4C5B4C6E6E3B5G5B3F3C2B6D2A5F2E2G6F1H5A4A3E1G4D1A6,1.0,1.0,,,,
F5D6C3D3C4F4C5B4C6E6E3B5D7F6B6E7F3B3,4.0,1.0,135.0,,,
F5D6C3D3C4F4C5B4C6E6E3B5D7F6B6E7F3B3A3,4.0,1.0,136.0,,,
F5D6C3D3C4F4C5B4C6E6E3B5D7F6B6E7F3B3A3D8,4.0,1.0,137.0,,,
F5D6C3D3C4F4C5B4C6E6E3B5D7F6B6E7F3B3A3D8G4,4.0,1.0,138.0,,,
F5D6C3D3C4F4C5B4C6E6E3B5D7F6B6E7F3B3A3D8G4C7,4.0,1.0,139.0,,,
F5D6C3D3C4F4C5B4C6E6E3B5D7F6B6E7F3B3A3D8G4C7A4,4.0,1.0,140.0,929.0,,
F5D6C3D3C4F4C5B4C6E6E3B5D7F6B6E7F3B3A3D8G4C7A4H3,2.0,1.0,141.0,,,
F5D6C3D3C4F4C5B4C6E6E3B5D7F6B6E7F3B3A3D8G4C7A4H3C8,2.0,1.0,142.0,285.0,,
F5D6C3D3C4F4C5B4C6E6E3B5D7F6B6E7F3B3A3D8G4C7A4H3C8A5,1.0,2.0,143.0,482.0,,
F5D6C3D3C4F4C5B4C6E6E3B5D7F6B6E7F3B3A3D8G4C7A4H3C8A5G5,2.0,1.0,144.0,,,
F5D6C3D3C4F4C5B4C6E6E3B5D7F6B6E7F3B3A3D8G4C7A4H3C8A5G5H4,2.0,1.0,145.0,,,
F5D6C3D3C4F4C5B4C6E6E3B5D7F6B6E7F3B3A3D8G4C7A4H3C8A5G5H4H6,2.0,1.0,146.0,1048.0,,
F5D6C3D3C4F4C5B4C6E6E3B5D7F6B6E7F3B3A3D8G4C7A4H3C8A5G5H4H6H5,1.0,1.0,,,,
F5D6C3D3C4F4C5B4C6E6F6B5B3G5A3A4D2F7G3,3.0,1.0,148.0,593.0,1171.0,
F5D6C3D3C4F4C5B4C6E6F6B5B3G5A3A4D2F7G3E2,1.0,4.0,149.0,736.0,,
F5D6C3D3C4F4C5B4C6E6F6B5B3G5A3A4D2F7G3E2E3,1.0,3.0,150.0,,,
F5D6C3D3C4F4C5B4C6E6F6B5B3G5A3A4D2F7G3E2E3E7,1.0,3.0,151.0,,,
F5D6C3D3C4F4C5B4C6E6F6B5B3G5A3A4D2F7G3E2E3E7D7,1.0,3.0,152.0,,,
F5D6C3D3C4F4C5B4C6E6F6B5B3G5A3A4D2F7G3E2E3E7D7F3,1.0,3.0,153.0,1032.0,,
F5D6C3D3C4F4C5B4C6E6F6B5B3G5A3A4D2F7G3E2E3E7D7F3G6,1.0,2.0,154.0,,,
F5D6C3D3C4F4C5B4C6E6F6B5B3G5A3A4D2F7G3E2E3E7D7F3G6E8,1.0,2.0,155.0,826.0,,
F5D6C3D3C4F4C5B4C6E6F6B5B3G5A3A4D2F7G3E2E3E7D7F3G6E8C8,1.0,1.0,156.0,,,
F5D6C3D3C4F4C5B4C6E6F6B5B3G5A3A4D2F7G3E2E3E7D7F3G6E8C8F2,1.0,1.0,157.0,,,
F5D6C3D3C4F4C5B4C6E6F6B5B3G5A3A4D2F7G3E2E3E7D7F3G6E8C8F2H5,1.0,1.0,158.0,,,
F5D6C3D3C4F4C5B4C6E6F6B5B3G5A3A4D2F7G3E2E3E7D7F3G6E8C8F2H5D8,1.0,1.0,,,,
F5D6C3D3C4F4C5B4C6E6F6D2A3G6G5,6.0,1.0,160.0,,,
F5D6C3D3C4F4C5B4C6E6F6D2A3G6G5E7,6.0,1.0,161.0,,,
F5D6C3D3C4F4C5B4C6E6F6D2A3G6G5E7D7,6.0,1.0,162.0,446.0,,
F5D6C3D3C4F4C5B4C6E6F6D2A3G6G5E7D7F7,5.0,1.0,163.0,,,
F5D6C3D3C4F4C5B4C6E6F6D2A3G6G5E7D7F7E3,5.0,1.0,164.0,306.0,,
F5D6C3D3C4F4C5B4C6E6F6D2A3G6G5E7D7F7E3C8,3.0,1.0,165.0,,,
F5D6C3D3C4F4C5B4C6E6F6D2A3G6G5E7D7F7E3C8E2,3.0,1.0,166.0,,,
F5D6C3D3C4F4C5B4C6E6F6D2A3G6G5E7D7F7E3C8E2B6,3.0,1.0,167.0,,,
F5D6C3D3C4F4C5B4C6E6F6D2A3G6G5E7D7F7E3C8E2B6E8,3.0,1.0,168.0,978.0,,
F5D6C3D3C4F4C5B4C6E6F6D2A3G6G5E7D7F7E3C8E2B6E8B5,1.0,1.0,169.0,,,
F5D6C3D3C4F4C5B4C6E6F6D2A3G6G5E7D7F7E3C8E2B6E8B5G4,1.0,1.0,,,,
F5D6C3D3C4F4C5B4C6E6A3B5E3F2F3A4B3G5G6G3F6D7H4G4H3F7E7C7E8,1.0,1.0,171.0,,,
F5D6C3D3C4F4C5B4C6E6A3B5E3F2F3A4B3G5G6G3F6D7H4G4H3F7E7C7E8E2,1.0,1.0,,,,
F5D6C3D3C4F4C5B4C6E6E3B5D7F6B6E7F3D8G4C7A4D2C2,2.0,1.0,173.0,571.0,,
F5D6C3D3C4F4C5B4C6E6E3B5D7F6B6E7F3D8G4C7A4D2C2A6,1.0,9.0,174.0,418.0,822.0,1076.0
F5D6C3D3C4F4C5B4C6E6E3B5D7F6B6E7F3D8G4C7A4D2C2A6F8,1.0,4.0,175.0,,,
F5D6C3D3C4F4C5B4C6E6E3B5D7F6B6E7F3D8G4C7A4D2C2A6F8H3,1.0,4.0,176.0,337.0,479.0,
F5D6C3D3C4F4C5B4C6E6E3B5D7F6B6E7F3D8G4C7A4D2C2A6F8H3E1,1.0,2.0,177.0,,,
F5D6C3D3C4F4C5B4C6E6E3B5D7F6B6E7F3D8G4C7A4D2C2A6F8H3E1C1,1.0,2.0,178.0,1082.0,,
F5D6C3D3C4F4C5B4C6E6E3B5D7F6B6E7F3D8G4C7A4D2C2A6F8H3E1C1G5,1.0,1.0,179.0,,,
F5D6C3D3C4F4C5B4C6E6E3B5D7F6B6E7F3D8G4C7A4D2C2A6F8H3E1C1G5D1,1.0,1.0,,,,
F5D6C3D3C4F4C5B4C6E6F6B3,1.0,10.0,181.0,339.0,,
F5D6C3D3C4F4C5B4C6E6F6B3E3,4.0,5.0,182.0,,,
F5D6C3D3C4F4C5B4C6E6F6B3E3B5,4.0,5.0,183.0,,,
F5D6C3D3C4F4C5B4C6E6F6B3E3B5F3,4.0,5.0,184.0,456.0,,
F5D6C3D3C4F4C5B4C6E6F6B3E3B5F3G4,2.0,5.0,185.0,436.0,,
F5D6C3D3C4F4C5B4C6E6F6B3E3B5F3G4A5,2.0,2.0,186.0,,,
F5D6C3D3C4F4C5B4C6E6F6B3E3B5F3G4A5E2,2.0,2.0,187.0,,,
F5D6C3D3C4F4C5B4C6E6F6B3E3B5F3G4A5E2H3,2.0,2.0,188.0,562.0,,
F5D6C3D3C4F4C5B4C6E6F6B3E3B5F3G4A5E2H3H5,1.0,2.0,189.0,865.0,,
F5D6C3D3C4F4C5B4C6E6F6B3E3B5F3G4A5E2H3H5F2,2.0,1.0,190.0,,,
F5D6C3D3C4F4C5B4C6E6F6B3E3B5F3G4A5E2H3H5F2B6,2.0,1.0,191.0,,,
F5D6C3D3C4F4C5B4C6E6F6B3E3B5F3G4A5E2H3H5F2B6A6,2.0,1.0,192.0,218.0,,
F5D6C3D3C4F4C5B4C6E6F6B3E3B5F3G4A5E2H3H5F2B6A6C7,1.0,1.0,193.0,,,
F5D6C3D3C4F4C5B4C6E6F6B3E3B5F3G4A5E2H3H5F2B6A6C7C2,1.0,1.0,194.0,,,
F5D6C3D3C4F4C5B4C6E6F6B3E3B5F3G4A5E2H3H5F2B6A6C7C2F7,1.0,1.0,195.0,,,
F5D6C3D3C4F4C5B4C6E6F6B3E3B5F3G4A5E2H3H5F2B6A6C7C2F7E7,1.0,1.0,196.0,,,
F5D6C3D3C4F4C5B4C6E6F6B3E3B5F3G4A5E2H3H5F2B6A6C7C2F7E7D2,1.0,1.0,197.0,,,
F5D6C3D3C4F4C5B4C6E6F6B3E3B5F3G4A5E2H3H5F2B6A6C7C2F7E7D2C8,1.0,1.0,198.0,,,
F5D6C3D3C4F4C5B4C6E6F6B3E3B5F3G4A5E2H3H5F2B6A6C7C2F7E7D2C8G5,1.0,1.0,,,,
F5D6C3D3C4F4C5B4C6E6F6D7,3.0,4.0,200.0,225.0,,
F5D6C3D3C4F4C5B4C6E6F6D7F3,3.0,3.0,201.0,,,
F5D6C3D3C4F4C5B4C6E6F6D7F3G3,3.0,3.0,202.0,,,
F5D6C3D3C4F4C5B4C6E6F6D7F3G3E3,3.0,3.0,203.0,,,
F5D6C3D3C4F4C5B4C6E6F6D7F3G3E3B6,3.0,3.0,204.0,243.0,271.0,
F5D6C3D3C4F4C5B4C6E6F6D7F3G3E3B6G4,4.0,1.0,205.0,,,
F5D6C3D3C4F4C5B4C6E6F6D7F3G3E3B6G4B5,4.0,1.0,206.0,,,
F5D6C3D3C4F4C5B4C6E6F6D7F3G3E3B6G4B5C8,4.0,1.0,207.0,,,
F5D6C3D3C4F4C5B4C6E6F6D7F3G3E3B6G4B5C8C2,4.0,1.0,208.0,,,
F5D6C3D3C4F4C5B4C6E6F6D7F3G3E3B6G4B5C8C2B3,4.0,1.0,209.0,,,
F5D6C3D3C4F4C5B4C6E6F6D7F3G3E3B6G4B5C8C2B3A4,4.0,1.0,210.0,,,
F5D6C3D3C4F4C5B4C6E6F6D7F3G3E3B6G4B5C8C2B3A4H3,4.0,1.0,211.0,486.0,,
F5D6C3D3C4F4C5B4C6E6F6D7F3G3E3B6G4B5C8C2B3A4H3E7,3.0,1.0,212.0,,,
F5D6C3D3C4F4C5B4C6E6F6D7F3G3E3B6G4B5C8C2B3A4H3E7D8,3.0,1.0,213.0,,,
F5D6C3D3C4F4C5B4C6E6F6D7F3G3E3B6G4B5C8C2B3A4H3E7D8F8,3.0,1.0,214.0,,,
F5D6C3D3C4F4C5B4C6E6F6D7F3G3E3B6G4B5C8C2B3A4H3E7D8F8C7,3.0,1.0,215.0,553.0,,
F5D6C3D3C4F4C5B4C6E6F6D7F3G3E3B6G4B5C8C2B3A4H3E7D8F8C7D2,2.0,1.0,216.0,,,
F5D6C3D3C4F4C5B4C6E6F6D7F3G3E3B6G4B5C8C2B3A4H3E7D8F8C7D2D1,2.0,1.0,217.0,592.0,,
F5D6C3D3C4F4C5B4C6E6F6D7F3G3E3B6G4B5C8C2B3A4H3E7D8F8C7D2D1F2,1.0,1.0,,,,
F5D6C3D3C4F4C5B4C6E6F6B3E3B5F3G4A5E2H3H5F2B6A6F7,1.0,1.0,219.0,,,
F5D6C3D3C4F4C5B4C6E6F6B3E3B5F3G4A5E2H3H5F2B6A6F7E7,1.0,1.0,220.0,,,
F5D6C3D3C4F4C5B4C6E6F6B3E3B5F3G4A5E2H3H5F2B6A6F7E7C7,1.0,1.0,221.0,,,
F5D6C3D3C4F4C5B4C6E6F6B3E3B5F3G4A5E2H3H5F2B6A6F7E7C7C2,1.0,1.0,222.0,,,
F5D6C3D3C4F4C5B4C6E6F6B3E3B5F3G4A5E2H3H5F2B6A6F7E7C7C2D2,1.0,1.0,223.0,,,
F5D6C3D3C4F4C5B4C6E6F6B3E3B5F3G4A5E2H3H5F2B6A6F7E7C7C2D2C8,1.0,1.0,224.0,,,
F5D6C3D3C4F4C5B4C6E6F6B3E3B5F3G4A5E2H3H5F2B6A6F7E7C7C2D2C8G5,1.0,1.0,,,,
F5D6C3D3C4F4C5B4C6E6F6D7C7,3.0,1.0,226.0,,,
F5D6C3D3C4F4C5B4C6E6F6D7C7D2,3.0,1.0,227.0,,,
F5D6C3D3C4F4C5B4C6E6F6D7C7D2E3,3.0,1.0,228.0,638.0,,
F5D6C3D3C4F4C5B4C6E6F6D7C7D2E3F3,2.0,1.0,229.0,,,
F5D6C3D3C4F4C5B4C6E6F6D7C7D2E3F3E2,2.0,1.0,230.0,269.0,,
F5D6C3D3C4F4C5B4C6E6F6D7C7D2E3F3E2G5,1.0,5.0,231.0,1164.0,,
F5D6C3D3C4F4C5B4C6E6F6D7C7D2E3F3E2G5G6,1.0,4.0,232.0,,,
F5D6C3D3C4F4C5B4C6E6F6D7C7D2E3F3E2G5G6B3,1.0,4.0,233.0,,,
F5D6C3D3C4F4C5B4C6E6F6D7C7D2E3F3E2G5G6B3B5,1.0,4.0,234.0,,,
F5D6C3D3C4F4C5B4C6E6F6D7C7D2E3F3E2G5G6B3B5G4,1.0,4.0,235.0,1073.0,1210.0,
F5D6C3D3C4F4C5B4C6E6F6D7C7D2E3F3E2G5G6B3B5G4F7,1.0,2.0,236.0,,,
F5D6C3D3C4F4C5B4C6E6F6D7C7D2E3F3E2G5G6B3B5G4F7C2,1.0,2.0,237.0,967.0,,
F5D6C3D3C4F4C5B4C6E6F6D7C7D2E3F3E2G5G6B3B5G4F7C2A4,1.0,1.0,238.0,,,
F5D6C3D3C4F4C5B4C6E6F6D7C7D2E3F3E2G5G6B3B5G4F7C2A4E7,1.0,1.0,239.0,,,
F5D6C3D3C4F4C5B4C6E6F6D7C7D2E3F3E2G5G6B3B5G4F7C2A4E7D8,1.0,1.0,240.0,,,
F5D6C3D3C4F4C5B4C6E6F6D7C7D2E3F3E2G5G6B3B5G4F7C2A4E7D8A6,1.0,1.0,241.0,,,
F5D6C3D3C4F4C5B4C6E6F6D7C7D2E3F3E2G5G6B3B5G4F7C2A4E7D8A6A5,1.0,1.0,242.0,,,
F5D6C3D3C4F4C5B4C6E6F6D7C7D2E3F3E2G5G6B3B5G4F7C2A4E7D8A6A5A3,1.0,1.0,,,,
F5D6C3D3C4F4C5B4C6E6F6D7F3G3E3B6C8,6.0,1.0,244.0,577.0,703.0,
F5D6C3D3C4F4C5B4C6E6F6D7F3G3E3B6C8E7,1.0,3.0,245.0,,,
F5D6C3D3C4F4C5B4C6E6F6D7F3G3E3B6C8E7B5,1.0,3.0,246.0,,,
F5D6C3D3C4F4C5B4C6E6F6D7F3G3E3B6C8E7B5G5,1.0,3.0,247.0,,,
F5D6C3D3C4F4C5B4C6E6F6D7F3G3E3B6C8E7B5G5G4,1.0,3.0,248.0,,,
F5D6C3D3C4F4C5B4C6E6F6D7F3G3E3B6C8E7B5G5G4H4,1.0,3.0,249.0,483.0,,
F5D6C3D3C4F4C5B4C6E6F6D7F3G3E3B6C8E7B5G5G4H4F8,1.0,1.0,,,,
F5D6C3D3C4F4C5B4C6E6F6D2E3,6.0,1.0,251.0,493.0,,
F5D6C3D3C4F4C5B4C6E6F6D2E3B5,4.0,1.0,252.0,,,
F5D6C3D3C4F4C5B4C6E6F6D2E3B5F3,4.0,1.0,253.0,395.0,,
F5D6C3D3C4F4C5B4C6E6F6D2E3B5F3G4,3.0,1.0,254.0,,,
F5D6C3D3C4F4C5B4C6E6F6D2E3B5F3G4A3,3.0,1.0,255.0,423.0,705.0,
F5D6C3D3C4F4C5B4C6E6F6D2E3B5F3G4A3G6,1.0,1.0,256.0,,,
F5D6C3D3C4F4C5B4C6E6F6D2E3B5F3G4A3G6B6,1.0,1.0,,,,
F5D6C3D3C4F4C5B4C6E6A3B5E3F2F3A4B3G5D7,1.0,4.0,258.0,,,
F5D6C3D3C4F4C5B4C6E6A3B5E3F2F3A4B3G5D7E7,1.0,4.0,259.0,604.0,788.0,
F5D6C3D3C4F4C5B4C6E6A3B5E3F2F3A4B3G5D7E7G6,1.0,1.0,260.0,,,
F5D6C3D3C4F4C5B4C6E6A3B5E3F2F3A4B3G5D7E7G6F6,1.0,1.0,261.0,,,
F5D6C3D3C4F4C5B4C6E6A3B5E3F2F3A4B3G5D7E7G6F6G3,1.0,1.0,262.0,,,
F5D6C3D3C4F4C5B4C6E6A3B5E3F2F3A4B3G5D7E7G6F6G3B6,1.0,1.0,263.0,,,
F5D6C3D3C4F4C5B4C6E6A3B5E3F2F3A4B3G5D7E7G6F6G3B6E8,1.0,1.0,264.0,,,
F5D6C3D3C4F4C5B4C6E6A3B5E3F2F3A4B3G5D7E7G6F6G3B6E8C8,1.0,1.0,265.0,,,
F5D6C3D3C4F4C5B4C6E6A3B5E3F2F3A4B3G5D7E7G6F6G3B6E8C8H5,1.0,1.0,266.0,,,
F5D6C3D3C4F4C5B4C6E6A3B5E3F2F3A4B3G5D7E7G6F6G3B6E8C8H5G4,1.0,1.0,267.0,,,
F5D6C3D3C4F4C5B4C6E6A3B5E3F2F3A4B3G5D7E7G6F6G3B6E8C8H5G4F7,1.0,1.0,268.0,,,
F5D6C3D3C4F4C5B4C6E6A3B5E3F2F3A4B3G5D7E7G6F6G3B6E8C8H5G4F7H4,1.0,1.0,,,,
F5D6C3D3C4F4C5B4C6E6F6D7C7D2E3F3E2B3,1.0,1.0,270.0,,,
F5D6C3D3C4F4C5B4C6E6F6D7C7D2E3F3E2B3B5,1.0,1.0,,,,
F5D6C3D3C4F4C5B4C6E6F6D7F3G3E3B6E7,3.0,1.0,272.0,,,
F5D6C3D3C4F4C5B4C6E6F6D7F3G3E3B6E7C7,3.0,1.0,273.0,,,
F5D6C3D3C4F4C5B4C6E6F6D7F3G3E3B6E7C7D8,3.0,1.0,274.0,,,
F5D6C3D3C4F4C5B4C6E6F6D7F3G3E3B6E7C7D8B5,3.0,1.0,275.0,,,
F5D6C3D3C4F4C5B4C6E6F6D7F3G3E3B6E7C7D8B5C8,3.0,1.0,276.0,,,
F5D6C3D3C4F4C5B4C6E6F6D7F3G3E3B6E7C7D8B5C8F2,3.0,1.0,277.0,,,
F5D6C3D3C4F4C5B4C6E6F6D7F3G3E3B6E7C7D8B5C8F2E2,3.0,1.0,278.0,1126.0,,
F5D6C3D3C4F4C5B4C6E6F6D7F3G3E3B6E7C7D8B5C8F2E2D1,2.0,1.0,279.0,,,
F5D6C3D3C4F4C5B4C6E6F6D7F3G3E3B6E7C7D8B5C8F2E2D1A3,2.0,1.0,280.0,,,
F5D6C3D3C4F4C5B4C6E6F6D7F3G3E3B6E7C7D8B5C8F2E2D1A3A4,2.0,1.0,281.0,,,
F5D6C3D3C4F4C5B4C6E6F6D7F3G3E3B6E7C7D8B5C8F2E2D1A3A4B3,2.0,1.0,282.0,,,
F5D6C3D3C4F4C5B4C6E6F6D7F3G3E3B6E7C7D8B5C8F2E2D1A3A4B3C2,2.0,1.0,283.0,,,
F5D6C3D3C4F4C5B4C6E6F6D7F3G3E3B6E7C7D8B5C8F2E2D1A3A4B3C2E1,2.0,1.0,284.0,768.0,,
F5D6C3D3C4F4C5B4C6E6F6D7F3G3E3B6E7C7D8B5C8F2E2D1A3A4B3C2E1D2,1.0,1.0,,,,
F5D6C3D3C4F4C5B4C6E6E3B5D7F6B6E7F3B3A3D8G4C7A4H3C8G3,1.0,1.0,286.0,,,
F5D6C3D3C4F4C5B4C6E6E3B5D7F6B6E7F3B3A3D8G4C7A4H3C8G3A5,1.0,1.0,287.0,,,
F5D6C3D3C4F4C5B4C6E6E3B5D7F6B6E7F3B3A3D8G4C7A4H3C8G3A5F2,1.0,1.0,288.0,,,
F5D6C3D3C4F4C5B4C6E6E3B5D7F6B6E7F3B3A3D8G4C7A4H3C8G3A5F2G5,1.0,1.0,289.0,,,
F5D6C3D3C4F4C5B4C6E6E3B5D7F6B6E7F3B3A3D8G4C7A4H3C8G3A5F2G5G6,1.0,1.0,,,,
F5D6C3D3C4F4C5B4C6E6F6B5B3G5A3A4D2E2,1.0,5.0,291.0,,,
F5D6C3D3C4F4C5B4C6E6F6B5B3G5A3A4D2E2E3,1.0,5.0,292.0,,,
F5D6C3D3C4F4C5B4C6E6F6B5B3G5A3A4D2E2E3F7,1.0,5.0,293.0,332.0,,
F5D6C3D3C4F4C5B4C6E6F6B5B3G5A3A4D2E2E3F7E7,1.0,2.0,294.0,,,
F5D6C3D3C4F4C5B4C6E6F6B5B3G5A3A4D2E2E3F7E7F3,1.0,2.0,295.0,750.0,,
F5D6C3D3C4F4C5B4C6E6F6B5B3G5A3A4D2E2E3F7E7F3G6,2.0,1.0,296.0,1153.0,,
F5D6C3D3C4F4C5B4C6E6F6B5B3G5A3A4D2E2E3F7E7F3G6E8,1.0,1.0,297.0,,,
F5D6C3D3C4F4C5B4C6E6F6B5B3G5A3A4D2E2E3F7E7F3G6E8A6,1.0,1.0,298.0,,,
F5D6C3D3C4F4C5B4C6E6F6B5B3G5A3A4D2E2E3F7E7F3G6E8A6A5,1.0,1.0,,,,
F5D6C3D3C4F4C5B4C6E6F6B5D2E7B6C7F7E3F2E2E8G5D7C8,2.0,1.0,300.0,,,
F5D6C3D3C4F4C5B4C6E6F6B5D2E7B6C7F7E3F2E2E8G5D7C8D8,2.0,1.0,301.0,927.0,,
F5D6C3D3C4F4C5B4C6E6F6B5D2E7B6C7F7E3F2E2E8G5D7C8D8G6,1.0,2.0,302.0,,,
F5D6C3D3C4F4C5B4C6E6F6B5D2E7B6C7F7E3F2E2E8G5D7C8D8G6B8,1.0,2.0,303.0,,,
F5D6C3D3C4F4C5B4C6E6F6B5D2E7B6C7F7E3F2E2E8G5D7C8D8G6B8D1,1.0,2.0,304.0,1226.0,,
F5D6C3D3C4F4C5B4C6E6F6B5D2E7B6C7F7E3F2E2E8G5D7C8D8G6B8D1F3,2.0,1.0,305.0,1220.0,,
F5D6C3D3C4F4C5B4C6E6F6B5D2E7B6C7F7E3F2E2E8G5D7C8D8G6B8D1F3A6,1.0,1.0,,,,
F5D6C3D3C4F4C5B4C6E6F6D2A3G6G5E7D7F7E3B3,2.0,2.0,307.0,,,
F5D6C3D3C4F4C5B4C6E6F6D2A3G6G5E7D7F7E3B3E8,2.0,2.0,308.0,,,
F5D6C3D3C4F4C5B4C6E6F6D2A3G6G5E7D7F7E3B3E8B6,2.0,2.0,309.0,,,
F5D6C3D3C4F4C5B4C6E6F6D2A3G6G5E7D7F7E3B3E8B6G4,2.0,2.0,310.0,,,
F5D6C3D3C4F4C5B4C6E6F6D2A3G6G5E7D7F7E3B3E8B6G4A4,2.0,2.0,311.0,760.0,,
F5D6C3D3C4F4C5B4C6E6F6D2A3G6G5E7D7F7E3B3E8B6G4A4A5,3.0,1.0,312.0,,,
F5D6C3D3C4F4C5B4C6E6F6D2A3G6G5E7D7F7E3B3E8B6G4A4A5B5,3.0,1.0,313.0,,,
F5D6C3D3C4F4C5B4C6E6F6D2A3G6G5E7D7F7E3B3E8B6G4A4A5B5F8,3.0,1.0,314.0,1203.0,,
F5D6C3D3C4F4C5B4C6E6F6D2A3G6G5E7D7F7E3B3E8B6G4A4A5B5F8H5,1.0,1.0,,,,
F5D6C3D3C4F4C5B4C6E6E3B5G5C7,1.0,5.0,316.0,,,
F5D6C3D3C4F4C5B4C6E6E3B5G5C7F6,1.0,5.0,317.0,,,
F5D6C3D3C4F4C5B4C6E6E3B5G5C7F6B3,1.0,5.0,318.0,,,
F5D6C3D3C4F4C5B4C6E6E3B5G5C7F6B3A3,1.0,5.0,319.0,,,
F5D6C3D3C4F4C5B4C6E6E3B5G5C7F6B3A3C2,1.0,5.0,320.0,510.0,,
F5D6C3D3C4F4C5B4C6E6E3B5G5C7F6B3A3C2D2,1.0,3.0,321.0,,,
F5D6C3D3C4F4C5B4C6E6E3B5G5C7F6B3A3C2D2A4,1.0,3.0,322.0,,,
F5D6C3D3C4F4C5B4C6E6E3B5G5C7F6B3A3C2D2A4A5,1.0,3.0,323.0,,,
F5D6C3D3C4F4C5B4C6E6E3B5G5C7F6B3A3C2D2A4A5F3,1.0,3.0,324.0,687.0,,
F5D6C3D3C4F4C5B4C6E6E3B5G5C7F6B3A3C2D2A4A5F3E2,3.0,1.0,325.0,,,
F5D6C3D3C4F4C5B4C6E6E3B5G5C7F6B3A3C2D2A4A5F3E2G3,3.0,1.0,326.0,,,
F5D6C3D3C4F4C5B4C6E6E3B5G5C7F6B3A3C2D2A4A5F3E2G3A2,3.0,1.0,327.0,,,
F5D6C3D3C4F4C5B4C6E6E3B5G5C7F6B3A3C2D2A4A5F3E2G3A2C1,3.0,1.0,328.0,,,
F5D6C3D3C4F4C5B4C6E6E3B5G5C7F6B3A3C2D2A4A5F3E2G3A2C1G4,3.0,1.0,329.0,898.0,,
F5D6C3D3C4F4C5B4C6E6E3B5G5C7F6B3A3C2D2A4A5F3E2G3A2C1G4F2,2.0,1.0,330.0,,,
F5D6C3D3C4F4C5B4C6E6E3B5G5C7F6B3A3C2D2A4A5F3E2G3A2C1G4F2B6,2.0,1.0,331.0,546.0,,
F5D6C3D3C4F4C5B4C6E6E3B5G5C7F6B3A3C2D2A4A5F3E2G3A2C1G4F2B6D7,1.0,1.0,,,,
F5D6C3D3C4F4C5B4C6E6F6B5B3G5A3A4D2E2E3F7G3,1.0,3.0,333.0,,,
F5D6C3D3C4F4C5B4C6E6F6B5B3G5A3A4D2E2E3F7G3E7,1.0,3.0,334.0,,,
F5D6C3D3C4F4C5B4C6E6F6B5B3G5A3A4D2E2E3F7G3E7D7,1.0,3.0,335.0,,,
F5D6C3D3C4F4C5B4C6E6F6B5B3G5A3A4D2E2E3F7G3E7D7F3,1.0,3.0,336.0,816.0,,
F5D6C3D3C4F4C5B4C6E6F6B5B3G5A3A4D2E2E3F7G3E7D7F3A6,1.0,1.0,,,,
F5D6C3D3C4F4C5B4C6E6E3B5D7F6B6E7F3D8G4C7A4D2C2A6F8H3D1,1.0,1.0,338.0,,,
F5D6C3D3C4F4C5B4C6E6E3B5D7F6B6E7F3D8G4C7A4D2C2A6F8H3D1E8,1.0,1.0,,,,
F5D6C3D3C4F4C5B4C6E6F6B3A4,1.0,5.0,340.0,,,
F5D6C3D3C4F4C5B4C6E6F6B3A4D7,1.0,5.0,341.0,,,
F5D6C3D3C4F4C5B4C6E6F6B3A4D7D2,1.0,5.0,342.0,,,
F5D6C3D3C4F4C5B4C6E6F6B3A4D7D2A3,1.0,5.0,343.0,,,
F5D6C3D3C4F4C5B4C6E6F6B3A4D7D2A3A5,1.0,5.0,344.0,,,
F5D6C3D3C4F4C5B4C6E6F6B3A4D7D2A3A5G5,1.0,5.0,345.0,1034.0,,
F5D6C3D3C4F4C5B4C6E6F6B3A4D7D2A3A5G5A2,1.0,3.0,346.0,,,
F5D6C3D3C4F4C5B4C6E6F6B3A4D7D2A3A5G5A2B6,1.0,3.0,347.0,1090.0,,
F5D6C3D3C4F4C5B4C6E6F6B3A4D7D2A3A5G5A2B6A6,1.0,2.0,348.0,,,
F5D6C3D3C4F4C5B4C6E6F6B3A4D7D2A3A5G5A2B6A6C2,1.0,2.0,349.0,,,
F5D6C3D3C4F4C5B4C6E6F6B3A4D7D2A3A5G5A2B6A6C2C8,1.0,2.0,350.0,,,
F5D6C3D3C4F4C5B4C6E6F6B3A4D7D2A3A5G5A2B6A6C2C8E1,1.0,2.0,351.0,1116.0,,
F5D6C3D3C4F4C5B4C6E6F6B3A4D7D2A3A5G5A2B6A6C2C8E1H4,1.0,1.0,,,,
F5D6C3D3C4F4C5B4C6E6E3B5G5B6,7.0,1.0,353.0,,,
F5D6C3D3C4F4C5B4C6E6E3B5G5B6F6,7.0,1.0,354.0,,,
F5D6C3D3C4F4C5B4C6E6E3B5G5B6F6B3,7.0,1.0,355.0,,,
F5D6C3D3C4F4C5B4C6E6E3B5G5B6F6B3A3,7.0,1.0,356.0,,,
F5D6C3D3C4F4C5B4C6E6E3B5G5B6F6B3A3C2,7.0,1.0,357.0,,,
F5D6C3D3C4F4C5B4C6E6E3B5G5B6F6B3A3C2F7,7.0,1.0,358.0,718.0,769.0,
F5D6C3D3C4F4C5B4C6E6E3B5G5B6F6B3A3C2F7A4,1.0,4.0,359.0,,,
F5D6C3D3C4F4C5B4C6E6E3B5G5B6F6B3A3C2F7A4D2,1.0,4.0,360.0,,,
F5D6C3D3C4F4C5B4C6E6E3B5G5B6F6B3A3C2F7A4D2F3,1.0,4.0,361.0,,,
F5D6C3D3C4F4C5B4C6E6E3B5G5B6F6B3A3C2F7A4D2F3D7,1.0,4.0,362.0,,,
F5D6C3D3C4F4C5B4C6E6E3B5G5B6F6B3A3C2F7A4D2F3D7G4,1.0,4.0,363.0,1209.0,,
F5D6C3D3C4F4C5B4C6E6E3B5G5B6F6B3A3C2F7A4D2F3D7G4C7,1.0,3.0,364.0,,,
F5D6C3D3C4F4C5B4C6E6E3B5G5B6F6B3A3C2F7A4D2F3D7G4C7H6,1.0,3.0,365.0,1064.0,,
F5D6C3D3C4F4C5B4C6E6E3B5G5B6F6B3A3C2F7A4D2F3D7G4C7H6C1,1.0,2.0,366.0,,,
F5D6C3D3C4F4C5B4C6E6E3B5G5B6F6B3A3C2F7A4D2F3D7G4C7H6C1A2,1.0,2.0,367.0,1166.0,,
F5D6C3D3C4F4C5B4C6E6E3B5G5B6F6B3A3C2F7A4D2F3D7G4C7H6C1A2A7,1.0,1.0,368.0,,,
F5D6C3D3C4F4C5B4C6E6E3B5G5B6F6B3A3C2F7A4D2F3D7G4C7H6C1A2A7G6,1.0,1.0,,,,
F5D6C3D3C4F4C5B4C6E6E3B5D7F6B6E7F3D8A6,2.0,1.0,370.0,1123.0,,
F5D6C3D3C4F4C5B4C6E6E3B5D7F6B6E7F3D8A6A5,1.0,2.0,371.0,,,
F5D6C3D3C4F4C5B4C6E6E3B5D7F6B6E7F3D8A6A5G4,1.0,2.0,372.0,,,
F5D6C3D3C4F4C5B4C6E6E3B5D7F6B6E7F3D8A6A5G4A7,1.0,2.0,373.0,,,
F5D6C3D3C4F4C5B4C6E6E3B5D7F6B6E7F3D8A6A5G4A7C7,1.0,2.0,374.0,,,
F5D6C3D3C4F4C5B4C6E6E3B5D7F6B6E7F3D8A6A5G4A7C7B3,1.0,2.0,375.0,,,
F5D6C3D3C4F4C5B4C6E6E3B5D7F6B6E7F3D8A6A5G4A7C7B3G5,1.0,2.0,376.0,,,
F5D6C3D3C4F4C5B4C6E6E3B5D7F6B6E7F3D8A6A5G4A7C7B3G5C2,1.0,2.0,377.0,1206.0,,
F5D6C3D3C4F4C5B4C6E6E3B5D7F6B6E7F3D8A6A5G4A7C7B3G5C2F8,2.0,1.0,378.0,,,
F5D6C3D3C4F4C5B4C6E6E3B5D7F6B6E7F3D8A6A5G4A7C7B3G5C2F8E8,2.0,1.0,379.0,,,
F5D6C3D3C4F4C5B4C6E6E3B5D7F6B6E7F3D8A6A5G4A7C7B3G5C2F8E8G6,2.0,1.0,380.0,702.0,,
F5D6C3D3C4F4C5B4C6E6E3B5D7F6B6E7F3D8A6A5G4A7C7B3G5C2F8E8G6D2,1.0,1.0,,,,
F5D6C3D3C4F4C5B4C6E6F6D2A3G6E3F7G3,1.0,5.0,382.0,,,
F5D6C3D3C4F4C5B4C6E6F6D2A3G6E3F7G3G5,1.0,5.0,383.0,,,
F5D6C3D3C4F4C5B4C6E6F6D2A3G6E3F7G3G5C2,1.0,5.0,384.0,,,
F5D6C3D3C4F4C5B4C6E6F6D2A3G6E3F7G3G5C2E7,1.0,5.0,385.0,515.0,,
F5D6C3D3C4F4C5B4C6E6F6D2A3G6E3F7G3G5C2E7E1,3.0,1.0,386.0,,,
F5D6C3D3C4F4C5B4C6E6F6D2A3G6E3F7G3G5C2E7E1B3,3.0,1.0,387.0,,,
F5D6C3D3C4F4C5B4C6E6F6D2A3G6E3F7G3G5C2E7E1B3G4,3.0,1.0,388.0,,,
F5D6C3D3C4F4C5B4C6E6F6D2A3G6E3F7G3G5C2E7E1B3G4F3,3.0,1.0,389.0,,,
F5D6C3D3C4F4C5B4C6E6F6D2A3G6E3F7G3G5C2E7E1B3G4F3D7,3.0,1.0,390.0,679.0,,
F5D6C3D3C4F4C5B4C6E6F6D2A3G6E3F7G3G5C2E7E1B3G4F3D7D1,1.0,1.0,391.0,,,
F5D6C3D3C4F4C5B4C6E6F6D2A3G6E3F7G3G5C2E7E1B3G4F3D7D1C1,1.0,1.0,392.0,,,
F5D6C3D3C4F4C5B4C6E6F6D2A3G6E3F7G3G5C2E7E1B3G4F3D7D1C1H3,1.0,1.0,393.0,,,
F5D6C3D3C4F4C5B4C6E6F6D2A3G6E3F7G3G5C2E7E1B3G4F3D7D1C1H3E8,1.0,1.0,394.0,,,
F5D6C3D3C4F4C5B4C6E6F6D2A3G6E3F7G3G5C2E7E1B3G4F3D7D1C1H3E8H4,1.0,1.0,,,,
F5D6C3D3C4F4C5B4C6E6F6D2E3B5F3C7,1.0,1.0,396.0,,,
F5D6C3D3C4F4C5B4C6E6F6D2E3B5F3C7C1,1.0,1.0,397.0,,,
F5D6C3D3C4F4C5B4C6E6F6D2E3B5F3C7C1D7,1.0,1.0,398.0,,,
F5D6C3D3C4F4C5B4C6E6F6D2E3B5F3C7C1D7C2,1.0,1.0,399.0,,,
F5D6C3D3C4F4C5B4C6E6F6D2E3B5F3C7C1D7C2E1,1.0,1.0,400.0,,,
F5D6C3D3C4F4C5B4C6E6F6D2E3B5F3C7C1D7C2E1D1,1.0,1.0,401.0,,,
F5D6C3D3C4F4C5B4C6E6F6D2E3B5F3C7C1D7C2E1D1B1,1.0,1.0,402.0,,,
F5D6C3D3C4F4C5B4C6E6F6D2E3B5F3C7C1D7C2E1D1B1B3,1.0,1.0,403.0,,,
F5D6C3D3C4F4C5B4C6E6F6D2E3B5F3C7C1D7C2E1D1B1B3A4,1.0,1.0,404.0,,,
F5D6C3D3C4F4C5B4C6E6F6D2E3B5F3C7C1D7C2E1D1B1B3A4A6,1.0,1.0,405.0,,,
F5D6C3D3C4F4C5B4C6E6F6D2E3B5F3C7C1D7C2E1D1B1B3A4A6A5,1.0,1.0,406.0,,,
F5D6C3D3C4F4C5B4C6E6F6D2E3B5F3C7C1D7C2E1D1B1B3A4A6A5A3,1.0,1.0,407.0,,,
F5D6C3D3C4F4C5B4C6E6F6D2E3B5F3C7C1D7C2E1D1B1B3A4A6A5A3E2,1.0,1.0,408.0,,,
F5D6C3D3C4F4C5B4C6E6F6D2E3B5F3C7C1D7C2E1D1B1B3A4A6A5A3E2B6,1.0,1.0,409.0,,,
F5D6C3D3C4F4C5B4C6E6F6D2E3B5F3C7C1D7C2E1D1B1B3A4A6A5A3E2B6G6,1.0,1.0,,,,
F5D6C3D3C4F4C5B4C6E6F6B5B3G5A3A4D2F7F3,2.0,1.0,411.0,,,
F5D6C3D3C4F4C5B4C6E6F6B5B3G5A3A4D2F7F3D7,2.0,1.0,412.0,,,
F5D6C3D3C4F4C5B4C6E6F6B5B3G5A3A4D2F7F3D7G3,2.0,1.0,413.0,,,
F5D6C3D3C4F4C5B4C6E6F6B5B3G5A3A4D2F7F3D7G3E7,2.0,1.0,414.0,,,
F5D6C3D3C4F4C5B4C6E6F6B5B3G5A3A4D2F7F3D7G3E7G6,2.0,1.0,415.0,,,
F5D6C3D3C4F4C5B4C6E6F6B5B3G5A3A4D2F7F3D7G3E7G6E3,2.0,1.0,416.0,,,
F5D6C3D3C4F4C5B4C6E6F6B5B3G5A3A4D2F7F3D7G3E7G6E3G4,2.0,1.0,417.0,488.0,,
F5D6C3D3C4F4C5B4C6E6F6B5B3G5A3A4D2F7F3D7G3E7G6E3G4C1,1.0,1.0,,,,
F5D6C3D3C4F4C5B4C6E6E3B5D7F6B6E7F3D8G4C7A4D2C2A6E1,2.0,1.0,419.0,1179.0,,
F5D6C3D3C4F4C5B4C6E6E3B5D7F6B6E7F3D8G4C7A4D2C2A6E1H3,1.0,2.0,420.0,,,
F5D6C3D3C4F4C5B4C6E6E3B5D7F6B6E7F3D8G4C7A4D2C2A6E1H3F8,1.0,2.0,421.0,,,
F5D6C3D3C4F4C5B4C6E6E3B5D7F6B6E7F3D8G4C7A4D2C2A6E1H3F8C1,1.0,2.0,422.0,915.0,,
F5D6C3D3C4F4C5B4C6E6E3B5D7F6B6E7F3D8G4C7A4D2C2A6E1H3F8C1B3,1.0,1.0,,,,
F5D6C3D3C4F4C5B4C6E6F6D2E3B5F3G4A3B6,1.0,1.0,424.0,,,
F5D6C3D3C4F4C5B4C6E6F6D2E3B5F3G4A3B6A4,1.0,1.0,425.0,,,
F5D6C3D3C4F4C5B4C6E6F6D2E3B5F3G4A3B6A4G5,1.0,1.0,426.0,,,
F5D6C3D3C4F4C5B4C6E6F6D2E3B5F3G4A3B6A4G5C2,1.0,1.0,427.0,,,
F5D6C3D3C4F4C5B4C6E6F6D2E3B5F3G4A3B6A4G5C2D7,1.0,1.0,428.0,,,
F5D6C3D3C4F4C5B4C6E6F6D2E3B5F3G4A3B6A4G5C2D7A7,1.0,1.0,429.0,,,
F5D6C3D3C4F4C5B4C6E6F6D2E3B5F3G4A3B6A4G5C2D7A7G6,1.0,1.0,430.0,,,
F5D6C3D3C4F4C5B4C6E6F6D2E3B5F3G4A3B6A4G5C2D7A7G6C1,1.0,1.0,431.0,,,
F5D6C3D3C4F4C5B4C6E6F6D2E3B5F3G4A3B6A4G5C2D7A7G6C1D1,1.0,1.0,432.0,,,
F5D6C3D3C4F4C5B4C6E6F6D2E3B5F3G4A3B6A4G5C2D7A7G6C1D1E1,1.0,1.0,433.0,,,
F5D6C3D3C4F4C5B4C6E6F6D2E3B5F3G4A3B6A4G5C2D7A7G6C1D1E1B2,1.0,1.0,434.0,,,
F5D6C3D3C4F4C5B4C6E6F6D2E3B5F3G4A3B6A4G5C2D7A7G6C1D1E1B2B3,1.0,1.0,435.0,,,
F5D6C3D3C4F4C5B4C6E6F6D2E3B5F3G4A3B6A4G5C2D7A7G6C1D1E1B2B3F2,1.0,1.0,,,,
F5D6C3D3C4F4C5B4C6E6F6B3E3B5F3G4D2,2.0,3.0,437.0,,,
F5D6C3D3C4F4C5B4C6E6F6B3E3B5F3G4D2C2,2.0,3.0,438.0,,,
F5D6C3D3C4F4C5B4C6E6F6B3E3B5F3G4D2C2G5,2.0,3.0,439.0,,,
F5D6C3D3C4F4C5B4C6E6F6B3E3B5F3G4D2C2G5D1,2.0,3.0,440.0,,,
F5D6C3D3C4F4C5B4C6E6F6B3E3B5F3G4D2C2G5D1A5,2.0,3.0,441.0,616.0,,
F5D6C3D3C4F4C5B4C6E6F6B3E3B5F3G4D2C2G5D1A5E2,1.0,3.0,442.0,,,
F5D6C3D3C4F4C5B4C6E6F6B3E3B5F3G4D2C2G5D1A5E2A4,1.0,3.0,443.0,,,
F5D6C3D3C4F4C5B4C6E6F6B3E3B5F3G4D2C2G5D1A5E2A4A6,1.0,3.0,444.0,694.0,1020.0,
F5D6C3D3C4F4C5B4C6E6F6B3E3B5F3G4D2C2G5D1A5E2A4A6H3,1.0,1.0,445.0,,,
F5D6C3D3C4F4C5B4C6E6F6B3E3B5F3G4D2C2G5D1A5E2A4A6H3A3,1.0,1.0,,,,
F5D6C3D3C4F4C5B4C6E6F6D2A3G6G5E7D7D8,1.0,3.0,447.0,917.0,,
F5D6C3D3C4F4C5B4C6E6F6D2A3G6G5E7D7D8E2,1.0,2.0,448.0,,,
F5D6C3D3C4F4C5B4C6E6F6D2A3G6G5E7D7D8E2C2,1.0,2.0,449.0,,,
F5D6C3D3C4F4C5B4C6E6F6D2A3G6G5E7D7D8E2C2F8,1.0,2.0,450.0,,,
F5D6C3D3C4F4C5B4C6E6F6D2A3G6G5E7D7D8E2C2F8B3,1.0,2.0,451.0,,,
F5D6C3D3C4F4C5B4C6E6F6D2A3G6G5E7D7D8E2C2F8B3G3,1.0,2.0,452.0,,,
F5D6C3D3C4F4C5B4C6E6F6D2A3G6G5E7D7D8E2C2F8B3G3E8,1.0,2.0,453.0,,,
F5D6C3D3C4F4C5B4C6E6F6D2A3G6G5E7D7D8E2C2F8B3G3E8F3,1.0,2.0,454.0,,,
F5D6C3D3C4F4C5B4C6E6F6D2A3G6G5E7D7D8E2C2F8B3G3E8F3E3,1.0,2.0,455.0,549.0,,
F5D6C3D3C4F4C5B4C6E6F6D2A3G6G5E7D7D8E2C2F8B3G3E8F3E3F7,1.0,1.0,,,,
F5D6C3D3C4F4C5B4C6E6F6B3E3B5F3C7,2.0,5.0,457.0,,,
F5D6C3D3C4F4C5B4C6E6F6B3E3B5F3C7D2,2.0,5.0,458.0,527.0,,
F5D6C3D3C4F4C5B4C6E6F6B3E3B5F3C7D2E7,1.0,7.0,459.0,667.0,,
F5D6C3D3C4F4C5B4C6E6F6B3E3B5F3C7D2E7E8,1.0,4.0,460.0,,,
F5D6C3D3C4F4C5B4C6E6F6B3E3B5F3C7D2E7E8D1,1.0,4.0,461.0,1081.0,,
F5D6C3D3C4F4C5B4C6E6F6B3E3B5F3C7D2E7E8D1A4,1.0,3.0,462.0,,,
F5D6C3D3C4F4C5B4C6E6F6B3E3B5F3C7D2E7E8D1A4A3,1.0,3.0,463.0,1107.0,,
F5D6C3D3C4F4C5B4C6E6F6B3E3B5F3C7D2E7E8D1A4A3A6,1.0,2.0,464.0,,,
F5D6C3D3C4F4C5B4C6E6F6B3E3B5F3C7D2E7E8D1A4A3A6G4,1.0,2.0,465.0,884.0,,
F5D6C3D3C4F4C5B4C6E6F6B3E3B5F3C7D2E7E8D1A4A3A6G4G3,1.0,1.0,,,,
F5D6C3D3C4F4C5B4C6E6E3B5D7F6B6E7F3D8G4C7A4H3,1.0,3.0,467.0,,,
F5D6C3D3C4F4C5B4C6E6E3B5D7F6B6E7F3D8G4C7A4H3H5,1.0,3.0,468.0,,,
F5D6C3D3C4F4C5B4C6E6E3B5D7F6B6E7F3D8G4C7A4H3H5D2,1.0,3.0,469.0,,,
F5D6C3D3C4F4C5B4C6E6E3B5D7F6B6E7F3D8G4C7A4H3H5D2E2,1.0,3.0,470.0,,,
F5D6C3D3C4F4C5B4C6E6E3B5D7F6B6E7F3D8G4C7A4H3H5D2E2C2,1.0,3.0,471.0,,,
F5D6C3D3C4F4C5B4C6E6E3B5D7F6B6E7F3D8G4C7A4H3H5D2E2C2B3,1.0,3.0,472.0,,,
F5D6C3D3C4F4C5B4C6E6E3B5D7F6B6E7F3D8G4C7A4H3H5D2E2C2B3A6,1.0,3.0,473.0,547.0,590.0,
F5D6C3D3C4F4C5B4C6E6E3B5D7F6B6E7F3D8G4C7A4H3H5D2E2C2B3A6F8,2.0,1.0,474.0,1097.0,,
F5D6C3D3C4F4C5B4C6E6E3B5D7F6B6E7F3D8G4C7A4H3H5D2E2C2B3A6F8G3,1.0,1.0,,,,
F5D6C3D3C4F4C5B4C6E6E3B5D7F6B6E7F3D8G4C7A4D2E2H3E1,2.0,1.0,476.0,1136.0,,
F5D6C3D3C4F4C5B4C6E6E3B5D7F6B6E7F3D8G4C7A4D2E2H3E1A6,1.0,2.0,477.0,637.0,,
F5D6C3D3C4F4C5B4C6E6E3B5D7F6B6E7F3D8G4C7A4D2E2H3E1A6F8,1.0,1.0,478.0,,,
F5D6C3D3C4F4C5B4C6E6E3B5D7F6B6E7F3D8G4C7A4D2E2H3E1A6F8E8,1.0,1.0,,,,
F5D6C3D3C4F4C5B4C6E6E3B5D7F6B6E7F3D8G4C7A4D2C2A6F8H3C1,1.0,1.0,480.0,,,
F5D6C3D3C4F4C5B4C6E6E3B5D7F6B6E7F3D8G4C7A4D2C2A6F8H3C1E8,1.0,1.0,,,,
F5D6C3D3C4F4C5B4C6E6A3B5E3F2F3A4B3G5G6G3F6D7H4G4H5,1.0,1.0,,,,
F5D6C3D3C4F4C5B4C6E6E3B5D7F6B6E7F3B3A3D8G4C7A4H3C8A5H5,1.0,1.0,,,,
F5D6C3D3C4F4C5B4C6E6F6D7F3G3E3B6C8E7B5G5G4H4H6,1.0,2.0,484.0,,,
F5D6C3D3C4F4C5B4C6E6F6D7F3G3E3B6C8E7B5G5G4H4H6F7,1.0,2.0,485.0,540.0,,
F5D6C3D3C4F4C5B4C6E6F6D7F3G3E3B6C8E7B5G5G4H4H6F7C7,1.0,1.0,,,,
F5D6C3D3C4F4C5B4C6E6F6D7F3G3E3B6G4B5C8C2B3A4H3E8,1.0,1.0,,,,
F5D6C3D3C4F4C5B4C6E6E3B5G5B3F3C2B6D2A5F2E2G6F1H5A4A3E1G4D1B2,1.0,1.0,,,,
F5D6C3D3C4F4C5B4C6E6F6B5B3G5A3A4D2F7F3D7G3E7G6E3G4E2,1.0,1.0,489.0,,,
F5D6C3D3C4F4C5B4C6E6F6B5B3G5A3A4D2F7F3D7G3E7G6E3G4E2C2,1.0,1.0,490.0,,,
F5D6C3D3C4F4C5B4C6E6F6B5B3G5A3A4D2F7F3D7G3E7G6E3G4E2C2F2,1.0,1.0,491.0,,,
F5D6C3D3C4F4C5B4C6E6F6B5B3G5A3A4D2F7F3D7G3E7G6E3G4E2C2F2E1,1.0,1.0,492.0,,,
F5D6C3D3C4F4C5B4C6E6F6B5B3G5A3A4D2F7F3D7G3E7G6E3G4E2C2F2E1H3,1.0,1.0,,,,
F5D6C3D3C4F4C5B4C6E6F6D2E3F3,2.0,2.0,494.0,,,
F5D6C3D3C4F4C5B4C6E6F6D2E3F3E2,2.0,2.0,495.0,,,
F5D6C3D3C4F4C5B4C6E6F6D2E3F3E2D7,2.0,2.0,496.0,653.0,,
F5D6C3D3C4F4C5B4C6E6F6D2E3F3E2D7C1,3.0,1.0,497.0,1066.0,,
F5D6C3D3C4F4C5B4C6E6F6D2E3F3E2D7C1E1,2.0,1.0,498.0,,,
F5D6C3D3C4F4C5B4C6E6F6D2E3F3E2D7C1E1E7,2.0,1.0,499.0,,,
F5D6C3D3C4F4C5B4C6E6F6D2E3F3E2D7C1E1E7D1,2.0,1.0,500.0,,,
F5D6C3D3C4F4C5B4C6E6F6D2E3F3E2D7C1E1E7D1F1,2.0,1.0,501.0,,,
F5D6C3D3C4F4C5B4C6E6F6D2E3F3E2D7C1E1E7D1F1F2,2.0,1.0,502.0,,,
F5D6C3D3C4F4C5B4C6E6F6D2E3F3E2D7C1E1E7D1F1F2G1,2.0,1.0,503.0,,,
F5D6C3D3C4F4C5B4C6E6F6D2E3F3E2D7C1E1E7D1F1F2G1G5,2.0,1.0,504.0,,,
F5D6C3D3C4F4C5B4C6E6F6D2E3F3E2D7C1E1E7D1F1F2G1G5H5,2.0,1.0,505.0,,,
F5D6C3D3C4F4C5B4C6E6F6D2E3F3E2D7C1E1E7D1F1F2G1G5H5B5,2.0,1.0,506.0,,,
F5D6C3D3C4F4C5B4C6E6F6D2E3F3E2D7C1E1E7D1F1F2G1G5H5B5B6,2.0,1.0,507.0,,,
F5D6C3D3C4F4C5B4C6E6F6D2E3F3E2D7C1E1E7D1F1F2G1G5H5B5B6G6,2.0,1.0,508.0,,,
F5D6C3D3C4F4C5B4C6E6F6D2E3F3E2D7C1E1E7D1F1F2G1G5H5B5B6G6E8,2.0,1.0,509.0,625.0,,
F5D6C3D3C4F4C5B4C6E6F6D2E3F3E2D7C1E1E7D1F1F2G1G5H5B5B6G6E8G4,1.0,1.0,,,,
F5D6C3D3C4F4C5B4C6E6E3B5G5C7F6B3A3C2A5,2.0,2.0,511.0,,,
F5D6C3D3C4F4C5B4C6E6E3B5G5C7F6B3A3C2A5E2,2.0,2.0,512.0,,,
F5D6C3D3C4F4C5B4C6E6E3B5G5C7F6B3A3C2A5E2A4,2.0,2.0,513.0,922.0,,
F5D6C3D3C4F4C5B4C6E6E3B5G5C7F6B3A3C2A5E2A4B6,1.0,2.0,514.0,958.0,,
F5D6C3D3C4F4C5B4C6E6E3B5G5C7F6B3A3C2A5E2A4B6A6,1.0,1.0,,,,
F5D6C3D3C4F4C5B4C6E6F6D2A3G6E3F7G3G5C2E7D1,1.0,4.0,516.0,,,
F5D6C3D3C4F4C5B4C6E6F6D2A3G6E3F7G3G5C2E7D1B3,1.0,4.0,517.0,,,
F5D6C3D3C4F4C5B4C6E6F6D2A3G6E3F7G3G5C2E7D1B3A4,1.0,4.0,518.0,,,
F5D6C3D3C4F4C5B4C6E6F6D2A3G6E3F7G3G5C2E7D1B3A4D7,1.0,4.0,519.0,969.0,,
F5D6C3D3C4F4C5B4C6E6F6D2A3G6E3F7G3G5C2E7D1B3A4D7D8,1.0,3.0,520.0,,,
F5D6C3D3C4F4C5B4C6E6F6D2A3G6E3F7G3G5C2E7D1B3A4D7D8B1,1.0,3.0,521.0,,,
F5D6C3D3C4F4C5B4C6E6F6D2A3G6E3F7G3G5C2E7D1B3A4D7D8B1F3,1.0,3.0,522.0,,,
F5D6C3D3C4F4C5B4C6E6F6D2A3G6E3F7G3G5C2E7D1B3A4D7D8B1F3F2,1.0,3.0,523.0,830.0,837.0,
F5D6C3D3C4F4C5B4C6E6F6D2A3G6E3F7G3G5C2E7D1B3A4D7D8B1F3F2C1,1.0,1.0,524.0,,,
F5D6C3D3C4F4C5B4C6E6F6D2A3G6E3F7G3G5C2E7D1B3A4D7D8B1F3F2C1E1,1.0,1.0,,,,
F5D6C3D3C4F4C5B4C6E6F6B5B3G5A3A4D2F7A6A5B6C7F3E3E7G3G4H5,1.0,1.0,526.0,,,
F5D6C3D3C4F4C5B4C6E6F6B5B3G5A3A4D2F7A6A5B6C7F3E3E7G3G4H5G6,1.0,1.0,,,,
F5D6C3D3C4F4C5B4C6E6F6B3E3B5F3C7D2E2,1.0,5.0,528.0,,,
F5D6C3D3C4F4C5B4C6E6F6B3E3B5F3C7D2E2C2,1.0,5.0,529.0,,,
F5D6C3D3C4F4C5B4C6E6F6B3E3B5F3C7D2E2C2C1,1.0,5.0,530.0,1143.0,,
F5D6C3D3C4F4C5B4C6E6F6B3E3B5F3C7D2E2C2C1F1,1.0,4.0,531.0,,,
F5D6C3D3C4F4C5B4C6E6F6B3E3B5F3C7D2E2C2C1F1E7,1.0,4.0,532.0,,,
F5D6C3D3C4F4C5B4C6E6F6B3E3B5F3C7D2E2C2C1F1E7D7,1.0,4.0,533.0,,,
F5D6C3D3C4F4C5B4C6E6F6B3E3B5F3C7D2E2C2C1F1E7D7E8,1.0,4.0,534.0,,,
F5D6C3D3C4F4C5B4C6E6F6B3E3B5F3C7D2E2C2C1F1E7D7E8F8,1.0,4.0,535.0,,,
F5D6C3D3C4F4C5B4C6E6F6B3E3B5F3C7D2E2C2C1F1E7D7E8F8F7,1.0,4.0,536.0,911.0,1075.0,
F5D6C3D3C4F4C5B4C6E6F6B3E3B5F3C7D2E2C2C1F1E7D7E8F8F7A4,1.0,2.0,537.0,,,
F5D6C3D3C4F4C5B4C6E6F6B3E3B5F3C7D2E2C2C1F1E7D7E8F8F7A4A3,1.0,2.0,538.0,1041.0,,
F5D6C3D3C4F4C5B4C6E6F6B3E3B5F3C7D2E2C2C1F1E7D7E8F8F7A4A3A6,1.0,1.0,539.0,,,
F5D6C3D3C4F4C5B4C6E6F6B3E3B5F3C7D2E2C2C1F1E7D7E8F8F7A4A3A6D1,1.0,1.0,,,,
F5D6C3D3C4F4C5B4C6E6F6D7F3G3E3B6C8E7B5G5G4H4H6F7H5,2.0,1.0,541.0,554.0,,
F5D6C3D3C4F4C5B4C6E6F6D7F3G3E3B6C8E7B5G5G4H4H6F7H5H3,1.0,1.0,542.0,,,
F5D6C3D3C4F4C5B4C6E6F6D7F3G3E3B6C8E7B5G5G4H4H6F7H5H3G6,1.0,1.0,543.0,,,
F5D6C3D3C4F4C5B4C6E6F6D7F3G3E3B6C8E7B5G5G4H4H6F7H5H3G6A5,1.0,1.0,544.0,,,
F5D6C3D3C4F4C5B4C6E6F6D7F3G3E3B6C8E7B5G5G4H4H6F7H5H3G6A5D8,1.0,1.0,545.0,,,
F5D6C3D3C4F4C5B4C6E6F6D7F3G3E3B6C8E7B5G5G4H4H6F7H5H3G6A5D8F8,1.0,1.0,,,,
F5D6C3D3C4F4C5B4C6E6E3B5G5C7F6B3A3C2D2A4A5F3E2G3A2C1G4F2B6G6,1.0,1.0,,,,
F5D6C3D3C4F4C5B4C6E6E3B5D7F6B6E7F3D8G4C7A4H3H5D2E2C2B3A6G6,1.0,1.0,548.0,,,
F5D6C3D3C4F4C5B4C6E6E3B5D7F6B6E7F3D8G4C7A4H3H5D2E2C2B3A6G6A5,1.0,1.0,,,,
F5D6C3D3C4F4C5B4C6E6F6D2A3G6G5E7D7D8E2C2F8B3G3E8F3E3B5,2.0,1.0,550.0,,,
F5D6C3D3C4F4C5B4C6E6F6D2A3G6G5E7D7D8E2C2F8B3G3E8F3E3B5F2,2.0,1.0,551.0,,,
F5D6C3D3C4F4C5B4C6E6F6D2A3G6G5E7D7D8E2C2F8B3G3E8F3E3B5F2C8,2.0,1.0,552.0,1065.0,,
F5D6C3D3C4F4C5B4C6E6F6D2A3G6G5E7D7D8E2C2F8B3G3E8F3E3B5F2C8H6,1.0,1.0,,,,
F5D6C3D3C4F4C5B4C6E6F6D7F3G3E3B6G4B5C8C2B3A4H3E7D8F8C7E8,1.0,1.0,,,,
F5D6C3D3C4F4C5B4C6E6F6D7F3G3E3B6C8E7B5G5G4H4H6F7H5D8,1.0,1.0,555.0,,,
F5D6C3D3C4F4C5B4C6E6F6D7F3G3E3B6C8E7B5G5G4H4H6F7H5D8C7,1.0,1.0,556.0,,,
F5D6C3D3C4F4C5B4C6E6F6D7F3G3E3B6C8E7B5G5G4H4H6F7H5D8C7A5,1.0,1.0,,,,
F5D6C3D3C4F4C5B4C6E6E3B5G5B3F3C2B6D7,1.0,2.0,558.0,1236.0,,
F5D6C3D3C4F4C5B4C6E6E3B5G5B3F3C2B6D7A6,5.0,1.0,559.0,1059.0,,
F5D6C3D3C4F4C5B4C6E6E3B5G5B3F3C2B6D7A6D2,4.0,1.0,560.0,,,
F5D6C3D3C4F4C5B4C6E6E3B5G5B3F3C2B6D7A6D2E2,4.0,1.0,561.0,765.0,,
F5D6C3D3C4F4C5B4C6E6E3B5G5B3F3C2B6D7A6D2E2A5,1.0,1.0,,,,
F5D6C3D3C4F4C5B4C6E6F6B3E3B5F3G4A5E2H3A6,1.0,3.0,563.0,,,
F5D6C3D3C4F4C5B4C6E6F6B3E3B5F3G4A5E2H3A6A7,1.0,3.0,564.0,,,
F5D6C3D3C4F4C5B4C6E6F6B3E3B5F3G4A5E2H3A6A7B6,1.0,3.0,565.0,727.0,,
F5D6C3D3C4F4C5B4C6E6F6B3E3B5F3G4A5E2H3A6A7B6G3,2.0,1.0,566.0,,,
F5D6C3D3C4F4C5B4C6E6F6B3E3B5F3G4A5E2H3A6A7B6G3C7,2.0,1.0,567.0,,,
F5D6C3D3C4F4C5B4C6E6F6B3E3B5F3G4A5E2H3A6A7B6G3C7A4,2.0,1.0,568.0,,,
F5D6C3D3C4F4C5B4C6E6F6B3E3B5F3G4A5E2H3A6A7B6G3C7A4E7,2.0,1.0,569.0,,,
F5D6C3D3C4F4C5B4C6E6F6B3E3B5F3G4A5E2H3A6A7B6G3C7A4E7F2,2.0,1.0,570.0,575.0,,
F5D6C3D3C4F4C5B4C6E6F6B3E3B5F3G4A5E2H3A6A7B6G3C7A4E7F2G5,1.0,1.0,,,,
F5D6C3D3C4F4C5B4C6E6E3B5D7F6B6E7F3D8G4C7A4D2C2E2,1.0,1.0,572.0,,,
F5D6C3D3C4F4C5B4C6E6E3B5D7F6B6E7F3D8G4C7A4D2C2E2D1,1.0,1.0,573.0,,,
F5D6C3D3C4F4C5B4C6E6E3B5D7F6B6E7F3D8G4C7A4D2C2E2D1C1,1.0,1.0,574.0,,,
F5D6C3D3C4F4C5B4C6E6E3B5D7F6B6E7F3D8G4C7A4D2C2E2D1C1E1,1.0,1.0,,,,
F5D6C3D3C4F4C5B4C6E6F6B3E3B5F3G4A5E2H3A6A7B6G3C7A4E7F2H4,1.0,2.0,576.0,1162.0,,
F5D6C3D3C4F4C5B4C6E6F6B3E3B5F3G4A5E2H3A6A7B6G3C7A4E7F2H4G5,1.0,1.0,,,,
F5D6C3D3C4F4C5B4C6E6F6D7F3G3E3B6C8B5,4.0,1.0,578.0,,,
F5D6C3D3C4F4C5B4C6E6F6D7F3G3E3B6C8B5G4,4.0,1.0,579.0,,,
F5D6C3D3C4F4C5B4C6E6F6D7F3G3E3B6C8B5G4C2,4.0,1.0,580.0,,,
F5D6C3D3C4F4C5B4C6E6F6D7F3G3E3B6C8B5G4C2B3,4.0,1.0,581.0,,,
F5D6C3D3C4F4C5B4C6E6F6D7F3G3E3B6C8B5G4C2B3A4,4.0,1.0,582.0,,,
F5D6C3D3C4F4C5B4C6E6F6D7F3G3E3B6C8B5G4C2B3A4H3,4.0,1.0,583.0,701.0,,
F5D6C3D3C4F4C5B4C6E6F6D7F3G3E3B6C8B5G4C2B3A4H3E7,3.0,1.0,584.0,,,
F5D6C3D3C4F4C5B4C6E6F6D7F3G3E3B6C8B5G4C2B3A4H3E7D8,3.0,1.0,585.0,,,
F5D6C3D3C4F4C5B4C6E6F6D7F3G3E3B6C8B5G4C2B3A4H3E7D8F8,3.0,1.0,586.0,,,
F5D6C3D3C4F4C5B4C6E6F6D7F3G3E3B6C8B5G4C2B3A4H3E7D8F8C7,3.0,1.0,587.0,921.0,,
F5D6C3D3C4F4C5B4C6E6F6D7F3G3E3B6C8B5G4C2B3A4H3E7D8F8C7D2,2.0,1.0,588.0,,,
F5D6C3D3C4F4C5B4C6E6F6D7F3G3E3B6C8B5G4C2B3A4H3E7D8F8C7D2D1,2.0,1.0,589.0,1248.0,,
F5D6C3D3C4F4C5B4C6E6F6D7F3G3E3B6C8B5G4C2B3A4H3E7D8F8C7D2D1F2,1.0,1.0,,,,
F5D6C3D3C4F4C5B4C6E6E3B5D7F6B6E7F3D8G4C7A4H3H5D2E2C2B3A6E1,1.0,1.0,591.0,,,
F5D6C3D3C4F4C5B4C6E6E3B5D7F6B6E7F3D8G4C7A4H3H5D2E2C2B3A6E1D1,1.0,1.0,,,,
F5D6C3D3C4F4C5B4C6E6F6D7F3G3E3B6G4B5C8C2B3A4H3E7D8F8C7D2D1E8,1.0,1.0,,,,
F5D6C3D3C4F4C5B4C6E6F6B5B3G5A3A4D2F7G3E3,1.0,3.0,594.0,735.0,,
F5D6C3D3C4F4C5B4C6E6F6B5B3G5A3A4D2F7G3E3A6,2.0,2.0,595.0,,,
F5D6C3D3C4F4C5B4C6E6F6B5B3G5A3A4D2F7G3E3A6A5,2.0,2.0,596.0,,,
F5D6C3D3C4F4C5B4C6E6F6B5B3G5A3A4D2F7G3E3A6A5B6,2.0,2.0,597.0,,,
F5D6C3D3C4F4C5B4C6E6F6B5B3G5A3A4D2F7G3E3A6A5B6D7,2.0,2.0,598.0,831.0,,
F5D6C3D3C4F4C5B4C6E6F6B5B3G5A3A4D2F7G3E3A6A5B6D7D8,3.0,1.0,599.0,,,
F5D6C3D3C4F4C5B4C6E6F6B5B3G5A3A4D2F7G3E3A6A5B6D7D8C7,3.0,1.0,600.0,,,
F5D6C3D3C4F4C5B4C6E6F6B5B3G5A3A4D2F7G3E3A6A5B6D7D8C7F2,3.0,1.0,601.0,893.0,,
F5D6C3D3C4F4C5B4C6E6F6B5B3G5A3A4D2F7G3E3A6A5B6D7D8C7F2C8,2.0,1.0,602.0,,,
F5D6C3D3C4F4C5B4C6E6F6B5B3G5A3A4D2F7G3E3A6A5B6D7D8C7F2C8F3,2.0,1.0,603.0,636.0,,
F5D6C3D3C4F4C5B4C6E6F6B5B3G5A3A4D2F7G3E3A6A5B6D7D8C7F2C8F3E8,1.0,1.0,,,,
F5D6C3D3C4F4C5B4C6E6A3B5E3F2F3A4B3G5D7E7F6,2.0,1.0,605.0,,,
F5D6C3D3C4F4C5B4C6E6A3B5E3F2F3A4B3G5D7E7F6G4,2.0,1.0,606.0,,,
F5D6C3D3C4F4C5B4C6E6A3B5E3F2F3A4B3G5D7E7F6G4H4,2.0,1.0,607.0,682.0,,
F5D6C3D3C4F4C5B4C6E6A3B5E3F2F3A4B3G5D7E7F6G4H4H5,1.0,3.0,608.0,,,
F5D6C3D3C4F4C5B4C6E6A3B5E3F2F3A4B3G5D7E7F6G4H4H5A5,1.0,3.0,609.0,,,
F5D6C3D3C4F4C5B4C6E6A3B5E3F2F3A4B3G5D7E7F6G4H4H5A5D8,1.0,3.0,610.0,614.0,1061.0,
F5D6C3D3C4F4C5B4C6E6A3B5E3F2F3A4B3G5D7E7F6G4H4H5A5D8H6,1.0,1.0,611.0,,,
F5D6C3D3C4F4C5B4C6E6A3B5E3F2F3A4B3G5D7E7F6G4H4H5A5D8H6B6,1.0,1.0,612.0,,,
F5D6C3D3C4F4C5B4C6E6A3B5E3F2F3A4B3G5D7E7F6G4H4H5A5D8H6B6C7,1.0,1.0,613.0,,,
F5D6C3D3C4F4C5B4C6E6A3B5E3F2F3A4B3G5D7E7F6G4H4H5A5D8H6B6C7D2,1.0,1.0,,,,
F5D6C3D3C4F4C5B4C6E6A3B5E3F2F3A4B3G5D7E7F6G4H4H5A5D8H3,2.0,1.0,615.0,1157.0,,
F5D6C3D3C4F4C5B4C6E6A3B5E3F2F3A4B3G5D7E7F6G4H4H5A5D8H3H2,1.0,1.0,,,,
F5D6C3D3C4F4C5B4C6E6F6B3E3B5F3G4D2C2G5D1A5B6,1.0,3.0,617.0,,,
F5D6C3D3C4F4C5B4C6E6F6B3E3B5F3G4D2C2G5D1A5B6A6,1.0,3.0,618.0,,,
F5D6C3D3C4F4C5B4C6E6F6B3E3B5F3G4D2C2G5D1A5B6A6E2,1.0,3.0,619.0,,,
F5D6C3D3C4F4C5B4C6E6F6B3E3B5F3G4D2C2G5D1A5B6A6E2A4,1.0,3.0,620.0,,,
F5D6C3D3C4F4C5B4C6E6F6B3E3B5F3G4D2C2G5D1A5B6A6E2A4E7,1.0,3.0,621.0,1142.0,,
F5D6C3D3C4F4C5B4C6E6F6B3E3B5F3G4D2C2G5D1A5B6A6E2A4E7D7,1.0,2.0,622.0,,,
F5D6C3D3C4F4C5B4C6E6F6B3E3B5F3G4D2C2G5D1A5B6A6E2A4E7D7G3,1.0,2.0,623.0,700.0,,
F5D6C3D3C4F4C5B4C6E6F6B3E3B5F3G4D2C2G5D1A5B6A6E2A4E7D7G3H4,1.0,1.0,624.0,,,
F5D6C3D3C4F4C5B4C6E6F6B3E3B5F3G4D2C2G5D1A5B6A6E2A4E7D7G3H4H6,1.0,1.0,,,,
F5D6C3D3C4F4C5B4C6E6F6D2E3F3E2D7C1E1E7D1F1F2G1G5H5B5B6G6E8H6,1.0,1.0,,,,
F5D6C3D3C4F4C5B4C6E6A3B5E3F2F3A4B3G5G6G3H6,1.0,3.0,627.0,,,
F5D6C3D3C4F4C5B4C6E6A3B5E3F2F3A4B3G5G6G3H6F6,1.0,3.0,628.0,,,
F5D6C3D3C4F4C5B4C6E6A3B5E3F2F3A4B3G5G6G3H6F6G4,1.0,3.0,629.0,,,
F5D6C3D3C4F4C5B4C6E6A3B5E3F2F3A4B3G5G6G3H6F6G4H3,1.0,3.0,630.0,844.0,858.0,
F5D6C3D3C4F4C5B4C6E6A3B5E3F2F3A4B3G5G6G3H6F6G4H3C7,2.0,1.0,631.0,,,
F5D6C3D3C4F4C5B4C6E6A3B5E3F2F3A4B3G5G6G3H6F6G4H3C7E7,2.0,1.0,632.0,,,
F5D6C3D3C4F4C5B4C6E6A3B5E3F2F3A4B3G5G6G3H6F6G4H3C7E7D7,2.0,1.0,633.0,1070.0,,
F5D6C3D3C4F4C5B4C6E6A3B5E3F2F3A4B3G5G6G3H6F6G4H3C7E7D7H4,1.0,2.0,634.0,1140.0,,
F5D6C3D3C4F4C5B4C6E6A3B5E3F2F3A4B3G5G6G3H6F6G4H3C7E7D7H4F8,1.0,1.0,635.0,,,
F5D6C3D3C4F4C5B4C6E6A3B5E3F2F3A4B3G5G6G3H6F6G4H3C7E7D7H4F8B6,1.0,1.0,,,,
F5D6C3D3C4F4C5B4C6E6F6B5B3G5A3A4D2F7G3E3A6A5B6D7D8C7F2C8F3E2,1.0,1.0,,,,
F5D6C3D3C4F4C5B4C6E6E3B5D7F6B6E7F3D8G4C7A4D2E2H3E1A6H5,1.0,1.0,,,,
F5D6C3D3C4F4C5B4C6E6F6D7C7D2E3B3,1.0,2.0,639.0,,,
F5D6C3D3C4F4C5B4C6E6F6D7C7D2E3B3F3,1.0,2.0,640.0,,,
F5D6C3D3C4F4C5B4C6E6F6D7C7D2E3B3F3B5,1.0,2.0,641.0,786.0,,
F5D6C3D3C4F4C5B4C6E6F6D7C7D2E3B3F3B5C8,3.0,1.0,642.0,,,
F5D6C3D3C4F4C5B4C6E6F6D7C7D2E3B3F3B5C8E8,3.0,1.0,643.0,,,
F5D6C3D3C4F4C5B4C6E6F6D7C7D2E3B3F3B5C8E8A5,3.0,1.0,644.0,,,
F5D6C3D3C4F4C5B4C6E6F6D7C7D2E3B3F3B5C8E8A5E7,3.0,1.0,645.0,,,
F5D6C3D3C4F4C5B4C6E6F6D7C7D2E3B3F3B5C8E8A5E7A4,3.0,1.0,646.0,,,
F5D6C3D3C4F4C5B4C6E6F6D7C7D2E3B3F3B5C8E8A5E7A4A3,3.0,1.0,647.0,,,
F5D6C3D3C4F4C5B4C6E6F6D7C7D2E3B3F3B5C8E8A5E7A4A3A2,3.0,1.0,648.0,,,
F5D6C3D3C4F4C5B4C6E6F6D7C7D2E3B3F3B5C8E8A5E7A4A3A2B6,3.0,1.0,649.0,,,
F5D6C3D3C4F4C5B4C6E6F6D7C7D2E3B3F3B5C8E8A5E7A4A3A2B6C1,3.0,1.0,650.0,1026.0,,
F5D6C3D3C4F4C5B4C6E6F6D7C7D2E3B3F3B5C8E8A5E7A4A3A2B6C1F2,2.0,1.0,651.0,,,
F5D6C3D3C4F4C5B4C6E6F6D7C7D2E3B3F3B5C8E8A5E7A4A3A2B6C1F2A6,2.0,1.0,652.0,1188.0,,
F5D6C3D3C4F4C5B4C6E6F6D7C7D2E3B3F3B5C8E8A5E7A4A3A2B6C1F2A6G3,1.0,1.0,,,,
F5D6C3D3C4F4C5B4C6E6F6D2E3F3E2D7E7,2.0,1.0,654.0,,,
F5D6C3D3C4F4C5B4C6E6F6D2E3F3E2D7E7G6,2.0,1.0,655.0,,,
F5D6C3D3C4F4C5B4C6E6F6D2E3F3E2D7E7G6G5,2.0,1.0,656.0,,,
F5D6C3D3C4F4C5B4C6E6F6D2E3F3E2D7E7G6G5B3,2.0,1.0,657.0,,,
F5D6C3D3C4F4C5B4C6E6F6D2E3F3E2D7E7G6G5B3C1,2.0,1.0,658.0,,,
F5D6C3D3C4F4C5B4C6E6F6D2E3F3E2D7E7G6G5B3C1F1,2.0,1.0,659.0,,,
F5D6C3D3C4F4C5B4C6E6F6D2E3F3E2D7E7G6G5B3C1F1E1,2.0,1.0,660.0,,,
F5D6C3D3C4F4C5B4C6E6F6D2E3F3E2D7E7G6G5B3C1F1E1F2,2.0,1.0,661.0,,,
F5D6C3D3C4F4C5B4C6E6F6D2E3F3E2D7E7G6G5B3C1F1E1F2B5,2.0,1.0,662.0,,,
F5D6C3D3C4F4C5B4C6E6F6D2E3F3E2D7E7G6G5B3C1F1E1F2B5H5,2.0,1.0,663.0,,,
F5D6C3D3C4F4C5B4C6E6F6D2E3F3E2D7E7G6G5B3C1F1E1F2B5H5G4,2.0,1.0,664.0,,,
F5D6C3D3C4F4C5B4C6E6F6D2E3F3E2D7E7G6G5B3C1F1E1F2B5H5G4H4,2.0,1.0,665.0,,,
F5D6C3D3C4F4C5B4C6E6F6D2E3F3E2D7E7G6G5B3C1F1E1F2B5H5G4H4H3,2.0,1.0,666.0,875.0,,
F5D6C3D3C4F4C5B4C6E6F6D2E3F3E2D7E7G6G5B3C1F1E1F2B5H5G4H4H3H2,1.0,1.0,,,,
F5D6C3D3C4F4C5B4C6E6F6B3E3B5F3C7D2E7D7,1.0,3.0,668.0,,,
F5D6C3D3C4F4C5B4C6E6F6B3E3B5F3C7D2E7D7F7,1.0,3.0,669.0,,,
F5D6C3D3C4F4C5B4C6E6F6B3E3B5F3C7D2E7D7F7E8,1.0,3.0,670.0,,,
F5D6C3D3C4F4C5B4C6E6F6B3E3B5F3C7D2E7D7F7E8F8,1.0,3.0,671.0,,,
F5D6C3D3C4F4C5B4C6E6F6B3E3B5F3C7D2E7D7F7E8F8D8,1.0,3.0,672.0,,,
F5D6C3D3C4F4C5B4C6E6F6B3E3B5F3C7D2E7D7F7E8F8D8G5,1.0,3.0,673.0,926.0,,
F5D6C3D3C4F4C5B4C6E6F6B3E3B5F3C7D2E7D7F7E8F8D8G5G4,1.0,2.0,674.0,,,
F5D6C3D3C4F4C5B4C6E6F6B3E3B5F3C7D2E7D7F7E8F8D8G5G4G6,1.0,2.0,675.0,690.0,,
F5D6C3D3C4F4C5B4C6E6F6B3E3B5F3C7D2E7D7F7E8F8D8G5G4G6G8,2.0,1.0,676.0,,,
F5D6C3D3C4F4C5B4C6E6F6B3E3B5F3C7D2E7D7F7E8F8D8G5G4G6G8C2,2.0,1.0,677.0,,,
F5D6C3D3C4F4C5B4C6E6F6B3E3B5F3C7D2E7D7F7E8F8D8G5G4G6G8C2H6,2.0,1.0,678.0,966.0,,
F5D6C3D3C4F4C5B4C6E6F6B3E3B5F3C7D2E7D7F7E8F8D8G5G4G6G8C2H6D1,1.0,1.0,,,,
F5D6C3D3C4F4C5B4C6E6F6D2A3G6E3F7G3G5C2E7E1B3G4F3D7H3,2.0,1.0,680.0,,,
F5D6C3D3C4F4C5B4C6E6F6D2A3G6E3F7G3G5C2E7E1B3G4F3D7H3E8,2.0,1.0,681.0,1222.0,,
F5D6C3D3C4F4C5B4C6E6F6D2A3G6E3F7G3G5C2E7E1B3G4F3D7H3E8H4,1.0,1.0,,,,
F5D6C3D3C4F4C5B4C6E6A3B5E3F2F3A4B3G5D7E7F6G4H4D2,1.0,1.0,683.0,,,
F5D6C3D3C4F4C5B4C6E6A3B5E3F2F3A4B3G5D7E7F6G4H4D2H5,1.0,1.0,684.0,,,
F5D6C3D3C4F4C5B4C6E6A3B5E3F2F3A4B3G5D7E7F6G4H4D2H5G3,1.0,1.0,685.0,,,
F5D6C3D3C4F4C5B4C6E6A3B5E3F2F3A4B3G5D7E7F6G4H4D2H5G3E2,1.0,1.0,686.0,,,
F5D6C3D3C4F4C5B4C6E6A3B5E3F2F3A4B3G5D7E7F6G4H4D2H5G3E2H6,1.0,1.0,,,,
F5D6C3D3C4F4C5B4C6E6E3B5G5C7F6B3A3C2D2A4A5F3C1,1.0,2.0,688.0,,,
F5D6C3D3C4F4C5B4C6E6E3B5G5C7F6B3A3C2D2A4A5F3C1G6,1.0,2.0,689.0,952.0,,
F5D6C3D3C4F4C5B4C6E6E3B5G5C7F6B3A3C2D2A4A5F3C1G6C8,1.0,1.0,,,,
F5D6C3D3C4F4C5B4C6E6F6B3E3B5F3C7D2E7D7F7E8F8D8G5G4G6A6,1.0,1.0,691.0,,,
F5D6C3D3C4F4C5B4C6E6F6B3E3B5F3C7D2E7D7F7E8F8D8G5G4G6A6C8,1.0,1.0,692.0,,,
F5D6C3D3C4F4C5B4C6E6F6B3E3B5F3C7D2E7D7F7E8F8D8G5G4G6A6C8H5,1.0,1.0,693.0,,,
F5D6C3D3C4F4C5B4C6E6F6B3E3B5F3C7D2E7D7F7E8F8D8G5G4G6A6C8H5C2,1.0,1.0,,,,
F5D6C3D3C4F4C5B4C6E6F6B3E3B5F3G4D2C2G5D1A5E2A4A6B6,2.0,1.0,695.0,,,
F5D6C3D3C4F4C5B4C6E6F6B3E3B5F3G4D2C2G5D1A5E2A4A6B6A3,2.0,1.0,696.0,,,
F5D6C3D3C4F4C5B4C6E6F6B3E3B5F3G4D2C2G5D1A5E2A4A6B6A3F1,2.0,1.0,697.0,1083.0,,
F5D6C3D3C4F4C5B4C6E6F6B3E3B5F3G4D2C2G5D1A5E2A4A6B6A3F1A7,1.0,1.0,698.0,,,
F5D6C3D3C4F4C5B4C6E6F6B3E3B5F3G4D2C2G5D1A5E2A4A6B6A3F1A7E1,1.0,1.0,699.0,,,
F5D6C3D3C4F4C5B4C6E6F6B3E3B5F3G4D2C2G5D1A5E2A4A6B6A3F1A7E1C1,1.0,1.0,,,,
F5D6C3D3C4F4C5B4C6E6F6B3E3B5F3G4D2C2G5D1A5B6A6E2A4E7D7G3H3,1.0,1.0,,,,
F5D6C3D3C4F4C5B4C6E6F6D7F3G3E3B6C8B5G4C2B3A4H3E8,1.0,1.0,,,,
F5D6C3D3C4F4C5B4C6E6E3B5D7F6B6E7F3D8A6A5G4A7C7B3G5C2F8E8G6C8,1.0,1.0,,,,
F5D6C3D3C4F4C5B4C6E6F6D7F3G3E3B6C8E8,1.0,3.0,704.0,971.0,,
F5D6C3D3C4F4C5B4C6E6F6D7F3G3E3B6C8E8D8,1.0,1.0,,,,
F5D6C3D3C4F4C5B4C6E6F6D2E3B5F3G4A3A4,1.0,4.0,706.0,,,
F5D6C3D3C4F4C5B4C6E6F6D2E3B5F3G4A3A4A5,1.0,4.0,707.0,,,
F5D6C3D3C4F4C5B4C6E6F6D2E3B5F3G4A3A4A5A6,1.0,4.0,708.0,,,
F5D6C3D3C4F4C5B4C6E6F6D2E3B5F3G4A3A4A5A6A7,1.0,4.0,709.0,,,
F5D6C3D3C4F4C5B4C6E6F6D2E3B5F3G4A3A4A5A6A7B6,1.0,4.0,710.0,1187.0,,
F5D6C3D3C4F4C5B4C6E6F6D2E3B5F3G4A3A4A5A6A7B6G3,1.0,3.0,711.0,,,
F5D6C3D3C4F4C5B4C6E6F6D2E3B5F3G4A3A4A5A6A7B6G3F2,1.0,3.0,712.0,1100.0,,
F5D6C3D3C4F4C5B4C6E6F6D2E3B5F3G4A3A4A5A6A7B6G3F2H4,1.0,2.0,713.0,,,
F5D6C3D3C4F4C5B4C6E6F6D2E3B5F3G4A3A4A5A6A7B6G3F2H4G5,1.0,2.0,714.0,1060.0,,
F5D6C3D3C4F4C5B4C6E6F6D2E3B5F3G4A3A4A5A6A7B6G3F2H4G5C7,2.0,1.0,715.0,1047.0,,
F5D6C3D3C4F4C5B4C6E6F6D2E3B5F3G4A3A4A5A6A7B6G3F2H4G5C7F7,1.0,2.0,716.0,951.0,,
F5D6C3D3C4F4C5B4C6E6F6D2E3B5F3G4A3A4A5A6A7B6G3F2H4G5C7F7H5,1.0,1.0,717.0,,,
F5D6C3D3C4F4C5B4C6E6F6D2E3B5F3G4A3A4A5A6A7B6G3F2H4G5C7F7H5D7,1.0,1.0,,,,
F5D6C3D3C4F4C5B4C6E6E3B5G5B6F6B3A3C2F7G3,2.0,2.0,719.0,876.0,,
F5D6C3D3C4F4C5B4C6E6E3B5G5B6F6B3A3C2F7G3D2,3.0,1.0,720.0,,,
F5D6C3D3C4F4C5B4C6E6E3B5G5B6F6B3A3C2F7G3D2F2,3.0,1.0,721.0,,,
F5D6C3D3C4F4C5B4C6E6E3B5G5B6F6B3A3C2F7G3D2F2D7,3.0,1.0,722.0,,,
F5D6C3D3C4F4C5B4C6E6E3B5G5B6F6B3A3C2F7G3D2F2D7C1,3.0,1.0,723.0,,,
F5D6C3D3C4F4C5B4C6E6E3B5G5B6F6B3A3C2F7G3D2F2D7C1A5,3.0,1.0,724.0,,,
F5D6C3D3C4F4C5B4C6E6E3B5G5B6F6B3A3C2F7G3D2F2D7C1A5A4,3.0,1.0,725.0,,,
F5D6C3D3C4F4C5B4C6E6E3B5G5B6F6B3A3C2F7G3D2F2D7C1A5A4E2,3.0,1.0,726.0,918.0,,
F5D6C3D3C4F4C5B4C6E6E3B5G5B6F6B3A3C2F7G3D2F2D7C1A5A4E2A6,1.0,1.0,,,,
F5D6C3D3C4F4C5B4C6E6F6B3E3B5F3G4A5E2H3A6A7B6C7,1.0,2.0,728.0,,,
F5D6C3D3C4F4C5B4C6E6F6B3E3B5F3G4A5E2H3A6A7B6C7G5,1.0,2.0,729.0,,,
F5D6C3D3C4F4C5B4C6E6F6B3E3B5F3G4A5E2H3A6A7B6C7G5G3,1.0,2.0,730.0,,,
F5D6C3D3C4F4C5B4C6E6F6B3E3B5F3G4A5E2H3A6A7B6C7G5G3H4,1.0,2.0,731.0,,,
F5D6C3D3C4F4C5B4C6E6F6B3E3B5F3G4A5E2H3A6A7B6C7G5G3H4A4,1.0,2.0,732.0,,,
F5D6C3D3C4F4C5B4C6E6F6B3E3B5F3G4A5E2H3A6A7B6C7G5G3H4A4D7,1.0,2.0,733.0,1122.0,,
F5D6C3D3C4F4C5B4C6E6F6B3E3B5F3G4A5E2H3A6A7B6C7G5G3H4A4D7H5,1.0,1.0,734.0,,,
F5D6C3D3C4F4C5B4C6E6F6B3E3B5F3G4A5E2H3A6A7B6C7G5G3H4A4D7H5F7,1.0,1.0,,,,
F5D6C3D3C4F4C5B4C6E6F6B5B3G5A3A4D2F7G3E3F2,1.0,1.0,,,,
F5D6C3D3C4F4C5B4C6E6F6B5B3G5A3A4D2F7G3E2F3,1.0,1.0,737.0,,,
F5D6C3D3C4F4C5B4C6E6F6B5B3G5A3A4D2F7G3E2F3E3,1.0,1.0,738.0,,,
F5D6C3D3C4F4C5B4C6E6F6B5B3G5A3A4D2F7G3E2F3E3G4,1.0,1.0,739.0,,,
F5D6C3D3C4F4C5B4C6E6F6B5B3G5A3A4D2F7G3E2F3E3G4H4,1.0,1.0,740.0,,,
F5D6C3D3C4F4C5B4C6E6F6B5B3G5A3A4D2F7G3E2F3E3G4H4H6,1.0,1.0,741.0,,,
F5D6C3D3C4F4C5B4C6E6F6B5B3G5A3A4D2F7G3E2F3E3G4H4H6H5,1.0,1.0,742.0,,,
F5D6C3D3C4F4C5B4C6E6F6B5B3G5A3A4D2F7G3E2F3E3G4H4H6H5E7,1.0,1.0,743.0,,,
F5D6C3D3C4F4C5B4C6E6F6B5B3G5A3A4D2F7G3E2F3E3G4H4H6H5E7D1,1.0,1.0,744.0,,,
F5D6C3D3C4F4C5B4C6E6F6B5B3G5A3A4D2F7G3E2F3E3G4H4H6H5E7D1C2,1.0,1.0,745.0,,,
F5D6C3D3C4F4C5B4C6E6F6B5B3G5A3A4D2F7G3E2F3E3G4H4H6H5E7D1C2C1,1.0,1.0,,,,
F5D6C3D3C4F4C5B4C6E6F6B5D2E7B6C7F7E3F2E2E8G5D7G6,1.0,3.0,747.0,1207.0,,
F5D6C3D3C4F4C5B4C6E6F6B5D2E7B6C7F7E3F2E2E8G5D7G6D8,1.0,2.0,748.0,,,
F5D6C3D3C4F4C5B4C6E6F6B5D2E7B6C7F7E3F2E2E8G5D7G6D8D1,1.0,2.0,749.0,1084.0,,
F5D6C3D3C4F4C5B4C6E6F6B5D2E7B6C7F7E3F2E2E8G5D7G6D8D1A3,1.0,1.0,,,,
F5D6C3D3C4F4C5B4C6E6F6B5B3G5A3A4D2E2E3F7E7F3A6,1.0,1.0,751.0,,,
F5D6C3D3C4F4C5B4C6E6F6B5B3G5A3A4D2E2E3F7E7F3A6A5,1.0,1.0,,,,
F5D6C3D3C4F4C5B4C6E6F6D2A3G6E3F7G5,2.0,1.0,753.0,,,
F5D6C3D3C4F4C5B4C6E6F6D2A3G6E3F7G5D7,2.0,1.0,754.0,,,
F5D6C3D3C4F4C5B4C6E6F6D2A3G6E3F7G5D7E2,2.0,1.0,755.0,,,
F5D6C3D3C4F4C5B4C6E6F6D2A3G6E3F7G5D7E2G3,2.0,1.0,756.0,,,
F5D6C3D3C4F4C5B4C6E6F6D2A3G6E3F7G5D7E2G3F3,2.0,1.0,757.0,,,
F5D6C3D3C4F4C5B4C6E6F6D2A3G6E3F7G5D7E2G3F3E7,2.0,1.0,758.0,,,
F5D6C3D3C4F4C5B4C6E6F6D2A3G6E3F7G5D7E2G3F3E7B3,2.0,1.0,759.0,933.0,,
F5D6C3D3C4F4C5B4C6E6F6D2A3G6E3F7G5D7E2G3F3E7B3C2,1.0,1.0,,,,
F5D6C3D3C4F4C5B4C6E6F6D2A3G6G5E7D7F7E3B3E8B6G4A4B5,2.0,1.0,761.0,,,
F5D6C3D3C4F4C5B4C6E6F6D2A3G6G5E7D7F7E3B3E8B6G4A4B5A5,2.0,1.0,762.0,,,
F5D6C3D3C4F4C5B4C6E6F6D2A3G6G5E7D7F7E3B3E8B6G4A4B5A5C7,2.0,1.0,763.0,1067.0,,
F5D6C3D3C4F4C5B4C6E6F6D2A3G6G5E7D7F7E3B3E8B6G4A4B5A5C7C8,1.0,2.0,764.0,1027.0,,
F5D6C3D3C4F4C5B4C6E6F6D2A3G6G5E7D7F7E3B3E8B6G4A4B5A5C7C8A6,1.0,1.0,,,,
F5D6C3D3C4F4C5B4C6E6E3B5G5B3F3C2B6D7A6D2E2G6,3.0,1.0,766.0,,,
F5D6C3D3C4F4C5B4C6E6E3B5G5B3F3C2B6D7A6D2E2G6F7,3.0,1.0,767.0,890.0,,
F5D6C3D3C4F4C5B4C6E6E3B5G5B3F3C2B6D7A6D2E2G6F7F6,1.0,1.0,,,,
F5D6C3D3C4F4C5B4C6E6F6D7F3G3E3B6E7C7D8B5C8F2E2D1A3A4B3C2E1F1,1.0,1.0,,,,
F5D6C3D3C4F4C5B4C6E6E3B5G5B6F6B3A3C2F7F3,4.0,1.0,770.0,,,
F5D6C3D3C4F4C5B4C6E6E3B5G5B6F6B3A3C2F7F3A5,4.0,1.0,771.0,1091.0,1167.0,
F5D6C3D3C4F4C5B4C6E6E3B5G5B6F6B3A3C2F7F3A5E7,1.0,1.0,772.0,,,
F5D6C3D3C4F4C5B4C6E6E3B5G5B6F6B3A3C2F7F3A5E7A4,1.0,1.0,773.0,,,
F5D6C3D3C4F4C5B4C6E6E3B5G5B6F6B3A3C2F7F3A5E7A4G6,1.0,1.0,,,,
F5D6C3D3C4F4C5B4C6E6F6B5D2E7B6C7F7E3F2G5,2.0,2.0,775.0,,,
F5D6C3D3C4F4C5B4C6E6F6B5D2E7B6C7F7E3F2G5G6,2.0,2.0,776.0,1049.0,,
F5D6C3D3C4F4C5B4C6E6F6B5D2E7B6C7F7E3F2G5G6F8,1.0,4.0,777.0,,,
F5D6C3D3C4F4C5B4C6E6F6B5D2E7B6C7F7E3F2G5G6F8H5,1.0,4.0,778.0,,,
F5D6C3D3C4F4C5B4C6E6F6B5D2E7B6C7F7E3F2G5G6F8H5F3,1.0,4.0,779.0,940.0,,
F5D6C3D3C4F4C5B4C6E6F6B5D2E7B6C7F7E3F2G5G6F8H5F3A3,2.0,1.0,780.0,,,
F5D6C3D3C4F4C5B4C6E6F6B5D2E7B6C7F7E3F2G5G6F8H5F3A3A4,2.0,1.0,781.0,,,
F5D6C3D3C4F4C5B4C6E6F6B5D2E7B6C7F7E3F2G5G6F8H5F3A3A4A5,2.0,1.0,782.0,,,
F5D6C3D3C4F4C5B4C6E6F6B5D2E7B6C7F7E3F2G5G6F8H5F3A3A4A5C2,2.0,1.0,783.0,,,
F5D6C3D3C4F4C5B4C6E6F6B5D2E7B6C7F7E3F2G5G6F8H5F3A3A4A5C2B3,2.0,1.0,784.0,1170.0,,
F5D6C3D3C4F4C5B4C6E6F6B5D2E7B6C7F7E3F2G5G6F8H5F3A3A4A5C2B3E2,1.0,1.0,,,,
F5D6C3D3C4F4C5B4C6E6F6D2A3G6E3F7E2F3G5H6F2D7C7B3B5C2G4E7H5B8,1.0,1.0,,,,
F5D6C3D3C4F4C5B4C6E6F6D7C7D2E3B3F3B5E7,1.0,1.0,787.0,,,
F5D6C3D3C4F4C5B4C6E6F6D7C7D2E3B3F3B5E7C8,1.0,1.0,,,,
F5D6C3D3C4F4C5B4C6E6A3B5E3F2F3A4B3G5D7E7G4,1.0,2.0,789.0,,,
F5D6C3D3C4F4C5B4C6E6A3B5E3F2F3A4B3G5D7E7G4F6,1.0,2.0,790.0,1255.0,,
F5D6C3D3C4F4C5B4C6E6A3B5E3F2F3A4B3G5D7E7G4F6H6,3.0,1.0,791.0,,,
F5D6C3D3C4F4C5B4C6E6A3B5E3F2F3A4B3G5D7E7G4F6H6H3,3.0,1.0,792.0,,,
F5D6C3D3C4F4C5B4C6E6A3B5E3F2F3A4B3G5D7E7G4F6H6H3H4,3.0,1.0,793.0,,,
F5D6C3D3C4F4C5B4C6E6A3B5E3F2F3A4B3G5D7E7G4F6H6H3H4G3,3.0,1.0,794.0,,,
F5D6C3D3C4F4C5B4C6E6A3B5E3F2F3A4B3G5D7E7G4F6H6H3H4G3E2,3.0,1.0,795.0,1192.0,,
F5D6C3D3C4F4C5B4C6E6A3B5E3F2F3A4B3G5D7E7G4F6H6H3H4G3E2C8,2.0,1.0,796.0,,,
F5D6C3D3C4F4C5B4C6E6A3B5E3F2F3A4B3G5D7E7G4F6H6H3H4G3E2C8F1,2.0,1.0,797.0,864.0,,
F5D6C3D3C4F4C5B4C6E6A3B5E3F2F3A4B3G5D7E7G4F6H6H3H4G3E2C8F1C7,1.0,1.0,,,,
F5D6C3D3C4F4C5B4C6E6A3B5E3F2A6,2.0,1.0,799.0,,,
F5D6C3D3C4F4C5B4C6E6A3B5E3F2A6B6,2.0,1.0,800.0,,,
F5D6C3D3C4F4C5B4C6E6A3B5E3F2A6B6C7,2.0,1.0,801.0,845.0,,
F5D6C3D3C4F4C5B4C6E6A3B5E3F2A6B6C7D2,1.0,2.0,802.0,899.0,,
F5D6C3D3C4F4C5B4C6E6A3B5E3F2A6B6C7D2E2,2.0,1.0,803.0,996.0,,
F5D6C3D3C4F4C5B4C6E6A3B5E3F2A6B6C7D2E2C2,1.0,1.0,,,,
F5D6C3D3C4F4C5B4C6E6F6D2A3G6E3F7G4,3.0,1.0,805.0,998.0,,
F5D6C3D3C4F4C5B4C6E6F6D2A3G6E3F7G4B3,2.0,1.0,806.0,,,
F5D6C3D3C4F4C5B4C6E6F6D2A3G6E3F7G4B3E7,2.0,1.0,807.0,,,
F5D6C3D3C4F4C5B4C6E6F6D2A3G6E3F7G4B3E7D8,2.0,1.0,808.0,,,
F5D6C3D3C4F4C5B4C6E6F6D2A3G6E3F7G4B3E7D8H6,2.0,1.0,809.0,1127.0,,
F5D6C3D3C4F4C5B4C6E6F6D2A3G6E3F7G4B3E7D8H6A5,1.0,2.0,810.0,,,
F5D6C3D3C4F4C5B4C6E6F6D2A3G6E3F7G4B3E7D8H6A5A4,1.0,2.0,811.0,,,
F5D6C3D3C4F4C5B4C6E6F6D2A3G6E3F7G4B3E7D8H6A5A4A2,1.0,2.0,812.0,,,
F5D6C3D3C4F4C5B4C6E6F6D2A3G6E3F7G4B3E7D8H6A5A4A2E2,1.0,2.0,813.0,,,
F5D6C3D3C4F4C5B4C6E6F6D2A3G6E3F7G4B3E7D8H6A5A4A2E2F2,1.0,2.0,814.0,1088.0,,
F5D6C3D3C4F4C5B4C6E6F6D2A3G6E3F7G4B3E7D8H6A5A4A2E2F2F1,1.0,1.0,,,,
F5D6C3D3C4F4C5B4C6E6E3B5G5B3F3B6A3C2A4A5A6D2E2G6A7F1D7H5F7E8,1.0,1.0,,,,
F5D6C3D3C4F4C5B4C6E6F6B5B3G5A3A4D2E2E3F7G3E7D7F3G6,1.0,2.0,817.0,,,
F5D6C3D3C4F4C5B4C6E6F6B5B3G5A3A4D2E2E3F7G3E7D7F3G6E8,1.0,2.0,818.0,1183.0,,
F5D6C3D3C4F4C5B4C6E6F6B5B3G5A3A4D2E2E3F7G3E7D7F3G6E8C8,1.0,1.0,819.0,,,
F5D6C3D3C4F4C5B4C6E6F6B5B3G5A3A4D2E2E3F7G3E7D7F3G6E8C8F2,1.0,1.0,820.0,,,
F5D6C3D3C4F4C5B4C6E6F6B5B3G5A3A4D2E2E3F7G3E7D7F3G6E8C8F2H5,1.0,1.0,821.0,,,
F5D6C3D3C4F4C5B4C6E6F6B5B3G5A3A4D2E2E3F7G3E7D7F3G6E8C8F2H5D8,1.0,1.0,,,,
F5D6C3D3C4F4C5B4C6E6E3B5D7F6B6E7F3D8G4C7A4D2C2A6C1,1.0,2.0,823.0,,,
F5D6C3D3C4F4C5B4C6E6E3B5D7F6B6E7F3D8G4C7A4D2C2A6C1H3,1.0,2.0,824.0,946.0,,
F5D6C3D3C4F4C5B4C6E6E3B5D7F6B6E7F3D8G4C7A4D2C2A6C1H3F8,1.0,1.0,825.0,,,
F5D6C3D3C4F4C5B4C6E6E3B5D7F6B6E7F3D8G4C7A4D2C2A6C1H3F8E8,1.0,1.0,,,,
F5D6C3D3C4F4C5B4C6E6F6B5B3G5A3A4D2F7G3E2E3E7D7F3G6E8G4,2.0,1.0,827.0,,,
F5D6C3D3C4F4C5B4C6E6F6B5B3G5A3A4D2F7G3E2E3E7D7F3G6E8G4F2,2.0,1.0,828.0,,,
F5D6C3D3C4F4C5B4C6E6F6B5B3G5A3A4D2F7G3E2E3E7D7F3G6E8G4F2D1,2.0,1.0,829.0,1115.0,,
F5D6C3D3C4F4C5B4C6E6F6B5B3G5A3A4D2F7G3E2E3E7D7F3G6E8G4F2D1C1,1.0,1.0,,,,
F5D6C3D3C4F4C5B4C6E6F6D2A3G6E3F7G3G5C2E7D1B3A4D7D8B1F3F2G4,1.0,1.0,,,,
F5D6C3D3C4F4C5B4C6E6F6B5B3G5A3A4D2F7G3E3A6A5B6D7C7,2.0,1.0,832.0,,,
F5D6C3D3C4F4C5B4C6E6F6B5B3G5A3A4D2F7G3E3A6A5B6D7C7E2,2.0,1.0,833.0,,,
F5D6C3D3C4F4C5B4C6E6F6B5B3G5A3A4D2F7G3E3A6A5B6D7C7E2D8,2.0,1.0,834.0,1063.0,,
F5D6C3D3C4F4C5B4C6E6F6B5B3G5A3A4D2F7G3E3A6A5B6D7C7E2D8E8,1.0,1.0,835.0,,,
F5D6C3D3C4F4C5B4C6E6F6B5B3G5A3A4D2F7G3E3A6A5B6D7C7E2D8E8F8,1.0,1.0,836.0,,,
F5D6C3D3C4F4C5B4C6E6F6B5B3G5A3A4D2F7G3E3A6A5B6D7C7E2D8E8F8D1,1.0,1.0,,,,
F5D6C3D3C4F4C5B4C6E6F6D2A3G6E3F7G3G5C2E7D1B3A4D7D8B1F3F2B5,1.0,1.0,838.0,,,
F5D6C3D3C4F4C5B4C6E6F6D2A3G6E3F7G3G5C2E7D1B3A4D7D8B1F3F2B5H4,1.0,1.0,,,,
F5D6C3D3C4F4C5B4C6E6A3B5E3F2F3A4B3G5G6G3F6D7H5,1.0,3.0,840.0,,,
F5D6C3D3C4F4C5B4C6E6A3B5E3F2F3A4B3G5G6G3F6D7H5G4,1.0,3.0,841.0,928.0,,
F5D6C3D3C4F4C5B4C6E6A3B5E3F2F3A4B3G5G6G3F6D7H5G4E7,1.0,2.0,842.0,,,
F5D6C3D3C4F4C5B4C6E6A3B5E3F2F3A4B3G5G6G3F6D7H5G4E7F8,1.0,2.0,843.0,894.0,,
F5D6C3D3C4F4C5B4C6E6A3B5E3F2F3A4B3G5G6G3F6D7H5G4E7F8H4,1.0,1.0,,,,
F5D6C3D3C4F4C5B4C6E6A3B5E3F2F3A4B3G5G6G3H6F6G4H3D7,1.0,1.0,,,,
F5D6C3D3C4F4C5B4C6E6A3B5E3F2A6B6C7A4,1.0,1.0,846.0,,,
F5D6C3D3C4F4C5B4C6E6A3B5E3F2A6B6C7A4A5,1.0,1.0,847.0,,,
F5D6C3D3C4F4C5B4C6E6A3B5E3F2A6B6C7A4A5D2,1.0,1.0,848.0,,,
F5D6C3D3C4F4C5B4C6E6A3B5E3F2A6B6C7A4A5D2D7,1.0,1.0,849.0,,,
F5D6C3D3C4F4C5B4C6E6A3B5E3F2A6B6C7A4A5D2D7B3,1.0,1.0,850.0,,,
F5D6C3D3C4F4C5B4C6E6A3B5E3F2A6B6C7A4A5D2D7B3E7,1.0,1.0,851.0,,,
F5D6C3D3C4F4C5B4C6E6A3B5E3F2A6B6C7A4A5D2D7B3E7G5,1.0,1.0,852.0,,,
F5D6C3D3C4F4C5B4C6E6A3B5E3F2A6B6C7A4A5D2D7B3E7G5A2,1.0,1.0,853.0,,,
F5D6C3D3C4F4C5B4C6E6A3B5E3F2A6B6C7A4A5D2D7B3E7G5A2B7,1.0,1.0,854.0,,,
F5D6C3D3C4F4C5B4C6E6A3B5E3F2A6B6C7A4A5D2D7B3E7G5A2B7D1,1.0,1.0,855.0,,,
F5D6C3D3C4F4C5B4C6E6A3B5E3F2A6B6C7A4A5D2D7B3E7G5A2B7D1F6,1.0,1.0,856.0,,,
F5D6C3D3C4F4C5B4C6E6A3B5E3F2A6B6C7A4A5D2D7B3E7G5A2B7D1F6F7,1.0,1.0,857.0,,,
F5D6C3D3C4F4C5B4C6E6A3B5E3F2A6B6C7A4A5D2D7B3E7G5A2B7D1F6F7C1,1.0,1.0,,,,
F5D6C3D3C4F4C5B4C6E6A3B5E3F2F3A4B3G5G6G3H6F6G4H3H4,2.0,1.0,859.0,,,
F5D6C3D3C4F4C5B4C6E6A3B5E3F2F3A4B3G5G6G3H6F6G4H3H4E2,2.0,1.0,860.0,,,
F5D6C3D3C4F4C5B4C6E6A3B5E3F2F3A4B3G5G6G3H6F6G4H3H4E2D2,2.0,1.0,861.0,,,
F5D6C3D3C4F4C5B4C6E6A3B5E3F2F3A4B3G5G6G3H6F6G4H3H4E2D2B6,2.0,1.0,862.0,,,
F5D6C3D3C4F4C5B4C6E6A3B5E3F2F3A4B3G5G6G3H6F6G4H3H4E2D2B6D1,2.0,1.0,863.0,995.0,,
F5D6C3D3C4F4C5B4C6E6A3B5E3F2F3A4B3G5G6G3H6F6G4H3H4E2D2B6D1A2,1.0,1.0,,,,
F5D6C3D3C4F4C5B4C6E6A3B5E3F2F3A4B3G5D7E7G4F6H6H3H4G3E2C8F1B6,1.0,1.0,,,,
F5D6C3D3C4F4C5B4C6E6F6B3E3B5F3G4A5E2H3H5C2,1.0,1.0,866.0,,,
F5D6C3D3C4F4C5B4C6E6F6B3E3B5F3G4A5E2H3H5C2D2,1.0,1.0,867.0,,,
F5D6C3D3C4F4C5B4C6E6F6B3E3B5F3G4A5E2H3H5C2D2D1,1.0,1.0,868.0,,,
F5D6C3D3C4F4C5B4C6E6F6B3E3B5F3G4A5E2H3H5C2D2D1A6,1.0,1.0,869.0,,,
F5D6C3D3C4F4C5B4C6E6F6B3E3B5F3G4A5E2H3H5C2D2D1A6A3,1.0,1.0,870.0,,,
F5D6C3D3C4F4C5B4C6E6F6B3E3B5F3G4A5E2H3H5C2D2D1A6A3E1,1.0,1.0,871.0,,,
F5D6C3D3C4F4C5B4C6E6F6B3E3B5F3G4A5E2H3H5C2D2D1A6A3E1F1,1.0,1.0,872.0,,,
F5D6C3D3C4F4C5B4C6E6F6B3E3B5F3G4A5E2H3H5C2D2D1A6A3E1F1C1,1.0,1.0,873.0,,,
F5D6C3D3C4F4C5B4C6E6F6B3E3B5F3G4A5E2H3H5C2D2D1A6A3E1F1C1B6,1.0,1.0,874.0,,,
F5D6C3D3C4F4C5B4C6E6F6B3E3B5F3G4A5E2H3H5C2D2D1A6A3E1F1C1B6G1,1.0,1.0,,,,
F5D6C3D3C4F4C5B4C6E6F6D2E3F3E2D7E7G6G5B3C1F1E1F2B5H5G4H4H3G3,1.0,1.0,,,,
F5D6C3D3C4F4C5B4C6E6E3B5G5B6F6B3A3C2F7G3D7,2.0,1.0,877.0,,,
F5D6C3D3C4F4C5B4C6E6E3B5G5B6F6B3A3C2F7G3D7E2,2.0,1.0,878.0,,,
F5D6C3D3C4F4C5B4C6E6E3B5G5B6F6B3A3C2F7G3D7E2C7,2.0,1.0,879.0,,,
F5D6C3D3C4F4C5B4C6E6E3B5G5B6F6B3A3C2F7G3D7E2C7A4,2.0,1.0,880.0,,,
F5D6C3D3C4F4C5B4C6E6E3B5G5B6F6B3A3C2F7G3D7E2C7A4F2,2.0,1.0,881.0,,,
F5D6C3D3C4F4C5B4C6E6E3B5G5B6F6B3A3C2F7G3D7E2C7A4F2D2,2.0,1.0,882.0,,,
F5D6C3D3C4F4C5B4C6E6E3B5G5B6F6B3A3C2F7G3D7E2C7A4F2D2D1,2.0,1.0,883.0,1108.0,,
F5D6C3D3C4F4C5B4C6E6E3B5G5B6F6B3A3C2F7G3D7E2C7A4F2D2D1C1,1.0,1.0,,,,
F5D6C3D3C4F4C5B4C6E6F6B3E3B5F3C7D2E7E8D1A4A3A6G4C1,1.0,1.0,885.0,,,
F5D6C3D3C4F4C5B4C6E6F6B3E3B5F3C7D2E7E8D1A4A3A6G4C1B1,1.0,1.0,886.0,,,
F5D6C3D3C4F4C5B4C6E6F6B3E3B5F3C7D2E7E8D1A4A3A6G4C1B1E2,1.0,1.0,887.0,,,
F5D6C3D3C4F4C5B4C6E6F6B3E3B5F3C7D2E7E8D1A4A3A6G4C1B1E2C2,1.0,1.0,888.0,,,
F5D6C3D3C4F4C5B4C6E6F6B3E3B5F3C7D2E7E8D1A4A3A6G4C1B1E2C2A5,1.0,1.0,889.0,,,
F5D6C3D3C4F4C5B4C6E6F6B3E3B5F3C7D2E7E8D1A4A3A6G4C1B1E2C2A5A7,1.0,1.0,,,,
F5D6C3D3C4F4C5B4C6E6E3B5G5B3F3C2B6D7A6D2E2G6F7E7,2.0,1.0,891.0,,,
F5D6C3D3C4F4C5B4C6E6E3B5G5B3F3C2B6D7A6D2E2G6F7E7D1,2.0,1.0,892.0,1215.0,,
F5D6C3D3C4F4C5B4C6E6E3B5G5B3F3C2B6D7A6D2E2G6F7E7D1A5,1.0,1.0,,,,
F5D6C3D3C4F4C5B4C6E6F6B5B3G5A3A4D2F7G3E3A6A5B6D7D8C7F2E2,1.0,1.0,,,,
F5D6C3D3C4F4C5B4C6E6A3B5E3F2F3A4B3G5G6G3F6D7H5G4E7F8C7,1.0,1.0,895.0,,,
F5D6C3D3C4F4C5B4C6E6A3B5E3F2F3A4B3G5G6G3F6D7H5G4E7F8C7F7,1.0,1.0,896.0,,,
F5D6C3D3C4F4C5B4C6E6A3B5E3F2F3A4B3G5G6G3F6D7H5G4E7F8C7F7C8,1.0,1.0,897.0,,,
F5D6C3D3C4F4C5B4C6E6A3B5E3F2F3A4B3G5G6G3F6D7H5G4E7F8C7F7C8E2,1.0,1.0,,,,
F5D6C3D3C4F4C5B4C6E6E3B5G5C7F6B3A3C2D2A4A5F3E2G3A2C1G4B6,1.0,1.0,,,,
F5D6C3D3C4F4C5B4C6E6A3B5E3F2A6B6C7D2D7,1.0,1.0,900.0,,,
F5D6C3D3C4F4C5B4C6E6A3B5E3F2A6B6C7D2D7A4,1.0,1.0,901.0,,,
F5D6C3D3C4F4C5B4C6E6A3B5E3F2A6B6C7D2D7A4A5,1.0,1.0,902.0,,,
F5D6C3D3C4F4C5B4C6E6A3B5E3F2A6B6C7D2D7A4A5B3,1.0,1.0,903.0,,,
F5D6C3D3C4F4C5B4C6E6A3B5E3F2A6B6C7D2D7A4A5B3E7,1.0,1.0,904.0,,,
F5D6C3D3C4F4C5B4C6E6A3B5E3F2A6B6C7D2D7A4A5B3E7G5,1.0,1.0,905.0,,,
F5D6C3D3C4F4C5B4C6E6A3B5E3F2A6B6C7D2D7A4A5B3E7G5A2,1.0,1.0,906.0,,,
F5D6C3D3C4F4C5B4C6E6A3B5E3F2A6B6C7D2D7A4A5B3E7G5A2B7,1.0,1.0,907.0,,,
F5D6C3D3C4F4C5B4C6E6A3B5E3F2A6B6C7D2D7A4A5B3E7G5A2B7D1,1.0,1.0,908.0,,,
F5D6C3D3C4F4C5B4C6E6A3B5E3F2A6B6C7D2D7A4A5B3E7G5A2B7D1F6,1.0,1.0,909.0,,,
F5D6C3D3C4F4C5B4C6E6A3B5E3F2A6B6C7D2D7A4A5B3E7G5A2B7D1F6F7,1.0,1.0,910.0,,,
F5D6C3D3C4F4C5B4C6E6A3B5E3F2A6B6C7D2D7A4A5B3E7G5A2B7D1F6F7C1,1.0,1.0,,,,
F5D6C3D3C4F4C5B4C6E6F6B3E3B5F3C7D2E2C2C1F1E7D7E8F8F7D8,1.0,1.0,912.0,,,
F5D6C3D3C4F4C5B4C6E6F6B3E3B5F3C7D2E2C2C1F1E7D7E8F8F7D8D1,1.0,1.0,913.0,,,
F5D6C3D3C4F4C5B4C6E6F6B3E3B5F3C7D2E2C2C1F1E7D7E8F8F7D8D1A6,1.0,1.0,914.0,,,
F5D6C3D3C4F4C5B4C6E6F6B3E3B5F3C7D2E2C2C1F1E7D7E8F8F7D8D1A6A5,1.0,1.0,,,,
F5D6C3D3C4F4C5B4C6E6E3B5D7F6B6E7F3D8G4C7A4D2C2A6E1H3F8C1G5,1.0,1.0,916.0,,,
F5D6C3D3C4F4C5B4C6E6E3B5D7F6B6E7F3D8G4C7A4D2C2A6E1H3F8C1G5D1,1.0,1.0,,,,
F5D6C3D3C4F4C5B4C6E6F6D2A3G6G5E7D7D8F3,1.0,1.0,,,,
F5D6C3D3C4F4C5B4C6E6E3B5G5B6F6B3A3C2F7G3D2F2D7C1A5A4E2F3,2.0,1.0,919.0,,,
F5D6C3D3C4F4C5B4C6E6E3B5G5B6F6B3A3C2F7G3D2F2D7C1A5A4E2F3D1,2.0,1.0,920.0,1033.0,,
F5D6C3D3C4F4C5B4C6E6E3B5G5B6F6B3A3C2F7G3D2F2D7C1A5A4E2F3D1A6,1.0,1.0,,,,
F5D6C3D3C4F4C5B4C6E6F6D7F3G3E3B6C8B5G4C2B3A4H3E7D8F8C7E8,1.0,1.0,,,,
F5D6C3D3C4F4C5B4C6E6E3B5G5C7F6B3A3C2A5E2A4A6,1.0,2.0,923.0,,,
F5D6C3D3C4F4C5B4C6E6E3B5G5C7F6B3A3C2A5E2A4A6F7,1.0,2.0,924.0,,,
F5D6C3D3C4F4C5B4C6E6E3B5G5C7F6B3A3C2A5E2A4A6F7E7,1.0,2.0,925.0,1227.0,,
F5D6C3D3C4F4C5B4C6E6E3B5G5C7F6B3A3C2A5E2A4A6F7E7B6,1.0,1.0,,,,
F5D6C3D3C4F4C5B4C6E6F6B3E3B5F3C7D2E7D7F7E8F8D8G5G8,1.0,1.0,,,,
F5D6C3D3C4F4C5B4C6E6F6B5D2E7B6C7F7E3F2E2E8G5D7C8D8D1,1.0,1.0,,,,
F5D6C3D3C4F4C5B4C6E6A3B5E3F2F3A4B3G5G6G3F6D7H5G4F7,1.0,1.0,,,,
F5D6C3D3C4F4C5B4C6E6E3B5D7F6B6E7F3B3A3D8G4C7A4A6,2.0,2.0,930.0,1102.0,,
F5D6C3D3C4F4C5B4C6E6E3B5D7F6B6E7F3B3A3D8G4C7A4A6F8,3.0,1.0,931.0,1042.0,,
F5D6C3D3C4F4C5B4C6E6E3B5D7F6B6E7F3B3A3D8G4C7A4A6F8C2,1.0,1.0,932.0,,,
F5D6C3D3C4F4C5B4C6E6E3B5D7F6B6E7F3B3A3D8G4C7A4A6F8C2C8,1.0,1.0,,,,
F5D6C3D3C4F4C5B4C6E6F6D2A3G6E3F7G5D7E2G3F3E7B3H5,1.0,1.0,934.0,,,
F5D6C3D3C4F4C5B4C6E6F6D2A3G6E3F7G5D7E2G3F3E7B3H5C1,1.0,1.0,935.0,,,
F5D6C3D3C4F4C5B4C6E6F6D2A3G6E3F7G5D7E2G3F3E7B3H5C1G4,1.0,1.0,936.0,,,
F5D6C3D3C4F4C5B4C6E6F6D2A3G6E3F7G5D7E2G3F3E7B3H5C1G4H3,1.0,1.0,937.0,,,
F5D6C3D3C4F4C5B4C6E6F6D2A3G6E3F7G5D7E2G3F3E7B3H5C1G4H3C2,1.0,1.0,938.0,,,
F5D6C3D3C4F4C5B4C6E6F6D2A3G6E3F7G5D7E2G3F3E7B3H5C1G4H3C2C7,1.0,1.0,939.0,,,
F5D6C3D3C4F4C5B4C6E6F6D2A3G6E3F7G5D7E2G3F3E7B3H5C1G4H3C2C7E1,1.0,1.0,,,,
F5D6C3D3C4F4C5B4C6E6F6B5D2E7B6C7F7E3F2G5G6F8H5F3G4,1.0,3.0,941.0,,,
F5D6C3D3C4F4C5B4C6E6F6B5D2E7B6C7F7E3F2G5G6F8H5F3G4G3,1.0,3.0,942.0,,,
F5D6C3D3C4F4C5B4C6E6F6B5D2E7B6C7F7E3F2G5G6F8H5F3G4G3E2,1.0,3.0,943.0,,,
F5D6C3D3C4F4C5B4C6E6F6B5D2E7B6C7F7E3F2G5G6F8H5F3G4G3E2C2,1.0,3.0,944.0,949.0,1249.0,
F5D6C3D3C4F4C5B4C6E6F6B5D2E7B6C7F7E3F2G5G6F8H5F3G4G3E2C2D7,1.0,1.0,945.0,,,
F5D6C3D3C4F4C5B4C6E6F6B5D2E7B6C7F7E3F2G5G6F8H5F3G4G3E2C2D7E8,1.0,1.0,,,,
F5D6C3D3C4F4C5B4C6E6E3B5D7F6B6E7F3D8G4C7A4D2C2A6C1H3H5,1.0,1.0,947.0,,,
F5D6C3D3C4F4C5B4C6E6E3B5D7F6B6E7F3D8G4C7A4D2C2A6C1H3H5E2,1.0,1.0,948.0,,,
F5D6C3D3C4F4C5B4C6E6E3B5D7F6B6E7F3D8G4C7A4D2C2A6C1H3H5E2D1,1.0,1.0,,,,
F5D6C3D3C4F4C5B4C6E6F6B5D2E7B6C7F7E3F2G5G6F8H5F3G4G3E2C2H4,1.0,1.0,950.0,,,
F5D6C3D3C4F4C5B4C6E6F6B5D2E7B6C7F7E3F2G5G6F8H5F3G4G3E2C2H4D1,1.0,1.0,,,,
F5D6C3D3C4F4C5B4C6E6F6D2E3B5F3G4A3A4A5A6A7B6G3F2H4G5C7F7D7,1.0,1.0,,,,
F5D6C3D3C4F4C5B4C6E6E3B5G5C7F6B3A3C2D2A4A5F3C1G6D7,1.0,1.0,953.0,,,
F5D6C3D3C4F4C5B4C6E6E3B5G5C7F6B3A3C2D2A4A5F3C1G6D7C8,1.0,1.0,954.0,,,
F5D6C3D3C4F4C5B4C6E6E3B5G5C7F6B3A3C2D2A4A5F3C1G6D7C8E7,1.0,1.0,955.0,,,
F5D6C3D3C4F4C5B4C6E6E3B5G5C7F6B3A3C2D2A4A5F3C1G6D7C8E7G3,1.0,1.0,956.0,,,
F5D6C3D3C4F4C5B4C6E6E3B5G5C7F6B3A3C2D2A4A5F3C1G6D7C8E7G3D8,1.0,1.0,957.0,,,
F5D6C3D3C4F4C5B4C6E6E3B5G5C7F6B3A3C2D2A4A5F3C1G6D7C8E7G3D8G4,1.0,1.0,,,,
F5D6C3D3C4F4C5B4C6E6E3B5G5C7F6B3A3C2A5E2A4B6E7,1.0,1.0,959.0,,,
F5D6C3D3C4F4C5B4C6E6E3B5G5C7F6B3A3C2A5E2A4B6E7D7,1.0,1.0,960.0,,,
F5D6C3D3C4F4C5B4C6E6E3B5G5C7F6B3A3C2A5E2A4B6E7D7A6,1.0,1.0,961.0,,,
F5D6C3D3C4F4C5B4C6E6E3B5G5C7F6B3A3C2A5E2A4B6E7D7A6G3,1.0,1.0,962.0,,,
F5D6C3D3C4F4C5B4C6E6E3B5G5C7F6B3A3C2A5E2A4B6E7D7A6G3D8,1.0,1.0,963.0,,,
F5D6C3D3C4F4C5B4C6E6E3B5G5C7F6B3A3C2A5E2A4B6E7D7A6G3D8C8,1.0,1.0,964.0,,,
F5D6C3D3C4F4C5B4C6E6E3B5G5C7F6B3A3C2A5E2A4B6E7D7A6G3D8C8E8,1.0,1.0,965.0,,,
F5D6C3D3C4F4C5B4C6E6E3B5G5C7F6B3A3C2A5E2A4B6E7D7A6G3D8C8E8F8,1.0,1.0,,,,
F5D6C3D3C4F4C5B4C6E6F6B3E3B5F3C7D2E7D7F7E8F8D8G5G4G6G8C2H6H5,1.0,1.0,,,,
F5D6C3D3C4F4C5B4C6E6F6D7C7D2E3F3E2G5G6B3B5G4F7C2D1,1.0,1.0,968.0,,,
F5D6C3D3C4F4C5B4C6E6F6D7C7D2E3F3E2G5G6B3B5G4F7C2D1C8,1.0,1.0,,,,
F5D6C3D3C4F4C5B4C6E6F6D2A3G6E3F7G3G5C2E7D1B3A4D7G4,1.0,1.0,970.0,,,
F5D6C3D3C4F4C5B4C6E6F6D2A3G6E3F7G3G5C2E7D1B3A4D7G4B5,1.0,1.0,,,,
F5D6C3D3C4F4C5B4C6E6F6D7F3G3E3B6C8E8C7,1.0,2.0,972.0,,,
F5D6C3D3C4F4C5B4C6E6F6D7F3G3E3B6C8E8C7E7,1.0,2.0,973.0,,,
F5D6C3D3C4F4C5B4C6E6F6D7F3G3E3B6C8E8C7E7A6,1.0,2.0,974.0,,,
F5D6C3D3C4F4C5B4C6E6F6D7F3G3E3B6C8E8C7E7A6G4,1.0,2.0,975.0,,,
F5D6C3D3C4F4C5B4C6E6F6D7F3G3E3B6C8E8C7E7A6G4G5,1.0,2.0,976.0,,,
F5D6C3D3C4F4C5B4C6E6F6D7F3G3E3B6C8E8C7E7A6G4G5H4,1.0,2.0,977.0,1233.0,,
F5D6C3D3C4F4C5B4C6E6F6D7F3G3E3B6C8E8C7E7A6G4G5H4A3,1.0,1.0,,,,
F5D6C3D3C4F4C5B4C6E6F6D2A3G6G5E7D7F7E3C8E2B6E8G3,2.0,1.0,979.0,,,
F5D6C3D3C4F4C5B4C6E6F6D2A3G6G5E7D7F7E3C8E2B6E8G3D8,2.0,1.0,980.0,,,
F5D6C3D3C4F4C5B4C6E6F6D2A3G6G5E7D7F7E3C8E2B6E8G3D8B5,2.0,1.0,981.0,,,
F5D6C3D3C4F4C5B4C6E6F6D2A3G6G5E7D7F7E3C8E2B6E8G3D8B5B8,2.0,1.0,982.0,1212.0,,
F5D6C3D3C4F4C5B4C6E6F6D2A3G6G5E7D7F7E3C8E2B6E8G3D8B5B8B3,1.0,1.0,983.0,,,
F5D6C3D3C4F4C5B4C6E6F6D2A3G6G5E7D7F7E3C8E2B6E8G3D8B5B8B3G4,1.0,1.0,,,,
F5D6C3D3C4F4C5B4C6E6F6B5B3G5A3A4D2F7A6A5B6C7F3D7,1.0,1.0,985.0,,,
F5D6C3D3C4F4C5B4C6E6F6B5B3G5A3A4D2F7A6A5B6C7F3D7E7,1.0,1.0,986.0,,,
F5D6C3D3C4F4C5B4C6E6F6B5B3G5A3A4D2F7A6A5B6C7F3D7E7E3,1.0,1.0,987.0,,,
F5D6C3D3C4F4C5B4C6E6F6B5B3G5A3A4D2F7A6A5B6C7F3D7E7E3E2,1.0,1.0,988.0,,,
F5D6C3D3C4F4C5B4C6E6F6B5B3G5A3A4D2F7A6A5B6C7F3D7E7E3E2F2,1.0,1.0,989.0,,,
F5D6C3D3C4F4C5B4C6E6F6B5B3G5A3A4D2F7A6A5B6C7F3D7E7E3E2F2G3,1.0,1.0,990.0,,,
F5D6C3D3C4F4C5B4C6E6F6B5B3G5A3A4D2F7A6A5B6C7F3D7E7E3E2F2G3G4,1.0,1.0,,,,
F5D6C3D3C4F4C5B4C6E6F6B5D2E7B6C7F7E3F2E2E8G5D7D1D8G6H6,1.0,1.0,992.0,,,
F5D6C3D3C4F4C5B4C6E6F6B5D2E7B6C7F7E3F2E2E8G5D7D1D8G6H6C8,1.0,1.0,993.0,,,
F5D6C3D3C4F4C5B4C6E6F6B5D2E7B6C7F7E3F2E2E8G5D7D1D8G6H6C8G3,1.0,1.0,994.0,,,
F5D6C3D3C4F4C5B4C6E6F6B5D2E7B6C7F7E3F2E2E8G5D7D1D8G6H6C8G3F3,1.0,1.0,,,,
F5D6C3D3C4F4C5B4C6E6A3B5E3F2F3A4B3G5G6G3H6F6G4H3H4E2D2B6D1G2,1.0,1.0,,,,
F5D6C3D3C4F4C5B4C6E6A3B5E3F2A6B6C7D2E2A4,1.0,1.0,997.0,,,
F5D6C3D3C4F4C5B4C6E6A3B5E3F2A6B6C7D2E2A4A5,1.0,1.0,,,,
F5D6C3D3C4F4C5B4C6E6F6D2A3G6E3F7G4B5,1.0,2.0,999.0,,,
F5D6C3D3C4F4C5B4C6E6F6D2A3G6E3F7G4B5A4,1.0,2.0,1000.0,,,
F5D6C3D3C4F4C5B4C6E6F6D2A3G6E3F7G4B5A4D7,1.0,2.0,1001.0,,,
F5D6C3D3C4F4C5B4C6E6F6D2A3G6E3F7G4B5A4D7C7,1.0,2.0,1002.0,,,
F5D6C3D3C4F4C5B4C6E6F6D2A3G6E3F7G4B5A4D7C7F2,1.0,2.0,1003.0,,,
F5D6C3D3C4F4C5B4C6E6F6D2A3G6E3F7G4B5A4D7C7F2D8,1.0,2.0,1004.0,,,
F5D6C3D3C4F4C5B4C6E6F6D2A3G6E3F7G4B5A4D7C7F2D8C8,1.0,2.0,1005.0,,,
F5D6C3D3C4F4C5B4C6E6F6D2A3G6E3F7G4B5A4D7C7F2D8C8B3,1.0,2.0,1006.0,,,
F5D6C3D3C4F4C5B4C6E6F6D2A3G6E3F7G4B5A4D7C7F2D8C8B3G3,1.0,2.0,1007.0,,,
F5D6C3D3C4F4C5B4C6E6F6D2A3G6E3F7G4B5A4D7C7F2D8C8B3G3E7,1.0,2.0,1008.0,,,
F5D6C3D3C4F4C5B4C6E6F6D2A3G6E3F7G4B5A4D7C7F2D8C8B3G3E7F3,1.0,2.0,1009.0,1155.0,,
F5D6C3D3C4F4C5B4C6E6F6D2A3G6E3F7G4B5A4D7C7F2D8C8B3G3E7F3C2,1.0,1.0,,,,
F5D6C3D3C4F4C5B4C6E6E3B5G5B3F3C2B6D2A5E2,1.0,2.0,1011.0,,,
F5D6C3D3C4F4C5B4C6E6E3B5G5B3F3C2B6D2A5E2F2,1.0,2.0,1012.0,,,
F5D6C3D3C4F4C5B4C6E6E3B5G5B3F3C2B6D2A5E2F2G3,1.0,2.0,1013.0,,,
F5D6C3D3C4F4C5B4C6E6E3B5G5B3F3C2B6D2A5E2F2G3G4,1.0,2.0,1014.0,,,
F5D6C3D3C4F4C5B4C6E6E3B5G5B3F3C2B6D2A5E2F2G3G4F6,1.0,2.0,1015.0,,,
F5D6C3D3C4F4C5B4C6E6E3B5G5B3F3C2B6D2A5E2F2G3G4F6F1,1.0,2.0,1016.0,,,
F5D6C3D3C4F4C5B4C6E6E3B5G5B3F3C2B6D2A5E2F2G3G4F6F1D1,1.0,2.0,1017.0,,,
F5D6C3D3C4F4C5B4C6E6E3B5G5B3F3C2B6D2A5E2F2G3G4F6F1D1H4,1.0,2.0,1018.0,,,
F5D6C3D3C4F4C5B4C6E6E3B5G5B3F3C2B6D2A5E2F2G3G4F6F1D1H4H6,1.0,2.0,1019.0,1160.0,,
F5D6C3D3C4F4C5B4C6E6E3B5G5B3F3C2B6D2A5E2F2G3G4F6F1D1H4H6C7,1.0,1.0,,,,
F5D6C3D3C4F4C5B4C6E6F6B3E3B5F3G4D2C2G5D1A5E2A4A6A7,4.0,1.0,1021.0,,,
F5D6C3D3C4F4C5B4C6E6F6B3E3B5F3G4D2C2G5D1A5E2A4A6A7B6,4.0,1.0,1022.0,,,
F5D6C3D3C4F4C5B4C6E6F6B3E3B5F3G4D2C2G5D1A5E2A4A6A7B6H3,4.0,1.0,1023.0,1189.0,,
F5D6C3D3C4F4C5B4C6E6F6B3E3B5F3G4D2C2G5D1A5E2A4A6A7B6H3E7,3.0,1.0,1024.0,,,
F5D6C3D3C4F4C5B4C6E6F6B3E3B5F3G4D2C2G5D1A5E2A4A6A7B6H3E7D7,3.0,1.0,1025.0,1058.0,1080.0,
F5D6C3D3C4F4C5B4C6E6F6B3E3B5F3G4D2C2G5D1A5E2A4A6A7B6H3E7D7E8,1.0,1.0,,,,
F5D6C3D3C4F4C5B4C6E6F6D7C7D2E3B3F3B5C8E8A5E7A4A3A2B6C1D1,1.0,1.0,,,,
F5D6C3D3C4F4C5B4C6E6F6D2A3G6G5E7D7F7E3B3E8B6G4A4B5A5C7C8F8,1.0,1.0,1028.0,,,
F5D6C3D3C4F4C5B4C6E6F6D2A3G6G5E7D7F7E3B3E8B6G4A4B5A5C7C8F8A2,1.0,1.0,,,,
F5D6C3D3C4F4C5B4C6E6F6B5B3G5A3A4D2F7A6A5B6C7F3E3G4,1.0,1.0,,,,
F5D6C3D3C4F4C5B4C6E6E3B5G5B3F3C2B6D2A5F2F1,1.0,1.0,1031.0,,,
F5D6C3D3C4F4C5B4C6E6E3B5G5B3F3C2B6D2A5F2F1C7,1.0,1.0,,,,
F5D6C3D3C4F4C5B4C6E6F6B5B3G5A3A4D2F7G3E2E3E7D7F3A6,1.0,1.0,,,,
F5D6C3D3C4F4C5B4C6E6E3B5G5B6F6B3A3C2F7G3D2F2D7C1A5A4E2F3D1H6,1.0,1.0,,,,
F5D6C3D3C4F4C5B4C6E6F6B3A4D7D2A3A5G5E3,1.0,2.0,1035.0,,,
F5D6C3D3C4F4C5B4C6E6F6B3A4D7D2A3A5G5E3B5,1.0,2.0,1036.0,,,
F5D6C3D3C4F4C5B4C6E6F6B3A4D7D2A3A5G5E3B5A2,1.0,2.0,1037.0,,,
F5D6C3D3C4F4C5B4C6E6F6B3A4D7D2A3A5G5E3B5A2E7,1.0,2.0,1038.0,,,
F5D6C3D3C4F4C5B4C6E6F6B3A4D7D2A3A5G5E3B5A2E7G3,1.0,2.0,1039.0,,,
F5D6C3D3C4F4C5B4C6E6F6B3A4D7D2A3A5G5E3B5A2E7G3F7,1.0,2.0,1040.0,1197.0,,
F5D6C3D3C4F4C5B4C6E6F6B3A4D7D2A3A5G5E3B5A2E7G3F7H6,1.0,1.0,,,,
F5D6C3D3C4F4C5B4C6E6F6B3E3B5F3C7D2E2C2C1F1E7D7E8F8F7A4A3A2,1.0,1.0,,,,
F5D6C3D3C4F4C5B4C6E6E3B5D7F6B6E7F3B3A3D8G4C7A4A6F8H3,2.0,1.0,1043.0,,,
F5D6C3D3C4F4C5B4C6E6E3B5D7F6B6E7F3B3A3D8G4C7A4A6F8H3G5,2.0,1.0,1044.0,1225.0,,
F5D6C3D3C4F4C5B4C6E6E3B5D7F6B6E7F3B3A3D8G4C7A4A6F8H3G5E8,1.0,1.0,1045.0,,,
F5D6C3D3C4F4C5B4C6E6E3B5D7F6B6E7F3B3A3D8G4C7A4A6F8H3G5E8F7,1.0,1.0,1046.0,,,
F5D6C3D3C4F4C5B4C6E6E3B5D7F6B6E7F3B3A3D8G4C7A4A6F8H3G5E8F7G3,1.0,1.0,,,,
F5D6C3D3C4F4C5B4C6E6F6D2E3B5F3G4A3A4A5A6A7B6G3F2H4G5C7H3,1.0,1.0,,,,
F5D6C3D3C4F4C5B4C6E6E3B5D7F6B6E7F3B3A3D8G4C7A4H3C8A5G5H4H6G6,1.0,1.0,,,,
F5D6C3D3C4F4C5B4C6E6F6B5D2E7B6C7F7E3F2G5G6F3,1.0,2.0,1050.0,,,
F5D6C3D3C4F4C5B4C6E6F6B5D2E7B6C7F7E3F2G5G6F3H5,1.0,2.0,1051.0,,,
F5D6C3D3C4F4C5B4C6E6F6B5D2E7B6C7F7E3F2G5G6F3H5E2,1.0,2.0,1052.0,,,
F5D6C3D3C4F4C5B4C6E6F6B5D2E7B6C7F7E3F2G5G6F3H5E2E8,1.0,2.0,1053.0,,,
F5D6C3D3C4F4C5B4C6E6F6B5D2E7B6C7F7E3F2G5G6F3H5E2E8C1,1.0,2.0,1054.0,1193.0,,
F5D6C3D3C4F4C5B4C6E6F6B5D2E7B6C7F7E3F2G5G6F3H5E2E8C1D8,1.0,1.0,1055.0,,,
F5D6C3D3C4F4C5B4C6E6F6B5D2E7B6C7F7E3F2G5G6F3H5E2E8C1D8B3,1.0,1.0,1056.0,,,
F5D6C3D3C4F4C5B4C6E6F6B5D2E7B6C7F7E3F2G5G6F3H5E2E8C1D8B3A5,1.0,1.0,1057.0,,,
F5D6C3D3C4F4C5B4C6E6F6B5D2E7B6C7F7E3F2G5G6F3H5E2E8C1D8B3A5C8,1.0,1.0,,,,
F5D6C3D3C4F4C5B4C6E6F6B3E3B5F3G4D2C2G5D1A5E2A4A6A7B6H3E7D7D8,1.0,1.0,,,,
F5D6C3D3C4F4C5B4C6E6E3B5G5B3F3C2B6D7A6E2,1.0,1.0,,,,
F5D6C3D3C4F4C5B4C6E6F6D2E3B5F3G4A3A4A5A6A7B6G3F2H4G5H5,1.0,1.0,,,,
F5D6C3D3C4F4C5B4C6E6A3B5E3F2F3A4B3G5D7E7F6G4H4H5A5D8G6,1.0,1.0,,,,
F5D6C3D3C4F4C5B4C6E6F6B5B3G5A3A4D2F7A6A5B6C7F3E3E7G3E2,1.0,1.0,,,,
F5D6C3D3C4F4C5B4C6E6F6B5B3G5A3A4D2F7G3E3A6A5B6D7C7E2D8B2,1.0,1.0,,,,
F5D6C3D3C4F4C5B4C6E6E3B5G5B6F6B3A3C2F7A4D2F3D7G4C7H6H3,1.0,1.0,,,,
F5D6C3D3C4F4C5B4C6E6F6D2A3G6G5E7D7D8E2C2F8B3G3E8F3E3B5F2C8H3,1.0,1.0,,,,
F5D6C3D3C4F4C5B4C6E6F6D2E3F3E2D7C1F2,1.0,1.0,,,,
F5D6C3D3C4F4C5B4C6E6F6D2A3G6G5E7D7F7E3B3E8B6G4A4B5A5C7F2,1.0,1.0,,,,
F5D6C3D3C4F4C5B4C6E6F6D2A3G6E3F7E2F3G5H6F2D7C7G3,1.0,1.0,,,,
F5D6C3D3C4F4C5B4C6E6E3B5D7F6B6E7F3D8G4C7A4D2E2H3H5C2B3A6F8G3,1.0,1.0,,,,
F5D6C3D3C4F4C5B4C6E6A3B5E3F2F3A4B3G5G6G3H6F6G4H3C7E7D7B6,1.0,1.0,1071.0,,,
F5D6C3D3C4F4C5B4C6E6A3B5E3F2F3A4B3G5G6G3H6F6G4H3C7E7D7B6H4,1.0,1.0,1072.0,,,
F5D6C3D3C4F4C5B4C6E6A3B5E3F2F3A4B3G5G6G3H6F6G4H3C7E7D7B6H4D2,1.0,1.0,,,,
F5D6C3D3C4F4C5B4C6E6F6D7C7D2E3F3E2G5G6B3B5G4C1,1.0,1.0,1074.0,,,
F5D6C3D3C4F4C5B4C6E6F6D7C7D2E3F3E2G5G6B3B5G4C1F7,1.0,1.0,,,,
F5D6C3D3C4F4C5B4C6E6F6B3E3B5F3C7D2E2C2C1F1E7D7E8F8F7A6,1.0,1.0,,,,
F5D6C3D3C4F4C5B4C6E6E3B5D7F6B6E7F3D8G4C7A4D2C2A6D1,1.0,2.0,1077.0,,,
F5D6C3D3C4F4C5B4C6E6E3B5D7F6B6E7F3D8G4C7A4D2C2A6D1H3,1.0,2.0,1078.0,1211.0,,
F5D6C3D3C4F4C5B4C6E6E3B5D7F6B6E7F3D8G4C7A4D2C2A6D1H3F8,1.0,1.0,1079.0,,,
F5D6C3D3C4F4C5B4C6E6E3B5D7F6B6E7F3D8G4C7A4D2C2A6D1H3F8E8,1.0,1.0,,,,
F5D6C3D3C4F4C5B4C6E6F6B3E3B5F3G4D2C2G5D1A5E2A4A6A7B6H3E7D7A3,1.0,1.0,,,,
F5D6C3D3C4F4C5B4C6E6F6B3E3B5F3C7D2E7E8D1C1,1.0,1.0,,,,
F5D6C3D3C4F4C5B4C6E6E3B5D7F6B6E7F3D8G4C7A4D2C2A6F8H3E1C1B3,1.0,1.0,,,,
F5D6C3D3C4F4C5B4C6E6F6B3E3B5F3G4D2C2G5D1A5E2A4A6B6A3F1E1,1.0,1.0,,,,
F5D6C3D3C4F4C5B4C6E6F6B5D2E7B6C7F7E3F2E2E8G5D7G6D8D1H6,1.0,1.0,1085.0,,,
F5D6C3D3C4F4C5B4C6E6F6B5D2E7B6C7F7E3F2E2E8G5D7G6D8D1H6C8,1.0,1.0,1086.0,,,
F5D6C3D3C4F4C5B4C6E6F6B5D2E7B6C7F7E3F2E2E8G5D7G6D8D1H6C8G3,1.0,1.0,1087.0,,,
F5D6C3D3C4F4C5B4C6E6F6B5D2E7B6C7F7E3F2E2E8G5D7G6D8D1H6C8G3F3,1.0,1.0,,,,
F5D6C3D3C4F4C5B4C6E6F6D2A3G6E3F7G4B3E7D8H6A5A4A2E2F2C1,1.0,1.0,1089.0,,,
F5D6C3D3C4F4C5B4C6E6F6D2A3G6E3F7G4B3E7D8H6A5A4A2E2F2C1G5,1.0,1.0,,,,
F5D6C3D3C4F4C5B4C6E6F6B3A4D7D2A3A5G5A2B6C8,1.0,1.0,,,,
F5D6C3D3C4F4C5B4C6E6E3B5G5B6F6B3A3C2F7F3A5A4,2.0,1.0,1092.0,,,
F5D6C3D3C4F4C5B4C6E6E3B5G5B6F6B3A3C2F7F3A5A4D7,2.0,1.0,1093.0,,,
F5D6C3D3C4F4C5B4C6E6E3B5G5B6F6B3A3C2F7F3A5A4D7G4,2.0,1.0,1094.0,,,
F5D6C3D3C4F4C5B4C6E6E3B5G5B6F6B3A3C2F7F3A5A4D7G4C7,2.0,1.0,1095.0,1114.0,,
F5D6C3D3C4F4C5B4C6E6E3B5G5B6F6B3A3C2F7F3A5A4D7G4C7H6,1.0,1.0,1096.0,,,
F5D6C3D3C4F4C5B4C6E6E3B5G5B6F6B3A3C2F7F3A5A4D7G4C7H6A6,1.0,1.0,,,,
F5D6C3D3C4F4C5B4C6E6E3B5D7F6B6E7F3D8G4C7A4H3H5D2E2C2B3A6F8A5,1.0,1.0,,,,
F5D6C3D3C4F4C5B4C6E6E3B5D7F6B6E7F3D8G4C7A4D2E2H3H5C2B3A6G6,1.0,1.0,1099.0,,,
F5D6C3D3C4F4C5B4C6E6E3B5D7F6B6E7F3D8G4C7A4D2E2H3H5C2B3A6G6A5,1.0,1.0,,,,
F5D6C3D3C4F4C5B4C6E6F6D2E3B5F3G4A3A4A5A6A7B6G3F2G5,1.0,1.0,,,,
F5D6C3D3C4F4C5B4C6E6E3B5G5B3F3C2B6D2A5F2E2G6F1H5A4A3E1D1,1.0,1.0,,,,
F5D6C3D3C4F4C5B4C6E6E3B5D7F6B6E7F3B3A3D8G4C7A4A6G6,2.0,1.0,1103.0,,,
F5D6C3D3C4F4C5B4C6E6E3B5D7F6B6E7F3B3A3D8G4C7A4A6G6G5,2.0,1.0,1104.0,,,
F5D6C3D3C4F4C5B4C6E6E3B5D7F6B6E7F3B3A3D8G4C7A4A6G6G5F7,2.0,1.0,1105.0,1208.0,,
F5D6C3D3C4F4C5B4C6E6E3B5D7F6B6E7F3B3A3D8G4C7A4A6G6G5F7H3,1.0,1.0,1106.0,,,
F5D6C3D3C4F4C5B4C6E6E3B5D7F6B6E7F3B3A3D8G4C7A4A6G6G5F7H3A5,1.0,1.0,,,,
F5D6C3D3C4F4C5B4C6E6F6B3E3B5F3C7D2E7E8D1A4A3A2,1.0,1.0,,,,
F5D6C3D3C4F4C5B4C6E6E3B5G5B6F6B3A3C2F7G3D7E2C7A4F2D2D1C8,1.0,1.0,1109.0,,,
F5D6C3D3C4F4C5B4C6E6E3B5G5B6F6B3A3C2F7G3D7E2C7A4F2D2D1C8F1,1.0,1.0,1110.0,,,
F5D6C3D3C4F4C5B4C6E6E3B5G5B6F6B3A3C2F7G3D7E2C7A4F2D2D1C8F1G6,1.0,1.0,,,,
F5D6C3D3C4F4C5B4C6E6E3B5G5B3F3B6A3C2A4A5A6D2E2G6A7F1D7E7,1.0,1.0,1112.0,,,
F5D6C3D3C4F4C5B4C6E6E3B5G5B3F3B6A3C2A4A5A6D2E2G6A7F1D7E7G4,1.0,1.0,1113.0,,,
F5D6C3D3C4F4C5B4C6E6E3B5G5B3F3B6A3C2A4A5A6D2E2G6A7F1D7E7G4F2,1.0,1.0,,,,
F5D6C3D3C4F4C5B4C6E6E3B5G5B6F6B3A3C2F7F3A5A4D7G4C7A6,1.0,1.0,,,,
F5D6C3D3C4F4C5B4C6E6F6B5B3G5A3A4D2F7G3E2E3E7D7F3G6E8G4F2D1H3,1.0,1.0,,,,
F5D6C3D3C4F4C5B4C6E6F6B3A4D7D2A3A5G5A2B6A6C2C8E1G3,2.0,1.0,1117.0,,,
F5D6C3D3C4F4C5B4C6E6F6B3A4D7D2A3A5G5A2B6A6C2C8E1G3B7,2.0,1.0,1118.0,,,
F5D6C3D3C4F4C5B4C6E6F6B3A4D7D2A3A5G5A2B6A6C2C8E1G3B7B5,2.0,1.0,1119.0,1191.0,,
F5D6C3D3C4F4C5B4C6E6F6B3A4D7D2A3A5G5A2B6A6C2C8E1G3B7B5E3,1.0,1.0,1120.0,,,
F5D6C3D3C4F4C5B4C6E6F6B3A4D7D2A3A5G5A2B6A6C2C8E1G3B7B5E3C1,1.0,1.0,1121.0,,,
F5D6C3D3C4F4C5B4C6E6F6B3A4D7D2A3A5G5A2B6A6C2C8E1G3B7B5E3C1F7,1.0,1.0,,,,
F5D6C3D3C4F4C5B4C6E6F6B3E3B5F3G4A5E2H3A6A7B6C7G5G3H4A4D7E8,1.0,1.0,,,,
F5D6C3D3C4F4C5B4C6E6E3B5D7F6B6E7F3D8A6B3,1.0,1.0,1124.0,,,
F5D6C3D3C4F4C5B4C6E6E3B5D7F6B6E7F3D8A6B3A5,1.0,1.0,1125.0,,,
F5D6C3D3C4F4C5B4C6E6E3B5D7F6B6E7F3D8A6B3A5C7,1.0,1.0,,,,
F5D6C3D3C4F4C5B4C6E6F6D7F3G3E3B6E7C7D8B5C8F2E2C2,1.0,1.0,,,,
F5D6C3D3C4F4C5B4C6E6F6D2A3G6E3F7G4B3E7D8H6D7,1.0,1.0,1128.0,,,
F5D6C3D3C4F4C5B4C6E6F6D2A3G6E3F7G4B3E7D8H6D7C7,1.0,1.0,1129.0,,,
F5D6C3D3C4F4C5B4C6E6F6D2A3G6E3F7G4B3E7D8H6D7C7B6,1.0,1.0,1130.0,,,
F5D6C3D3C4F4C5B4C6E6F6D2A3G6E3F7G4B3E7D8H6D7C7B6A6,1.0,1.0,1131.0,,,
F5D6C3D3C4F4C5B4C6E6F6D2A3G6E3F7G4B3E7D8H6D7C7B6A6A4,1.0,1.0,1132.0,,,
F5D6C3D3C4F4C5B4C6E6F6D2A3G6E3F7G4B3E7D8H6D7C7B6A6A4A5,1.0,1.0,1133.0,,,
F5D6C3D3C4F4C5B4C6E6F6D2A3G6E3F7G4B3E7D8H6D7C7B6A6A4A5E2,1.0,1.0,1134.0,,,
F5D6C3D3C4F4C5B4C6E6F6D2A3G6E3F7G4B3E7D8H6D7C7B6A6A4A5E2F2,1.0,1.0,1135.0,,,
F5D6C3D3C4F4C5B4C6E6F6D2A3G6E3F7G4B3E7D8H6D7C7B6A6A4A5E2F2B5,1.0,1.0,,,,
F5D6C3D3C4F4C5B4C6E6E3B5D7F6B6E7F3D8G4C7A4D2E2H3E1G3,1.0,1.0,1137.0,,,
F5D6C3D3C4F4C5B4C6E6E3B5D7F6B6E7F3D8G4C7A4D2E2H3E1G3A6,1.0,1.0,1138.0,,,
F5D6C3D3C4F4C5B4C6E6E3B5D7F6B6E7F3D8G4C7A4D2E2H3E1G3A6A5,1.0,1.0,1139.0,,,
F5D6C3D3C4F4C5B4C6E6E3B5D7F6B6E7F3D8G4C7A4D2E2H3E1G3A6A5H5,1.0,1.0,,,,
F5D6C3D3C4F4C5B4C6E6A3B5E3F2F3A4B3G5G6G3H6F6G4H3C7E7D7H4B6,1.0,1.0,1141.0,,,
F5D6C3D3C4F4C5B4C6E6A3B5E3F2F3A4B3G5G6G3H6F6G4H3C7E7D7H4B6A5,1.0,1.0,,,,
F5D6C3D3C4F4C5B4C6E6F6B3E3B5F3G4D2C2G5D1A5B6A6E2A4E7G3,1.0,1.0,,,,
F5D6C3D3C4F4C5B4C6E6F6B3E3B5F3C7D2E2C2C1B6,1.0,1.0,1144.0,,,
F5D6C3D3C4F4C5B4C6E6F6B3E3B5F3C7D2E2C2C1B6A5,1.0,1.0,1145.0,,,
F5D6C3D3C4F4C5B4C6E6F6B3E3B5F3C7D2E2C2C1B6A5F1,1.0,1.0,1146.0,,,
F5D6C3D3C4F4C5B4C6E6F6B3E3B5F3C7D2E2C2C1B6A5F1E7,1.0,1.0,1147.0,,,
F5D6C3D3C4F4C5B4C6E6F6B3E3B5F3C7D2E2C2C1B6A5F1E7D7,1.0,1.0,1148.0,,,
F5D6C3D3C4F4C5B4C6E6F6B3E3B5F3C7D2E2C2C1B6A5F1E7D7F7,1.0,1.0,1149.0,,,
F5D6C3D3C4F4C5B4C6E6F6B3E3B5F3C7D2E2C2C1B6A5F1E7D7F7E8,1.0,1.0,1150.0,,,
F5D6C3D3C4F4C5B4C6E6F6B3E3B5F3C7D2E2C2C1B6A5F1E7D7F7E8D8,1.0,1.0,1151.0,,,
F5D6C3D3C4F4C5B4C6E6F6B3E3B5F3C7D2E2C2C1B6A5F1E7D7F7E8D8F8,1.0,1.0,1152.0,,,
F5D6C3D3C4F4C5B4C6E6F6B3E3B5F3C7D2E2C2C1B6A5F1E7D7F7E8D8F8D1,1.0,1.0,,,,
F5D6C3D3C4F4C5B4C6E6F6B5B3G5A3A4D2E2E3F7E7F3G6D1,1.0,1.0,1154.0,,,
F5D6C3D3C4F4C5B4C6E6F6B5B3G5A3A4D2E2E3F7E7F3G6D1C2,1.0,1.0,,,,
F5D6C3D3C4F4C5B4C6E6F6D2A3G6E3F7G4B5A4D7C7F2D8C8B3G3E7F3G5,1.0,1.0,1156.0,,,
F5D6C3D3C4F4C5B4C6E6F6D2A3G6E3F7G4B5A4D7C7F2D8C8B3G3E7F3G5B6,1.0,1.0,,,,
F5D6C3D3C4F4C5B4C6E6A3B5E3F2F3A4B3G5D7E7F6G4H4H5A5D8H3G3,1.0,1.0,1158.0,,,
F5D6C3D3C4F4C5B4C6E6A3B5E3F2F3A4B3G5D7E7F6G4H4H5A5D8H3G3H6,1.0,1.0,1159.0,,,
F5D6C3D3C4F4C5B4C6E6A3B5E3F2F3A4B3G5D7E7F6G4H4H5A5D8H3G3H6B6,1.0,1.0,,,,
F5D6C3D3C4F4C5B4C6E6E3B5G5B3F3C2B6D2A5E2F2G3G4F6F1D1H4H6C1,2.0,1.0,1161.0,1254.0,,
F5D6C3D3C4F4C5B4C6E6E3B5G5B3F3C2B6D2A5E2F2G3G4F6F1D1H4H6C1H5,1.0,1.0,,,,
F5D6C3D3C4F4C5B4C6E6F6B3E3B5F3G4A5E2H3A6A7B6G3C7A4E7F2H4A3,1.0,1.0,1163.0,,,
F5D6C3D3C4F4C5B4C6E6F6B3E3B5F3G4A5E2H3A6A7B6G3C7A4E7F2H4A3D2,1.0,1.0,,,,
F5D6C3D3C4F4C5B4C6E6F6D7C7D2E3F3E2G5A3,1.0,1.0,1165.0,,,
F5D6C3D3C4F4C5B4C6E6F6D7C7D2E3F3E2G5A3C2,1.0,1.0,,,,
F5D6C3D3C4F4C5B4C6E6E3B5G5B6F6B3A3C2F7A4D2F3D7G4C7H6C1A2H3,1.0,1.0,,,,
F5D6C3D3C4F4C5B4C6E6E3B5G5B6F6B3A3C2F7F3A5A6,1.0,1.0,1168.0,,,
F5D6C3D3C4F4C5B4C6E6E3B5G5B6F6B3A3C2F7F3A5A6A4,1.0,1.0,1169.0,,,
F5D6C3D3C4F4C5B4C6E6E3B5G5B6F6B3A3C2F7F3A5A6A4E7,1.0,1.0,,,,
F5D6C3D3C4F4C5B4C6E6F6B5D2E7B6C7F7E3F2G5G6F8H5F3A3A4A5C2B3F1,1.0,1.0,,,,
F5D6C3D3C4F4C5B4C6E6F6B5B3G5A3A4D2F7G3G4,1.0,1.0,1172.0,,,
F5D6C3D3C4F4C5B4C6E6F6B5B3G5A3A4D2F7G3G4E7,1.0,1.0,1173.0,,,
F5D6C3D3C4F4C5B4C6E6F6B5B3G5A3A4D2F7G3G4E7E8,1.0,1.0,1174.0,,,
F5D6C3D3C4F4C5B4C6E6F6B5B3G5A3A4D2F7G3G4E7E8H5,1.0,1.0,1175.0,,,
F5D6C3D3C4F4C5B4C6E6F6B5B3G5A3A4D2F7G3G4E7E8H5H6,1.0,1.0,1176.0,,,
F5D6C3D3C4F4C5B4C6E6F6B5B3G5A3A4D2F7G3G4E7E8H5H6E3,1.0,1.0,1177.0,,,
F5D6C3D3C4F4C5B4C6E6F6B5B3G5A3A4D2F7G3G4E7E8H5H6E3D7,1.0,1.0,1178.0,,,
F5D6C3D3C4F4C5B4C6E6F6B5B3G5A3A4D2F7G3G4E7E8H5H6E3D7H4,1.0,1.0,,,,
F5D6C3D3C4F4C5B4C6E6E3B5D7F6B6E7F3D8G4C7A4D2C2A6E1A3,1.0,1.0,1180.0,,,
F5D6C3D3C4F4C5B4C6E6E3B5D7F6B6E7F3D8G4C7A4D2C2A6E1A3A5,1.0,1.0,1181.0,,,
F5D6C3D3C4F4C5B4C6E6E3B5D7F6B6E7F3D8G4C7A4D2C2A6E1A3A5H3,1.0,1.0,1182.0,,,
F5D6C3D3C4F4C5B4C6E6E3B5D7F6B6E7F3D8G4C7A4D2C2A6E1A3A5H3G5,1.0,1.0,,,,
F5D6C3D3C4F4C5B4C6E6F6B5B3G5A3A4D2E2E3F7G3E7D7F3G6E8G4,2.0,1.0,1184.0,,,
F5D6C3D3C4F4C5B4C6E6F6B5B3G5A3A4D2E2E3F7G3E7D7F3G6E8G4F2,2.0,1.0,1185.0,,,
F5D6C3D3C4F4C5B4C6E6F6B5B3G5A3A4D2E2E3F7G3E7D7F3G6E8G4F2D1,2.0,1.0,1186.0,1221.0,,
F5D6C3D3C4F4C5B4C6E6F6B5B3G5A3A4D2E2E3F7G3E7D7F3G6E8G4F2D1C1,1.0,1.0,,,,
F5D6C3D3C4F4C5B4C6E6F6D2E3B5F3G4A3A4A5A6A7B6G5,1.0,1.0,,,,
F5D6C3D3C4F4C5B4C6E6F6D7C7D2E3B3F3B5C8E8A5E7A4A3A2B6C1F2A6G6,1.0,1.0,,,,
F5D6C3D3C4F4C5B4C6E6F6B3E3B5F3G4D2C2G5D1A5E2A4A6A7B6H3A3,1.0,1.0,1190.0,,,
F5D6C3D3C4F4C5B4C6E6F6B3E3B5F3G4D2C2G5D1A5E2A4A6A7B6H3A3A2,1.0,1.0,,,,
F5D6C3D3C4F4C5B4C6E6F6B3A4D7D2A3A5G5A2B6A6C2C8E1G3B7B5F3,1.0,1.0,,,,
F5D6C3D3C4F4C5B4C6E6A3B5E3F2F3A4B3G5D7E7G4F6H6H3H4G3E2B6,1.0,1.0,,,,
F5D6C3D3C4F4C5B4C6E6F6B5D2E7B6C7F7E3F2G5G6F3H5E2E8C1D1,1.0,1.0,1194.0,,,
F5D6C3D3C4F4C5B4C6E6F6B5D2E7B6C7F7E3F2G5G6F3H5E2E8C1D1F8,1.0,1.0,1195.0,,,
F5D6C3D3C4F4C5B4C6E6F6B5D2E7B6C7F7E3F2G5G6F3H5E2E8C1D1F8E1,1.0,1.0,1196.0,,,
F5D6C3D3C4F4C5B4C6E6F6B5D2E7B6C7F7E3F2G5G6F3H5E2E8C1D1F8E1D8,1.0,1.0,,,,
F5D6C3D3C4F4C5B4C6E6F6B3A4D7D2A3A5G5E3B5A2E7G3F7G6,2.0,1.0,1198.0,,,
F5D6C3D3C4F4C5B4C6E6F6B3A4D7D2A3A5G5E3B5A2E7G3F7G6F3,2.0,1.0,1199.0,,,
F5D6C3D3C4F4C5B4C6E6F6B3A4D7D2A3A5G5E3B5A2E7G3F7G6F3A6,2.0,1.0,1200.0,,,
F5D6C3D3C4F4C5B4C6E6F6B3A4D7D2A3A5G5E3B5A2E7G3F7G6F3A6E2,2.0,1.0,1201.0,,,
F5D6C3D3C4F4C5B4C6E6F6B3A4D7D2A3A5G5E3B5A2E7G3F7G6F3A6E2B6,2.0,1.0,1202.0,1253.0,,
F5D6C3D3C4F4C5B4C6E6F6B3A4D7D2A3A5G5E3B5A2E7G3F7G6F3A6E2B6H5,1.0,1.0,,,,
F5D6C3D3C4F4C5B4C6E6F6D2A3G6G5E7D7F7E3B3E8B6G4A4A5B5F8F2,2.0,1.0,1204.0,,,
F5D6C3D3C4F4C5B4C6E6F6D2A3G6G5E7D7F7E3B3E8B6G4A4A5B5F8F2E2,2.0,1.0,1205.0,1252.0,,
F5D6C3D3C4F4C5B4C6E6F6D2A3G6G5E7D7F7E3B3E8B6G4A4A5B5F8F2E2H5,1.0,1.0,,,,
F5D6C3D3C4F4C5B4C6E6E3B5D7F6B6E7F3D8A6A5G4A7C7B3G5C2A3,1.0,1.0,,,,
F5D6C3D3C4F4C5B4C6E6F6B5D2E7B6C7F7E3F2E2E8G5D7G6A3,1.0,1.0,,,,
F5D6C3D3C4F4C5B4C6E6E3B5D7F6B6E7F3B3A3D8G4C7A4A6G6G5F7H6,1.0,1.0,,,,
F5D6C3D3C4F4C5B4C6E6E3B5G5B6F6B3A3C2F7A4D2F3D7G4C1,1.0,1.0,,,,
F5D6C3D3C4F4C5B4C6E6F6D7C7D2E3F3E2G5G6B3B5G4F2,1.0,1.0,,,,
F5D6C3D3C4F4C5B4C6E6E3B5D7F6B6E7F3D8G4C7A4D2C2A6D1H3H5,1.0,1.0,,,,
F5D6C3D3C4F4C5B4C6E6F6D2A3G6G5E7D7F7E3C8E2B6E8G3D8B5B8F8,1.0,1.0,1213.0,,,
F5D6C3D3C4F4C5B4C6E6F6D2A3G6G5E7D7F7E3C8E2B6E8G3D8B5B8F8G8,1.0,1.0,1214.0,,,
F5D6C3D3C4F4C5B4C6E6F6D2A3G6G5E7D7F7E3C8E2B6E8G3D8B5B8F8G8C7,1.0,1.0,,,,
F5D6C3D3C4F4C5B4C6E6E3B5G5B3F3C2B6D7A6D2E2G6F7E7D1H5,1.0,1.0,1216.0,,,
F5D6C3D3C4F4C5B4C6E6E3B5G5B3F3C2B6D7A6D2E2G6F7E7D1H5C1,1.0,1.0,1217.0,,,
F5D6C3D3C4F4C5B4C6E6E3B5G5B3F3C2B6D7A6D2E2G6F7E7D1H5C1G4,1.0,1.0,1218.0,,,
F5D6C3D3C4F4C5B4C6E6E3B5G5B3F3C2B6D7A6D2E2G6F7E7D1H5C1G4D8,1.0,1.0,1219.0,,,
F5D6C3D3C4F4C5B4C6E6E3B5G5B3F3C2B6D7A6D2E2G6F7E7D1H5C1G4D8C8,1.0,1.0,,,,
F5D6C3D3C4F4C5B4C6E6F6B5D2E7B6C7F7E3F2E2E8G5D7C8D8G6B8D1F3G3,1.0,1.0,,,,
F5D6C3D3C4F4C5B4C6E6F6B5B3G5A3A4D2E2E3F7G3E7D7F3G6E8G4F2D1H3,1.0,1.0,,,,
F5D6C3D3C4F4C5B4C6E6F6D2A3G6E3F7G3G5C2E7E1B3G4F3D7H3E8D1,1.0,1.0,1223.0,,,
F5D6C3D3C4F4C5B4C6E6F6D2A3G6E3F7G3G5C2E7E1B3G4F3D7H3E8D1C1,1.0,1.0,1224.0,,,
F5D6C3D3C4F4C5B4C6E6F6D2A3G6E3F7G3G5C2E7E1B3G4F3D7H3E8D1C1H4,1.0,1.0,,,,
F5D6C3D3C4F4C5B4C6E6E3B5D7F6B6E7F3B3A3D8G4C7A4A6F8H3G5G3,1.0,1.0,,,,
F5D6C3D3C4F4C5B4C6E6F6B5D2E7B6C7F7E3F2E2E8G5D7C8D8G6B8D1A3,1.0,1.0,,,,
F5D6C3D3C4F4C5B4C6E6E3B5G5C7F6B3A3C2A5E2A4A6F7E7C8,1.0,1.0,1228.0,,,
F5D6C3D3C4F4C5B4C6E6E3B5G5C7F6B3A3C2A5E2A4A6F7E7C8B6,1.0,1.0,1229.0,,,
F5D6C3D3C4F4C5B4C6E6E3B5G5C7F6B3A3C2A5E2A4A6F7E7C8B6A7,1.0,1.0,1230.0,,,
F5D6C3D3C4F4C5B4C6E6E3B5G5C7F6B3A3C2A5E2A4A6F7E7C8B6A7G3,1.0,1.0,1231.0,,,
F5D6C3D3C4F4C5B4C6E6E3B5G5C7F6B3A3C2A5E2A4A6F7E7C8B6A7G3D8,1.0,1.0,1232.0,,,
F5D6C3D3C4F4C5B4C6E6E3B5G5C7F6B3A3C2A5E2A4A6F7E7C8B6A7G3D8E8,1.0,1.0,,,,
F5D6C3D3C4F4C5B4C6E6F6D7F3G3E3B6C8E8C7E7A6G4G5H4D8,1.0,1.0,1234.0,,,
F5D6C3D3C4F4C5B4C6E6F6D7F3G3E3B6C8E8C7E7A6G4G5H4D8B8,1.0,1.0,1235.0,,,
F5D6C3D3C4F4C5B4C6E6F6D7F3G3E3B6C8E8C7E7A6G4G5H4D8B8G6,1.0,1.0,,,,
F5D6C3D3C4F4C5B4C6E6E3B5G5B3F3C2B6D7A5,1.0,1.0,1237.0,,,
F5D6C3D3C4F4C5B4C6E6E3B5G5B3F3C2B6D7A5D2,1.0,1.0,1238.0,,,
F5D6C3D3C4F4C5B4C6E6E3B5G5B3F3C2B6D7A5D2E2,1.0,1.0,1239.0,,,
F5D6C3D3C4F4C5B4C6E6E3B5G5B3F3C2B6D7A5D2E2G6,1.0,1.0,1240.0,,,
F5D6C3D3C4F4C5B4C6E6E3B5G5B3F3C2B6D7A5D2E2G6F7,1.0,1.0,1241.0,,,
F5D6C3D3C4F4C5B4C6E6E3B5G5B3F3C2B6D7A5D2E2G6F7E7,1.0,1.0,1242.0,,,
F5D6C3D3C4F4C5B4C6E6E3B5G5B3F3C2B6D7A5D2E2G6F7E7D8,1.0,1.0,1243.0,,,
F5D6C3D3C4F4C5B4C6E6E3B5G5B3F3C2B6D7A5D2E2G6F7E7D8C8,1.0,1.0,1244.0,,,
F5D6C3D3C4F4C5B4C6E6E3B5G5B3F3C2B6D7A5D2E2G6F7E7D8C8C7,1.0,1.0,1245.0,,,
F5D6C3D3C4F4C5B4C6E6E3B5G5B3F3C2B6D7A5D2E2G6F7E7D8C8C7E8,1.0,1.0,1246.0,,,
F5D6C3D3C4F4C5B4C6E6E3B5G5B3F3C2B6D7A5D2E2G6F7E7D8C8C7E8D1,1.0,1.0,1247.0,,,
F5D6C3D3C4F4C5B4C6E6E3B5G5B3F3C2B6D7A5D2E2G6F7E7D8C8C7E8D1A6,1.0,1.0,,,,
F5D6C3D3C4F4C5B4C6E6F6D7F3G3E3B6C8B5G4C2B3A4H3E7D8F8C7D2D1E8,1.0,1.0,,,,
F5D6C3D3C4F4C5B4C6E6F6B5D2E7B6C7F7E3F2G5G6F8H5F3G4G3E2C2A6,1.0,1.0,,,,
F5D6C3D3C4F4C5B4C6E6E3B5D7F6B6E7F3D8G4C7A4D2E2H3H5C2B3A6E1,1.0,1.0,1251.0,,,
F5D6C3D3C4F4C5B4C6E6E3B5D7F6B6E7F3D8G4C7A4D2E2H3H5C2B3A6E1D1,1.0,1.0,,,,
F5D6C3D3C4F4C5B4C6E6F6D2A3G6G5E7D7F7E3B3E8B6G4A4A5B5F8F2E2F1,1.0,1.0,,,,
F5D6C3D3C4F4C5B4C6E6F6B3A4D7D2A3A5G5E3B5A2E7G3F7G6F3A6E2B6C7,1.0,1.0,,,,
F5D6C3D3C4F4C5B4C6E6E3B5G5B3F3C2B6D2A5E2F2G3G4F6F1D1H4H6C1H3,1.0,1.0,,,,
F5D6C3D3C4F4C5B4C6E6A3B5E3F2F3A4B3G5D7E7G4F6E2,1.0,1.0,1256.0,,,
F5D6C3D3C4F4C5B4C6E6A3B5E3F2F3A4B3G5D7E7G4F6E2E1,1.0,1.0,1257.0,,,
F5D6C3D3C4F4C5B4C6E6A3B5E3F2F3A4B3G5D7E7G4F6E2E1H5,1.0,1.0,1258.0,,,
F5D6C3D3C4F4C5B4C6E6A3B5E3F2F3A4B3G5D7E7G4F6E2E1H5G6,1.0,1.0,1259.0,,,
F5D6C3D3C4F4C5B4C6E6A3B5E3F2F3A4B3G5D7E7G4F6E2E1H5G6G3,1.0,1.0,1260.0,,,
F5D6C3D3C4F4C5B4C6E6A3B5E3F2F3A4B3G5D7E7G4F6E2E1H5G6G3H6,1.0,1.0,1261.0,,,
F5D6C3D3C4F4C5B4C6E6A3B5E3F2F3A4B3G5D7E7G4F6E2E1H5G6G3H6A6,1.0,1.0,1262.0,,,
F5D6C3D3C4F4C5B4C6E6A3B5E3F2F3A4B3G5D7E7G4F6E2E1H5G6G3H6A6A5,1.0,1.0,,,,
