,num4black,num4white,0,1,2,3,4,5,6
F5,12.0,2.0,1.0,,,,,,
F5D6,12.0,2.0,2.0,,,,,,
F5D6C3,12.0,2.0,3.0,,,,,,
F5D6C3D3,12.0,2.0,4.0,,,,,,
F5D6C3D3C4,12.0,2.0,5.0,,,,,,
F5D6C3D3C4F4,12.0,2.0,6.0,,,,,,
F5D6C3D3C4F4F6,12.0,2.0,7.0,,,,,,
F5D6C3D3C4F4F6F3,12.0,2.0,8.0,,,,,,
F5D6C3D3C4F4F6F3E6,12.0,2.0,9.0,,,,,,
F5D6C3D3C4F4F6F3E6E7,12.0,2.0,10.0,,,,,,
F5D6C3D3C4F4F6F3E6E7D7,12.0,2.0,11.0,,,,,,
F5D6C3D3C4F4F6F3E6E7D7G6,12.0,2.0,12.0,,,,,,
F5D6C3D3C4F4F6F3E6E7D7G6F8,12.0,2.0,13.0,,,,,,
F5D6C3D3C4F4F6F3E6E7D7G6F8F7,12.0,2.0,14.0,,,,,,
F5D6C3D3C4F4F6F3E6E7D7G6F8F7H6,12.0,2.0,15.0,30.0,75.0,,,,
F5D6C3D3C4F4F6F3E6E7D7G6F8F7H6C5,9.0,2.0,16.0,,,,,,
F5D6C3D3C4F4F6F3E6E7D7G6F8F7H6C5C6,9.0,2.0,17.0,62.0,,,,,
F5D6C3D3C4F4F6F3E6E7D7G6F8F7H6C5C6D8,7.0,2.0,18.0,,,,,,
F5D6C3D3C4F4F6F3E6E7D7G6F8F7H6C5C6D8E3,7.0,2.0,19.0,,,,,,
F5D6C3D3C4F4F6F3E6E7D7G6F8F7H6C5C6D8E3B6,7.0,2.0,20.0,,,,,,
F5D6C3D3C4F4F6F3E6E7D7G6F8F7H6C5C6D8E3B6G4,7.0,2.0,21.0,,,,,,
F5D6C3D3C4F4F6F3E6E7D7G6F8F7H6C5C6D8E3B6G4B4,7.0,2.0,22.0,,,,,,
F5D6C3D3C4F4F6F3E6E7D7G6F8F7H6C5C6D8E3B6G4B4B5,7.0,2.0,23.0,164.0,211.0,498.0,,,
F5D6C3D3C4F4F6F3E6E7D7G6F8F7H6C5C6D8E3B6G4B4B5H3,4.0,2.0,24.0,175.0,,,,,
F5D6C3D3C4F4F6F3E6E7D7G6F8F7H6C5C6D8E3B6G4B4B5H3H4,4.0,1.0,25.0,110.0,,,,,
F5D6C3D3C4F4F6F3E6E7D7G6F8F7H6C5C6D8E3B6G4B4B5H3H4G3,3.0,1.0,26.0,,,,,,
F5D6C3D3C4F4F6F3E6E7D7G6F8F7H6C5C6D8E3B6G4B4B5H3H4G3G5,3.0,1.0,27.0,587.0,893.0,,,,
F5D6C3D3C4F4F6F3E6E7D7G6F8F7H6C5C6D8E3B6G4B4B5H3H4G3G5F2,1.0,2.0,28.0,313.0,,,,,
F5D6C3D3C4F4F6F3E6E7D7G6F8F7H6C5C6D8E3B6G4B4B5H3H4G3G5F2E2,2.0,1.0,29.0,575.0,,,,,
F5D6C3D3C4F4F6F3E6E7D7G6F8F7H6C5C6D8E3B6G4B4B5H3H4G3G5F2E2E8,1.0,1.0,,,,,,,
F5D6C3D3C4F4F6F3E6E7D7G6F8F7H6C6,1.0,16.0,31.0,218.0,,,,,
F5D6C3D3C4F4F6F3E6E7D7G6F8F7H6C6D2,1.0,15.0,32.0,,,,,,
F5D6C3D3C4F4F6F3E6E7D7G6F8F7H6C6D2D8,1.0,15.0,33.0,45.0,,,,,
F5D6C3D3C4F4F6F3E6E7D7G6F8F7H6C6D2D8E3,1.0,4.0,34.0,,,,,,
F5D6C3D3C4F4F6F3E6E7D7G6F8F7H6C6D2D8E3G5,1.0,4.0,35.0,,,,,,
F5D6C3D3C4F4F6F3E6E7D7G6F8F7H6C6D2D8E3G5C7,1.0,4.0,36.0,,,,,,
F5D6C3D3C4F4F6F3E6E7D7G6F8F7H6C6D2D8E3G5C7C5,1.0,4.0,37.0,,,,,,
F5D6C3D3C4F4F6F3E6E7D7G6F8F7H6C6D2D8E3G5C7C5B5,1.0,4.0,38.0,,,,,,
F5D6C3D3C4F4F6F3E6E7D7G6F8F7H6C6D2D8E3G5C7C5B5C8,1.0,4.0,39.0,,,,,,
F5D6C3D3C4F4F6F3E6E7D7G6F8F7H6C6D2D8E3G5C7C5B5C8B6,1.0,4.0,40.0,,,,,,
F5D6C3D3C4F4F6F3E6E7D7G6F8F7H6C6D2D8E3G5C7C5B5C8B6E2,1.0,4.0,41.0,429.0,447.0,,,,
F5D6C3D3C4F4F6F3E6E7D7G6F8F7H6C6D2D8E3G5C7C5B5C8B6E2G3,3.0,1.0,42.0,379.0,486.0,,,,
F5D6C3D3C4F4F6F3E6E7D7G6F8F7H6C6D2D8E3G5C7C5B5C8B6E2G3B4,1.0,2.0,43.0,721.0,,,,,
F5D6C3D3C4F4F6F3E6E7D7G6F8F7H6C6D2D8E3G5C7C5B5C8B6E2G3B4A5,2.0,1.0,44.0,250.0,,,,,
F5D6C3D3C4F4F6F3E6E7D7G6F8F7H6C6D2D8E3G5C7C5B5C8B6E2G3B4A5H5,1.0,1.0,,,,,,,
F5D6C3D3C4F4F6F3E6E7D7G6F8F7H6C6D2D8C5,3.0,11.0,46.0,,,,,,
F5D6C3D3C4F4F6F3E6E7D7G6F8F7H6C6D2D8C5B4,3.0,11.0,47.0,90.0,100.0,130.0,332.0,,
F5D6C3D3C4F4F6F3E6E7D7G6F8F7H6C6D2D8C5B4E3,6.0,3.0,48.0,,,,,,
F5D6C3D3C4F4F6F3E6E7D7G6F8F7H6C6D2D8C5B4E3C7,6.0,3.0,49.0,,,,,,
F5D6C3D3C4F4F6F3E6E7D7G6F8F7H6C6D2D8C5B4E3C7E8,6.0,3.0,50.0,237.0,,,,,
F5D6C3D3C4F4F6F3E6E7D7G6F8F7H6C6D2D8C5B4E3C7E8E2,4.0,3.0,51.0,147.0,158.0,,,,
F5D6C3D3C4F4F6F3E6E7D7G6F8F7H6C6D2D8C5B4E3C7E8E2B6,4.0,1.0,52.0,57.0,,,,,
F5D6C3D3C4F4F6F3E6E7D7G6F8F7H6C6D2D8C5B4E3C7E8E2B6B5,1.0,3.0,53.0,385.0,955.0,,,,
F5D6C3D3C4F4F6F3E6E7D7G6F8F7H6C6D2D8C5B4E3C7E8E2B6B5A5,3.0,1.0,54.0,389.0,,,,,
F5D6C3D3C4F4F6F3E6E7D7G6F8F7H6C6D2D8C5B4E3C7E8E2B6B5A5A3,2.0,1.0,55.0,,,,,,
F5D6C3D3C4F4F6F3E6E7D7G6F8F7H6C6D2D8C5B4E3C7E8E2B6B5A5A3C8,2.0,1.0,56.0,982.0,,,,,
F5D6C3D3C4F4F6F3E6E7D7G6F8F7H6C6D2D8C5B4E3C7E8E2B6B5A5A3C8A7,1.0,1.0,,,,,,,
F5D6C3D3C4F4F6F3E6E7D7G6F8F7H6C6D2D8C5B4E3C7E8E2B6B3,3.0,1.0,58.0,,,,,,
F5D6C3D3C4F4F6F3E6E7D7G6F8F7H6C6D2D8C5B4E3C7E8E2B6B3G3,3.0,1.0,59.0,,,,,,
F5D6C3D3C4F4F6F3E6E7D7G6F8F7H6C6D2D8C5B4E3C7E8E2B6B3G3G4,3.0,1.0,60.0,,,,,,
F5D6C3D3C4F4F6F3E6E7D7G6F8F7H6C6D2D8C5B4E3C7E8E2B6B3G3G4H4,3.0,1.0,61.0,896.0,899.0,,,,
F5D6C3D3C4F4F6F3E6E7D7G6F8F7H6C6D2D8C5B4E3C7E8E2B6B3G3G4H4A5,1.0,1.0,,,,,,,
F5D6C3D3C4F4F6F3E6E7D7G6F8F7H6C5C6C8,2.0,2.0,63.0,,,,,,
F5D6C3D3C4F4F6F3E6E7D7G6F8F7H6C5C6C8D8,2.0,2.0,64.0,,,,,,
F5D6C3D3C4F4F6F3E6E7D7G6F8F7H6C5C6C8D8E8,2.0,2.0,65.0,,,,,,
F5D6C3D3C4F4F6F3E6E7D7G6F8F7H6C5C6C8D8E8B8,2.0,2.0,66.0,,,,,,
F5D6C3D3C4F4F6F3E6E7D7G6F8F7H6C5C6C8D8E8B8G5,2.0,2.0,67.0,,,,,,
F5D6C3D3C4F4F6F3E6E7D7G6F8F7H6C5C6C8D8E8B8G5G8,2.0,2.0,68.0,115.0,,,,,
F5D6C3D3C4F4F6F3E6E7D7G6F8F7H6C5C6C8D8E8B8G5G8B5,1.0,2.0,69.0,537.0,,,,,
F5D6C3D3C4F4F6F3E6E7D7G6F8F7H6C5C6C8D8E8B8G5G8B5G3,5.0,1.0,70.0,630.0,,,,,
F5D6C3D3C4F4F6F3E6E7D7G6F8F7H6C5C6C8D8E8B8G5G8B5G3G4,2.0,1.0,71.0,,,,,,
F5D6C3D3C4F4F6F3E6E7D7G6F8F7H6C5C6C8D8E8B8G5G8B5G3G4B6,2.0,1.0,72.0,,,,,,
F5D6C3D3C4F4F6F3E6E7D7G6F8F7H6C5C6C8D8E8B8G5G8B5G3G4B6C7,2.0,1.0,73.0,,,,,,
F5D6C3D3C4F4F6F3E6E7D7G6F8F7H6C5C6C8D8E8B8G5G8B5G3G4B6C7D2,2.0,1.0,74.0,236.0,,,,,
F5D6C3D3C4F4F6F3E6E7D7G6F8F7H6C5C6C8D8E8B8G5G8B5G3G4B6C7D2E3,1.0,1.0,,,,,,,
F5D6C3D3C4F4F6F3E6E7D7G6F8F7H6C8,2.0,3.0,76.0,,,,,,
F5D6C3D3C4F4F6F3E6E7D7G6F8F7H6C8D8,2.0,3.0,77.0,,,,,,
F5D6C3D3C4F4F6F3E6E7D7G6F8F7H6C8D8C5,2.0,3.0,78.0,317.0,,,,,
F5D6C3D3C4F4F6F3E6E7D7G6F8F7H6C8D8C5E3,16.0,1.0,79.0,,,,,,
F5D6C3D3C4F4F6F3E6E7D7G6F8F7H6C8D8C5E3B4,16.0,1.0,80.0,,,,,,
F5D6C3D3C4F4F6F3E6E7D7G6F8F7H6C8D8C5E3B4E8,16.0,1.0,81.0,202.0,,,,,
F5D6C3D3C4F4F6F3E6E7D7G6F8F7H6C8D8C5E3B4E8F2,9.0,1.0,82.0,,,,,,
F5D6C3D3C4F4F6F3E6E7D7G6F8F7H6C8D8C5E3B4E8F2G5,9.0,1.0,83.0,593.0,,,,,
F5D6C3D3C4F4F6F3E6E7D7G6F8F7H6C8D8C5E3B4E8F2G5G8,8.0,1.0,84.0,,,,,,
F5D6C3D3C4F4F6F3E6E7D7G6F8F7H6C8D8C5E3B4E8F2G5G8E2,8.0,1.0,85.0,411.0,673.0,,,,
F5D6C3D3C4F4F6F3E6E7D7G6F8F7H6C8D8C5E3B4E8F2G5G8E2E1,6.0,1.0,86.0,,,,,,
F5D6C3D3C4F4F6F3E6E7D7G6F8F7H6C8D8C5E3B4E8F2G5G8E2E1C6,6.0,1.0,87.0,360.0,884.0,,,,
F5D6C3D3C4F4F6F3E6E7D7G6F8F7H6C8D8C5E3B4E8F2G5G8E2E1C6D2,3.0,1.0,88.0,,,,,,
F5D6C3D3C4F4F6F3E6E7D7G6F8F7H6C8D8C5E3B4E8F2G5G8E2E1C6D2G3,3.0,1.0,89.0,235.0,851.0,,,,
F5D6C3D3C4F4F6F3E6E7D7G6F8F7H6C8D8C5E3B4E8F2G5G8E2E1C6D2G3H3,1.0,1.0,,,,,,,
F5D6C3D3C4F4F6F3E6E7D7G6F8F7H6C6D2D8C5B4C7,3.0,2.0,91.0,451.0,,,,,
F5D6C3D3C4F4F6F3E6E7D7G6F8F7H6C6D2D8C5B4C7E8,2.0,3.0,92.0,,,,,,
F5D6C3D3C4F4F6F3E6E7D7G6F8F7H6C6D2D8C5B4C7E8C8,2.0,3.0,93.0,,,,,,
F5D6C3D3C4F4F6F3E6E7D7G6F8F7H6C6D2D8C5B4C7E8C8G5,2.0,3.0,94.0,,,,,,
F5D6C3D3C4F4F6F3E6E7D7G6F8F7H6C6D2D8C5B4C7E8C8G5H4,2.0,3.0,95.0,,,,,,
F5D6C3D3C4F4F6F3E6E7D7G6F8F7H6C6D2D8C5B4C7E8C8G5H4H5,2.0,3.0,96.0,560.0,,,,,
F5D6C3D3C4F4F6F3E6E7D7G6F8F7H6C6D2D8C5B4C7E8C8G5H4H5G4,2.0,2.0,97.0,469.0,,,,,
F5D6C3D3C4F4F6F3E6E7D7G6F8F7H6C6D2D8C5B4C7E8C8G5H4H5G4B5,1.0,2.0,98.0,658.0,,,,,
F5D6C3D3C4F4F6F3E6E7D7G6F8F7H6C6D2D8C5B4C7E8C8G5H4H5G4B5B3,4.0,1.0,99.0,497.0,897.0,990.0,,,
F5D6C3D3C4F4F6F3E6E7D7G6F8F7H6C6D2D8C5B4C7E8C8G5H4H5G4B5B3E2,1.0,1.0,,,,,,,
F5D6C3D3C4F4F6F3E6E7D7G6F8F7H6C6D2D8C5B4G4,3.0,3.0,101.0,420.0,,,,,
F5D6C3D3C4F4F6F3E6E7D7G6F8F7H6C6D2D8C5B4G4B5,1.0,8.0,102.0,122.0,,,,,
F5D6C3D3C4F4F6F3E6E7D7G6F8F7H6C6D2D8C5B4G4B5B6,11.0,1.0,103.0,270.0,,,,,
F5D6C3D3C4F4F6F3E6E7D7G6F8F7H6C6D2D8C5B4G4B5B6C7,7.0,1.0,104.0,,,,,,
F5D6C3D3C4F4F6F3E6E7D7G6F8F7H6C6D2D8C5B4G4B5B6C7E3,7.0,1.0,105.0,251.0,,,,,
F5D6C3D3C4F4F6F3E6E7D7G6F8F7H6C6D2D8C5B4G4B5B6C7E3H3,1.0,5.0,106.0,,,,,,
F5D6C3D3C4F4F6F3E6E7D7G6F8F7H6C6D2D8C5B4G4B5B6C7E3H3E8,1.0,5.0,107.0,,,,,,
F5D6C3D3C4F4F6F3E6E7D7G6F8F7H6C6D2D8C5B4G4B5B6C7E3H3E8G5,1.0,5.0,108.0,156.0,342.0,608.0,687.0,,
F5D6C3D3C4F4F6F3E6E7D7G6F8F7H6C6D2D8C5B4G4B5B6C7E3H3E8G5C8,2.0,1.0,109.0,751.0,,,,,
F5D6C3D3C4F4F6F3E6E7D7G6F8F7H6C6D2D8C5B4G4B5B6C7E3H3E8G5C8E2,1.0,1.0,,,,,,,
F5D6C3D3C4F4F6F3E6E7D7G6F8F7H6C5C6D8E3B6G4B4B5H3H4E2,1.0,3.0,111.0,944.0,,,,,
F5D6C3D3C4F4F6F3E6E7D7G6F8F7H6C5C6D8E3B6G4B4B5H3H4E2G3,2.0,2.0,112.0,153.0,,,,,
F5D6C3D3C4F4F6F3E6E7D7G6F8F7H6C5C6D8E3B6G4B4B5H3H4E2G3A5,1.0,2.0,113.0,315.0,,,,,
F5D6C3D3C4F4F6F3E6E7D7G6F8F7H6C5C6D8E3B6G4B4B5H3H4E2G3A5C7,1.0,1.0,114.0,,,,,,
F5D6C3D3C4F4F6F3E6E7D7G6F8F7H6C5C6D8E3B6G4B4B5H3H4E2G3A5C7C8,1.0,1.0,,,,,,,
F5D6C3D3C4F4F6F3E6E7D7G6F8F7H6C5C6C8D8E8B8G5G8C7,1.0,3.0,116.0,752.0,,,,,
F5D6C3D3C4F4F6F3E6E7D7G6F8F7H6C5C6C8D8E8B8G5G8C7D2,1.0,2.0,117.0,,,,,,
F5D6C3D3C4F4F6F3E6E7D7G6F8F7H6C5C6C8D8E8B8G5G8C7D2B4,1.0,2.0,118.0,244.0,,,,,
F5D6C3D3C4F4F6F3E6E7D7G6F8F7H6C5C6C8D8E8B8G5G8C7D2B4A5,1.0,1.0,119.0,,,,,,
F5D6C3D3C4F4F6F3E6E7D7G6F8F7H6C5C6C8D8E8B8G5G8C7D2B4A5E2,1.0,1.0,120.0,,,,,,
F5D6C3D3C4F4F6F3E6E7D7G6F8F7H6C5C6C8D8E8B8G5G8C7D2B4A5E2B3,1.0,1.0,121.0,,,,,,
F5D6C3D3C4F4F6F3E6E7D7G6F8F7H6C5C6C8D8E8B8G5G8C7D2B4A5E2B3B5,1.0,1.0,,,,,,,
F5D6C3D3C4F4F6F3E6E7D7G6F8F7H6C6D2D8C5B4G4B5G3,1.0,7.0,123.0,,,,,,
F5D6C3D3C4F4F6F3E6E7D7G6F8F7H6C6D2D8C5B4G4B5G3E8,1.0,7.0,124.0,,,,,,
F5D6C3D3C4F4F6F3E6E7D7G6F8F7H6C6D2D8C5B4G4B5G3E8C8,1.0,7.0,125.0,,,,,,
F5D6C3D3C4F4F6F3E6E7D7G6F8F7H6C6D2D8C5B4G4B5G3E8C8G5,1.0,7.0,126.0,171.0,183.0,,,,
F5D6C3D3C4F4F6F3E6E7D7G6F8F7H6C6D2D8C5B4G4B5G3E8C8G5F2,2.0,2.0,127.0,,,,,,
F5D6C3D3C4F4F6F3E6E7D7G6F8F7H6C6D2D8C5B4G4B5G3E8C8G5F2E3,2.0,2.0,128.0,543.0,,,,,
F5D6C3D3C4F4F6F3E6E7D7G6F8F7H6C6D2D8C5B4G4B5G3E8C8G5F2E3E2,2.0,1.0,129.0,678.0,,,,,
F5D6C3D3C4F4F6F3E6E7D7G6F8F7H6C6D2D8C5B4G4B5G3E8C8G5F2E3E2C2,1.0,1.0,,,,,,,
F5D6C3D3C4F4F6F3E6E7D7G6F8F7H6C6D2D8C5B4B3,4.0,1.0,131.0,193.0,,,,,
F5D6C3D3C4F4F6F3E6E7D7G6F8F7H6C6D2D8C5B4B3B6,2.0,4.0,132.0,262.0,402.0,873.0,,,
F5D6C3D3C4F4F6F3E6E7D7G6F8F7H6C6D2D8C5B4B3B6G5,6.0,1.0,133.0,140.0,,,,,
F5D6C3D3C4F4F6F3E6E7D7G6F8F7H6C6D2D8C5B4B3B6G5C7,5.0,1.0,134.0,,,,,,
F5D6C3D3C4F4F6F3E6E7D7G6F8F7H6C6D2D8C5B4B3B6G5C7E8,5.0,1.0,135.0,,,,,,
F5D6C3D3C4F4F6F3E6E7D7G6F8F7H6C6D2D8C5B4B3B6G5C7E8G4,5.0,1.0,136.0,,,,,,
F5D6C3D3C4F4F6F3E6E7D7G6F8F7H6C6D2D8C5B4B3B6G5C7E8G4G3,5.0,1.0,137.0,344.0,1018.0,,,,
F5D6C3D3C4F4F6F3E6E7D7G6F8F7H6C6D2D8C5B4B3B6G5C7E8G4G3H5,3.0,1.0,138.0,,,,,,
F5D6C3D3C4F4F6F3E6E7D7G6F8F7H6C6D2D8C5B4B3B6G5C7E8G4G3H5A4,3.0,1.0,139.0,371.0,742.0,,,,
F5D6C3D3C4F4F6F3E6E7D7G6F8F7H6C6D2D8C5B4B3B6G5C7E8G4G3H5A4H3,1.0,1.0,,,,,,,
F5D6C3D3C4F4F6F3E6E7D7G6F8F7H6C6D2D8C5B4B3B6G5G4,1.0,11.0,141.0,187.0,287.0,,,,
F5D6C3D3C4F4F6F3E6E7D7G6F8F7H6C6D2D8C5B4B3B6G5G4G3,1.0,7.0,142.0,,,,,,
F5D6C3D3C4F4F6F3E6E7D7G6F8F7H6C6D2D8C5B4B3B6G5G4G3E8,1.0,7.0,143.0,,,,,,
F5D6C3D3C4F4F6F3E6E7D7G6F8F7H6C6D2D8C5B4B3B6G5G4G3E8C8,1.0,7.0,144.0,,,,,,
F5D6C3D3C4F4F6F3E6E7D7G6F8F7H6C6D2D8C5B4B3B6G5G4G3E8C8G7,1.0,7.0,145.0,438.0,556.0,695.0,783.0,890.0,932.0
F5D6C3D3C4F4F6F3E6E7D7G6F8F7H6C6D2D8C5B4B3B6G5G4G3E8C8G7A3,2.0,1.0,146.0,1011.0,,,,,
F5D6C3D3C4F4F6F3E6E7D7G6F8F7H6C6D2D8C5B4B3B6G5G4G3E8C8G7A3C7,1.0,1.0,,,,,,,
F5D6C3D3C4F4F6F3E6E7D7G6F8F7H6C6D2D8C5B4E3C7E8E2B3,4.0,1.0,148.0,845.0,,,,,
F5D6C3D3C4F4F6F3E6E7D7G6F8F7H6C6D2D8C5B4E3C7E8E2B3B6,2.0,3.0,149.0,303.0,481.0,,,,
F5D6C3D3C4F4F6F3E6E7D7G6F8F7H6C6D2D8C5B4E3C7E8E2B3B6F1,6.0,1.0,150.0,376.0,803.0,,,,
F5D6C3D3C4F4F6F3E6E7D7G6F8F7H6C6D2D8C5B4E3C7E8E2B3B6F1G8,1.0,2.0,151.0,535.0,,,,,
F5D6C3D3C4F4F6F3E6E7D7G6F8F7H6C6D2D8C5B4E3C7E8E2B3B6F1G8A4,2.0,1.0,152.0,410.0,,,,,
F5D6C3D3C4F4F6F3E6E7D7G6F8F7H6C6D2D8C5B4E3C7E8E2B3B6F1G8A4E1,1.0,1.0,,,,,,,
F5D6C3D3C4F4F6F3E6E7D7G6F8F7H6C5C6D8E3B6G4B4B5H3H4E2G3E8,1.0,2.0,154.0,702.0,,,,,
F5D6C3D3C4F4F6F3E6E7D7G6F8F7H6C5C6D8E3B6G4B4B5H3H4E2G3E8C8,2.0,1.0,155.0,522.0,,,,,
F5D6C3D3C4F4F6F3E6E7D7G6F8F7H6C5C6D8E3B6G4B4B5H3H4E2G3E8C8C7,1.0,1.0,,,,,,,
F5D6C3D3C4F4F6F3E6E7D7G6F8F7H6C6D2D8C5B4G4B5B6C7E3H3E8G5A3,1.0,1.0,157.0,,,,,,
F5D6C3D3C4F4F6F3E6E7D7G6F8F7H6C6D2D8C5B4G4B5B6C7E3H3E8G5A3A5,1.0,1.0,,,,,,,
F5D6C3D3C4F4F6F3E6E7D7G6F8F7H6C6D2D8C5B4E3C7E8E2A5,8.0,1.0,159.0,298.0,347.0,441.0,570.0,,
F5D6C3D3C4F4F6F3E6E7D7G6F8F7H6C6D2D8C5B4E3C7E8E2A5G5,1.0,4.0,160.0,733.0,,,,,
F5D6C3D3C4F4F6F3E6E7D7G6F8F7H6C6D2D8C5B4E3C7E8E2A5G5B3,2.0,2.0,161.0,745.0,,,,,
F5D6C3D3C4F4F6F3E6E7D7G6F8F7H6C6D2D8C5B4E3C7E8E2A5G5B3D1,1.0,3.0,162.0,558.0,840.0,,,,
F5D6C3D3C4F4F6F3E6E7D7G6F8F7H6C6D2D8C5B4E3C7E8E2A5G5B3D1B6,1.0,1.0,163.0,,,,,,
F5D6C3D3C4F4F6F3E6E7D7G6F8F7H6C6D2D8C5B4E3C7E8E2A5G5B3D1B6G8,1.0,1.0,,,,,,,
F5D6C3D3C4F4F6F3E6E7D7G6F8F7H6C5C6D8E3B6G4B4B5F2,1.0,7.0,165.0,396.0,,,,,
F5D6C3D3C4F4F6F3E6E7D7G6F8F7H6C5C6D8E3B6G4B4B5F2C7,4.0,1.0,166.0,460.0,509.0,,,,
F5D6C3D3C4F4F6F3E6E7D7G6F8F7H6C5C6D8E3B6G4B4B5F2C7H4,2.0,3.0,167.0,372.0,667.0,,,,
F5D6C3D3C4F4F6F3E6E7D7G6F8F7H6C5C6D8E3B6G4B4B5F2C7H4A6,2.0,1.0,168.0,663.0,,,,,
F5D6C3D3C4F4F6F3E6E7D7G6F8F7H6C5C6D8E3B6G4B4B5F2C7H4A6D2,1.0,4.0,169.0,382.0,619.0,966.0,,,
F5D6C3D3C4F4F6F3E6E7D7G6F8F7H6C5C6D8E3B6G4B4B5F2C7H4A6D2E8,1.0,1.0,170.0,,,,,,
F5D6C3D3C4F4F6F3E6E7D7G6F8F7H6C5C6D8E3B6G4B4B5F2C7H4A6D2E8G8,1.0,1.0,,,,,,,
F5D6C3D3C4F4F6F3E6E7D7G6F8F7H6C6D2D8C5B4G4B5G3E8C8G5H4,1.0,4.0,172.0,,,,,,
F5D6C3D3C4F4F6F3E6E7D7G6F8F7H6C6D2D8C5B4G4B5G3E8C8G5H4G7,1.0,4.0,173.0,248.0,524.0,1021.0,,,
F5D6C3D3C4F4F6F3E6E7D7G6F8F7H6C6D2D8C5B4G4B5G3E8C8G5H4G7A3,2.0,1.0,174.0,1014.0,,,,,
F5D6C3D3C4F4F6F3E6E7D7G6F8F7H6C6D2D8C5B4G4B5G3E8C8G5H4G7A3C7,1.0,1.0,,,,,,,
F5D6C3D3C4F4F6F3E6E7D7G6F8F7H6C5C6D8E3B6G4B4B5H3G5,5.0,1.0,176.0,811.0,,,,,
F5D6C3D3C4F4F6F3E6E7D7G6F8F7H6C5C6D8E3B6G4B4B5H3G5F2,1.0,5.0,177.0,552.0,652.0,,,,
F5D6C3D3C4F4F6F3E6E7D7G6F8F7H6C5C6D8E3B6G4B4B5H3G5F2E2,1.0,3.0,178.0,,,,,,
F5D6C3D3C4F4F6F3E6E7D7G6F8F7H6C5C6D8E3B6G4B4B5H3G5F2E2H5,1.0,3.0,179.0,181.0,887.0,,,,
F5D6C3D3C4F4F6F3E6E7D7G6F8F7H6C5C6D8E3B6G4B4B5H3G5F2E2H5G8,1.0,1.0,180.0,,,,,,
F5D6C3D3C4F4F6F3E6E7D7G6F8F7H6C5C6D8E3B6G4B4B5H3G5F2E2H5G8G3,1.0,1.0,,,,,,,
F5D6C3D3C4F4F6F3E6E7D7G6F8F7H6C5C6D8E3B6G4B4B5H3G5F2E2H5E8,1.0,1.0,182.0,,,,,,
F5D6C3D3C4F4F6F3E6E7D7G6F8F7H6C5C6D8E3B6G4B4B5H3G5F2E2H5E8G8,1.0,1.0,,,,,,,
F5D6C3D3C4F4F6F3E6E7D7G6F8F7H6C6D2D8C5B4G4B5G3E8C8G5E3,1.0,1.0,184.0,,,,,,
F5D6C3D3C4F4F6F3E6E7D7G6F8F7H6C6D2D8C5B4G4B5G3E8C8G5E3H5,1.0,1.0,185.0,,,,,,
F5D6C3D3C4F4F6F3E6E7D7G6F8F7H6C6D2D8C5B4G4B5G3E8C8G5E3H5H4,1.0,1.0,186.0,,,,,,
F5D6C3D3C4F4F6F3E6E7D7G6F8F7H6C6D2D8C5B4G4B5G3E8C8G5E3H5H4C7,1.0,1.0,,,,,,,
F5D6C3D3C4F4F6F3E6E7D7G6F8F7H6C6D2D8C5B4B3B6G5G4E8,5.0,1.0,188.0,,,,,,
F5D6C3D3C4F4F6F3E6E7D7G6F8F7H6C6D2D8C5B4B3B6G5G4E8C7,5.0,1.0,189.0,,,,,,
F5D6C3D3C4F4F6F3E6E7D7G6F8F7H6C6D2D8C5B4B3B6G5G4E8C7G3,5.0,1.0,190.0,232.0,699.0,,,,
F5D6C3D3C4F4F6F3E6E7D7G6F8F7H6C6D2D8C5B4B3B6G5G4E8C7G3E1,1.0,1.0,191.0,,,,,,
F5D6C3D3C4F4F6F3E6E7D7G6F8F7H6C6D2D8C5B4B3B6G5G4E8C7G3E1C2,1.0,1.0,192.0,,,,,,
F5D6C3D3C4F4F6F3E6E7D7G6F8F7H6C6D2D8C5B4B3B6G5G4E8C7G3E1C2B1,1.0,1.0,,,,,,,
F5D6C3D3C4F4F6F3E6E7D7G6F8F7H6C6D2D8C5B4B3C7,2.0,1.0,194.0,,,,,,
F5D6C3D3C4F4F6F3E6E7D7G6F8F7H6C6D2D8C5B4B3C7E3,2.0,1.0,195.0,,,,,,
F5D6C3D3C4F4F6F3E6E7D7G6F8F7H6C6D2D8C5B4B3C7E3B5,2.0,1.0,196.0,,,,,,
F5D6C3D3C4F4F6F3E6E7D7G6F8F7H6C6D2D8C5B4B3C7E3B5E8,2.0,1.0,197.0,,,,,,
F5D6C3D3C4F4F6F3E6E7D7G6F8F7H6C6D2D8C5B4B3C7E3B5E8E2,2.0,1.0,198.0,,,,,,
F5D6C3D3C4F4F6F3E6E7D7G6F8F7H6C6D2D8C5B4B3C7E3B5E8E2A5,2.0,1.0,199.0,,,,,,
F5D6C3D3C4F4F6F3E6E7D7G6F8F7H6C6D2D8C5B4B3C7E3B5E8E2A5A4,2.0,1.0,200.0,,,,,,
F5D6C3D3C4F4F6F3E6E7D7G6F8F7H6C6D2D8C5B4B3C7E3B5E8E2A5A4A3,2.0,1.0,201.0,790.0,,,,,
F5D6C3D3C4F4F6F3E6E7D7G6F8F7H6C6D2D8C5B4B3C7E3B5E8E2A5A4A3B6,1.0,1.0,,,,,,,
F5D6C3D3C4F4F6F3E6E7D7G6F8F7H6C8D8C5E3B4E8G8,7.0,1.0,203.0,,,,,,
F5D6C3D3C4F4F6F3E6E7D7G6F8F7H6C8D8C5E3B4E8G8G4,7.0,1.0,204.0,,,,,,
F5D6C3D3C4F4F6F3E6E7D7G6F8F7H6C8D8C5E3B4E8G8G4G5,7.0,1.0,205.0,,,,,,
F5D6C3D3C4F4F6F3E6E7D7G6F8F7H6C8D8C5E3B4E8G8G4G5B6,7.0,1.0,206.0,293.0,433.0,765.0,,,
F5D6C3D3C4F4F6F3E6E7D7G6F8F7H6C8D8C5E3B4E8G8G4G5B6G3,3.0,1.0,207.0,,,,,,
F5D6C3D3C4F4F6F3E6E7D7G6F8F7H6C8D8C5E3B4E8G8G4G5B6G3B3,3.0,1.0,208.0,393.0,605.0,,,,
F5D6C3D3C4F4F6F3E6E7D7G6F8F7H6C8D8C5E3B4E8G8G4G5B6G3B3H5,1.0,1.0,209.0,,,,,,
F5D6C3D3C4F4F6F3E6E7D7G6F8F7H6C8D8C5E3B4E8G8G4G5B6G3B3H5H4,1.0,1.0,210.0,,,,,,
F5D6C3D3C4F4F6F3E6E7D7G6F8F7H6C8D8C5E3B4E8G8G4G5B6G3B3H5H4E2,1.0,1.0,,,,,,,
F5D6C3D3C4F4F6F3E6E7D7G6F8F7H6C5C6D8E3B6G4B4B5B3,1.0,6.0,212.0,256.0,307.0,853.0,992.0,,
F5D6C3D3C4F4F6F3E6E7D7G6F8F7H6C5C6D8E3B6G4B4B5B3D2,2.0,2.0,213.0,,,,,,
F5D6C3D3C4F4F6F3E6E7D7G6F8F7H6C5C6D8E3B6G4B4B5B3D2F2,2.0,2.0,214.0,,,,,,
F5D6C3D3C4F4F6F3E6E7D7G6F8F7H6C5C6D8E3B6G4B4B5B3D2F2E2,2.0,2.0,215.0,,,,,,
F5D6C3D3C4F4F6F3E6E7D7G6F8F7H6C5C6D8E3B6G4B4B5B3D2F2E2D1,2.0,2.0,216.0,798.0,,,,,
F5D6C3D3C4F4F6F3E6E7D7G6F8F7H6C5C6D8E3B6G4B4B5B3D2F2E2D1C7,2.0,1.0,217.0,446.0,,,,,
F5D6C3D3C4F4F6F3E6E7D7G6F8F7H6C5C6D8E3B6G4B4B5B3D2F2E2D1C7A5,1.0,1.0,,,,,,,
F5D6C3D3C4F4F6F3E6E7D7G6F8F7H6C6E2,7.0,1.0,219.0,,,,,,
F5D6C3D3C4F4F6F3E6E7D7G6F8F7H6C6E2D2,7.0,1.0,220.0,,,,,,
F5D6C3D3C4F4F6F3E6E7D7G6F8F7H6C6E2D2E3,7.0,1.0,221.0,,,,,,
F5D6C3D3C4F4F6F3E6E7D7G6F8F7H6C6E2D2E3D8,7.0,1.0,222.0,,,,,,
F5D6C3D3C4F4F6F3E6E7D7G6F8F7H6C6E2D2E3D8G5,7.0,1.0,223.0,,,,,,
F5D6C3D3C4F4F6F3E6E7D7G6F8F7H6C6E2D2E3D8G5G3,7.0,1.0,224.0,,,,,,
F5D6C3D3C4F4F6F3E6E7D7G6F8F7H6C6E2D2E3D8G5G3C7,7.0,1.0,225.0,,,,,,
F5D6C3D3C4F4F6F3E6E7D7G6F8F7H6C6E2D2E3D8G5G3C7C8,7.0,1.0,226.0,,,,,,
F5D6C3D3C4F4F6F3E6E7D7G6F8F7H6C6E2D2E3D8G5G3C7C8E8,7.0,1.0,227.0,,,,,,
F5D6C3D3C4F4F6F3E6E7D7G6F8F7H6C6E2D2E3D8G5G3C7C8E8G4,7.0,1.0,228.0,,,,,,
F5D6C3D3C4F4F6F3E6E7D7G6F8F7H6C6E2D2E3D8G5G3C7C8E8G4C5,7.0,1.0,229.0,284.0,602.0,,,,
F5D6C3D3C4F4F6F3E6E7D7G6F8F7H6C6E2D2E3D8G5G3C7C8E8G4C5F2,1.0,2.0,230.0,610.0,,,,,
F5D6C3D3C4F4F6F3E6E7D7G6F8F7H6C6E2D2E3D8G5G3C7C8E8G4C5F2B6,1.0,1.0,231.0,,,,,,
F5D6C3D3C4F4F6F3E6E7D7G6F8F7H6C6E2D2E3D8G5G3C7C8E8G4C5F2B6G8,1.0,1.0,,,,,,,
F5D6C3D3C4F4F6F3E6E7D7G6F8F7H6C6D2D8C5B4B3B6G5G4E8C7G3H5,3.0,1.0,233.0,,,,,,
F5D6C3D3C4F4F6F3E6E7D7G6F8F7H6C6D2D8C5B4B3B6G5G4E8C7G3H5A4,3.0,1.0,234.0,809.0,844.0,,,,
F5D6C3D3C4F4F6F3E6E7D7G6F8F7H6C6D2D8C5B4B3B6G5G4E8C7G3H5A4D1,1.0,1.0,,,,,,,
F5D6C3D3C4F4F6F3E6E7D7G6F8F7H6C8D8C5E3B4E8F2G5G8E2E1C6D2G3B6,1.0,1.0,,,,,,,
F5D6C3D3C4F4F6F3E6E7D7G6F8F7H6C5C6C8D8E8B8G5G8B5G3G4B6C7D2E2,1.0,1.0,,,,,,,
F5D6C3D3C4F4F6F3E6E7D7G6F8F7H6C6D2D8C5B4E3C7E8G5,2.0,4.0,238.0,,,,,,
F5D6C3D3C4F4F6F3E6E7D7G6F8F7H6C6D2D8C5B4E3C7E8G5B3,2.0,4.0,239.0,545.0,,,,,
F5D6C3D3C4F4F6F3E6E7D7G6F8F7H6C6D2D8C5B4E3C7E8G5B3E2,1.0,5.0,240.0,280.0,711.0,,,,
F5D6C3D3C4F4F6F3E6E7D7G6F8F7H6C6D2D8C5B4E3C7E8G5B3E2B6,1.0,2.0,241.0,,,,,,
F5D6C3D3C4F4F6F3E6E7D7G6F8F7H6C6D2D8C5B4E3C7E8G5B3E2B6G8,1.0,2.0,242.0,550.0,,,,,
F5D6C3D3C4F4F6F3E6E7D7G6F8F7H6C6D2D8C5B4E3C7E8G5B3E2B6G8G3,3.0,1.0,243.0,392.0,898.0,,,,
F5D6C3D3C4F4F6F3E6E7D7G6F8F7H6C6D2D8C5B4E3C7E8G5B3E2B6G8G3F2,1.0,1.0,,,,,,,
F5D6C3D3C4F4F6F3E6E7D7G6F8F7H6C5C6C8D8E8B8G5G8C7D2B4B6,2.0,1.0,245.0,530.0,,,,,
F5D6C3D3C4F4F6F3E6E7D7G6F8F7H6C5C6C8D8E8B8G5G8C7D2B4B6B5,1.0,1.0,246.0,,,,,,
F5D6C3D3C4F4F6F3E6E7D7G6F8F7H6C5C6C8D8E8B8G5G8C7D2B4B6B5A4,1.0,1.0,247.0,,,,,,
F5D6C3D3C4F4F6F3E6E7D7G6F8F7H6C5C6C8D8E8B8G5G8C7D2B4B6B5A4E2,1.0,1.0,,,,,,,
F5D6C3D3C4F4F6F3E6E7D7G6F8F7H6C6D2D8C5B4G4B5G3E8C8G5H4G7B3,2.0,1.0,249.0,949.0,,,,,
F5D6C3D3C4F4F6F3E6E7D7G6F8F7H6C6D2D8C5B4G4B5G3E8C8G5H4G7B3C2,1.0,1.0,,,,,,,
F5D6C3D3C4F4F6F3E6E7D7G6F8F7H6C6D2D8E3G5C7C5B5C8B6E2G3B4A5G4,1.0,1.0,,,,,,,
F5D6C3D3C4F4F6F3E6E7D7G6F8F7H6C6D2D8C5B4G4B5B6C7E3E2,6.0,1.0,252.0,,,,,,
F5D6C3D3C4F4F6F3E6E7D7G6F8F7H6C6D2D8C5B4G4B5B6C7E3E2E8,6.0,1.0,253.0,472.0,,,,,
F5D6C3D3C4F4F6F3E6E7D7G6F8F7H6C6D2D8C5B4G4B5B6C7E3E2E8G5,1.0,3.0,254.0,788.0,964.0,,,,
F5D6C3D3C4F4F6F3E6E7D7G6F8F7H6C6D2D8C5B4G4B5B6C7E3E2E8G5A3,3.0,1.0,255.0,921.0,968.0,,,,
F5D6C3D3C4F4F6F3E6E7D7G6F8F7H6C6D2D8C5B4G4B5B6C7E3E2E8G5A3A4,1.0,1.0,,,,,,,
F5D6C3D3C4F4F6F3E6E7D7G6F8F7H6C5C6D8E3B6G4B4B5B3E8,3.0,1.0,257.0,934.0,,,,,
F5D6C3D3C4F4F6F3E6E7D7G6F8F7H6C5C6D8E3B6G4B4B5B3E8C8,2.0,1.0,258.0,,,,,,
F5D6C3D3C4F4F6F3E6E7D7G6F8F7H6C5C6D8E3B6G4B4B5B3E8C8C7,2.0,1.0,259.0,725.0,,,,,
F5D6C3D3C4F4F6F3E6E7D7G6F8F7H6C5C6D8E3B6G4B4B5B3E8C8C7H5,1.0,3.0,260.0,622.0,640.0,,,,
F5D6C3D3C4F4F6F3E6E7D7G6F8F7H6C5C6D8E3B6G4B4B5B3E8C8C7H5A6,1.0,1.0,261.0,,,,,,
F5D6C3D3C4F4F6F3E6E7D7G6F8F7H6C5C6D8E3B6G4B4B5B3E8C8C7H5A6G5,1.0,1.0,,,,,,,
F5D6C3D3C4F4F6F3E6E7D7G6F8F7H6C6D2D8C5B4B3B6A4,2.0,1.0,263.0,,,,,,
F5D6C3D3C4F4F6F3E6E7D7G6F8F7H6C6D2D8C5B4B3B6A4E8,2.0,1.0,264.0,,,,,,
F5D6C3D3C4F4F6F3E6E7D7G6F8F7H6C6D2D8C5B4B3B6A4E8C8,2.0,1.0,265.0,,,,,,
F5D6C3D3C4F4F6F3E6E7D7G6F8F7H6C6D2D8C5B4B3B6A4E8C8G5,2.0,1.0,266.0,,,,,,
F5D6C3D3C4F4F6F3E6E7D7G6F8F7H6C6D2D8C5B4B3B6A4E8C8G5H5,2.0,1.0,267.0,329.0,,,,,
F5D6C3D3C4F4F6F3E6E7D7G6F8F7H6C6D2D8C5B4B3B6A4E8C8G5H5G4,1.0,1.0,268.0,,,,,,
F5D6C3D3C4F4F6F3E6E7D7G6F8F7H6C6D2D8C5B4B3B6A4E8C8G5H5G4G3,1.0,1.0,269.0,,,,,,
F5D6C3D3C4F4F6F3E6E7D7G6F8F7H6C6D2D8C5B4B3B6A4E8C8G5H5G4G3D1,1.0,1.0,,,,,,,
F5D6C3D3C4F4F6F3E6E7D7G6F8F7H6C6D2D8C5B4G4B5B6E8,4.0,1.0,271.0,,,,,,
F5D6C3D3C4F4F6F3E6E7D7G6F8F7H6C6D2D8C5B4G4B5B6E8C8,4.0,1.0,272.0,,,,,,
F5D6C3D3C4F4F6F3E6E7D7G6F8F7H6C6D2D8C5B4G4B5B6E8C8G5,4.0,1.0,273.0,,,,,,
F5D6C3D3C4F4F6F3E6E7D7G6F8F7H6C6D2D8C5B4G4B5B6E8C8G5A5,4.0,1.0,274.0,277.0,941.0,,,,
F5D6C3D3C4F4F6F3E6E7D7G6F8F7H6C6D2D8C5B4G4B5B6E8C8G5A5A3,2.0,1.0,275.0,,,,,,
F5D6C3D3C4F4F6F3E6E7D7G6F8F7H6C6D2D8C5B4G4B5B6E8C8G5A5A3A6,2.0,1.0,276.0,440.0,,,,,
F5D6C3D3C4F4F6F3E6E7D7G6F8F7H6C6D2D8C5B4G4B5B6E8C8G5A5A3A6G3,1.0,1.0,,,,,,,
F5D6C3D3C4F4F6F3E6E7D7G6F8F7H6C6D2D8C5B4G4B5B6E8C8G5A5A4,1.0,2.0,278.0,650.0,,,,,
F5D6C3D3C4F4F6F3E6E7D7G6F8F7H6C6D2D8C5B4G4B5B6E8C8G5A5A4A3,1.0,1.0,279.0,,,,,,
F5D6C3D3C4F4F6F3E6E7D7G6F8F7H6C6D2D8C5B4G4B5B6E8C8G5A5A4A3B3,1.0,1.0,,,,,,,
F5D6C3D3C4F4F6F3E6E7D7G6F8F7H6C6D2D8C5B4E3C7E8G5B3E2F1,4.0,1.0,281.0,616.0,,,,,
F5D6C3D3C4F4F6F3E6E7D7G6F8F7H6C6D2D8C5B4E3C7E8G5B3E2F1G8,1.0,2.0,282.0,600.0,,,,,
F5D6C3D3C4F4F6F3E6E7D7G6F8F7H6C6D2D8C5B4E3C7E8G5B3E2F1G8A3,1.0,1.0,283.0,,,,,,
F5D6C3D3C4F4F6F3E6E7D7G6F8F7H6C6D2D8C5B4E3C7E8G5B3E2F1G8A3E1,1.0,1.0,,,,,,,
F5D6C3D3C4F4F6F3E6E7D7G6F8F7H6C6E2D2E3D8G5G3C7C8E8G4C5E1,5.0,1.0,285.0,,,,,,
F5D6C3D3C4F4F6F3E6E7D7G6F8F7H6C6E2D2E3D8G5G3C7C8E8G4C5E1C1,5.0,1.0,286.0,352.0,485.0,585.0,931.0,,
F5D6C3D3C4F4F6F3E6E7D7G6F8F7H6C6E2D2E3D8G5G3C7C8E8G4C5E1C1G8,1.0,1.0,,,,,,,
F5D6C3D3C4F4F6F3E6E7D7G6F8F7H6C6D2D8C5B4B3B6G5G4F2,1.0,3.0,288.0,,,,,,
F5D6C3D3C4F4F6F3E6E7D7G6F8F7H6C6D2D8C5B4B3B6G5G4F2E8,1.0,3.0,289.0,,,,,,
F5D6C3D3C4F4F6F3E6E7D7G6F8F7H6C6D2D8C5B4B3B6G5G4F2E8C8,1.0,3.0,290.0,,,,,,
F5D6C3D3C4F4F6F3E6E7D7G6F8F7H6C6D2D8C5B4B3B6G5G4F2E8C8C7,1.0,3.0,291.0,690.0,969.0,,,,
F5D6C3D3C4F4F6F3E6E7D7G6F8F7H6C6D2D8C5B4B3B6G5G4F2E8C8C7A4,3.0,1.0,292.0,370.0,697.0,,,,
F5D6C3D3C4F4F6F3E6E7D7G6F8F7H6C6D2D8C5B4B3B6G5G4F2E8C8C7A4E2,1.0,1.0,,,,,,,
F5D6C3D3C4F4F6F3E6E7D7G6F8F7H6C8D8C5E3B4E8G8G4G5B6H4,2.0,2.0,294.0,642.0,,,,,
F5D6C3D3C4F4F6F3E6E7D7G6F8F7H6C8D8C5E3B4E8G8G4G5B6H4B3,2.0,1.0,295.0,,,,,,
F5D6C3D3C4F4F6F3E6E7D7G6F8F7H6C8D8C5E3B4E8G8G4G5B6H4B3H5,2.0,1.0,296.0,,,,,,
F5D6C3D3C4F4F6F3E6E7D7G6F8F7H6C8D8C5E3B4E8G8G4G5B6H4B3H5H3,2.0,1.0,297.0,384.0,,,,,
F5D6C3D3C4F4F6F3E6E7D7G6F8F7H6C8D8C5E3B4E8G8G4G5B6H4B3H5H3E2,1.0,1.0,,,,,,,
F5D6C3D3C4F4F6F3E6E7D7G6F8F7H6C6D2D8C5B4E3C7E8E2A5B3,1.0,1.0,299.0,,,,,,
F5D6C3D3C4F4F6F3E6E7D7G6F8F7H6C6D2D8C5B4E3C7E8E2A5B3B6,1.0,1.0,300.0,,,,,,
F5D6C3D3C4F4F6F3E6E7D7G6F8F7H6C6D2D8C5B4E3C7E8E2A5B3B6A4,1.0,1.0,301.0,,,,,,
F5D6C3D3C4F4F6F3E6E7D7G6F8F7H6C6D2D8C5B4E3C7E8E2A5B3B6A4A3,1.0,1.0,302.0,,,,,,
F5D6C3D3C4F4F6F3E6E7D7G6F8F7H6C6D2D8C5B4E3C7E8E2A5B3B6A4A3G5,1.0,1.0,,,,,,,
F5D6C3D3C4F4F6F3E6E7D7G6F8F7H6C6D2D8C5B4E3C7E8E2B3B6C8,3.0,1.0,304.0,715.0,,,,,
F5D6C3D3C4F4F6F3E6E7D7G6F8F7H6C6D2D8C5B4E3C7E8E2B3B6C8B7,2.0,1.0,305.0,,,,,,
F5D6C3D3C4F4F6F3E6E7D7G6F8F7H6C6D2D8C5B4E3C7E8E2B3B6C8B7B5,2.0,1.0,306.0,666.0,,,,,
F5D6C3D3C4F4F6F3E6E7D7G6F8F7H6C6D2D8C5B4E3C7E8E2B3B6C8B7B5A4,1.0,1.0,,,,,,,
F5D6C3D3C4F4F6F3E6E7D7G6F8F7H6C5C6D8E3B6G4B4B5B3A3,5.0,1.0,308.0,,,,,,
F5D6C3D3C4F4F6F3E6E7D7G6F8F7H6C5C6D8E3B6G4B4B5B3A3G3,5.0,1.0,309.0,,,,,,
F5D6C3D3C4F4F6F3E6E7D7G6F8F7H6C5C6D8E3B6G4B4B5B3A3G3F2,5.0,1.0,310.0,612.0,837.0,,,,
F5D6C3D3C4F4F6F3E6E7D7G6F8F7H6C5C6D8E3B6G4B4B5B3A3G3F2H5,3.0,1.0,311.0,,,,,,
F5D6C3D3C4F4F6F3E6E7D7G6F8F7H6C5C6D8E3B6G4B4B5B3A3G3F2H5E2,3.0,1.0,312.0,569.0,928.0,,,,
F5D6C3D3C4F4F6F3E6E7D7G6F8F7H6C5C6D8E3B6G4B4B5B3A3G3F2H5E2H3,1.0,1.0,,,,,,,
F5D6C3D3C4F4F6F3E6E7D7G6F8F7H6C5C6D8E3B6G4B4B5H3H4G3G5F2C8,1.0,1.0,314.0,,,,,,
F5D6C3D3C4F4F6F3E6E7D7G6F8F7H6C5C6D8E3B6G4B4B5H3H4G3G5F2C8E8,1.0,1.0,,,,,,,
F5D6C3D3C4F4F6F3E6E7D7G6F8F7H6C5C6D8E3B6G4B4B5H3H4E2G3A5E8,1.0,1.0,316.0,,,,,,
F5D6C3D3C4F4F6F3E6E7D7G6F8F7H6C5C6D8E3B6G4B4B5H3H4E2G3A5E8F2,1.0,1.0,,,,,,,
F5D6C3D3C4F4F6F3E6E7D7G6F8F7H6C8D8C5C6,2.0,2.0,318.0,,,,,,
F5D6C3D3C4F4F6F3E6E7D7G6F8F7H6C8D8C5C6E8,2.0,2.0,319.0,,,,,,
F5D6C3D3C4F4F6F3E6E7D7G6F8F7H6C8D8C5C6E8B8,2.0,2.0,320.0,,,,,,
F5D6C3D3C4F4F6F3E6E7D7G6F8F7H6C8D8C5C6E8B8G5,2.0,2.0,321.0,,,,,,
F5D6C3D3C4F4F6F3E6E7D7G6F8F7H6C8D8C5C6E8B8G5G8,2.0,2.0,322.0,363.0,,,,,
F5D6C3D3C4F4F6F3E6E7D7G6F8F7H6C8D8C5C6E8B8G5G8C7,1.0,3.0,323.0,907.0,,,,,
F5D6C3D3C4F4F6F3E6E7D7G6F8F7H6C8D8C5C6E8B8G5G8C7D2,1.0,2.0,324.0,,,,,,
F5D6C3D3C4F4F6F3E6E7D7G6F8F7H6C8D8C5C6E8B8G5G8C7D2B4,1.0,2.0,325.0,681.0,,,,,
F5D6C3D3C4F4F6F3E6E7D7G6F8F7H6C8D8C5C6E8B8G5G8C7D2B4A5,1.0,1.0,326.0,,,,,,
F5D6C3D3C4F4F6F3E6E7D7G6F8F7H6C8D8C5C6E8B8G5G8C7D2B4A5E2,1.0,1.0,327.0,,,,,,
F5D6C3D3C4F4F6F3E6E7D7G6F8F7H6C8D8C5C6E8B8G5G8C7D2B4A5E2B3,1.0,1.0,328.0,,,,,,
F5D6C3D3C4F4F6F3E6E7D7G6F8F7H6C8D8C5C6E8B8G5G8C7D2B4A5E2B3B5,1.0,1.0,,,,,,,
F5D6C3D3C4F4F6F3E6E7D7G6F8F7H6C6D2D8C5B4B3B6A4E8C8G5H5C2,1.0,3.0,330.0,792.0,859.0,,,,
F5D6C3D3C4F4F6F3E6E7D7G6F8F7H6C6D2D8C5B4B3B6A4E8C8G5H5C2G3,1.0,1.0,331.0,,,,,,
F5D6C3D3C4F4F6F3E6E7D7G6F8F7H6C6D2D8C5B4B3B6A4E8C8G5H5C2G3G4,1.0,1.0,,,,,,,
F5D6C3D3C4F4F6F3E6E7D7G6F8F7H6C6D2D8C5B4B5,3.0,2.0,333.0,,,,,,
F5D6C3D3C4F4F6F3E6E7D7G6F8F7H6C6D2D8C5B4B5B3,3.0,2.0,334.0,,,,,,
F5D6C3D3C4F4F6F3E6E7D7G6F8F7H6C6D2D8C5B4B5B3B6,3.0,2.0,335.0,353.0,704.0,,,,
F5D6C3D3C4F4F6F3E6E7D7G6F8F7H6C6D2D8C5B4B5B3B6C7,1.0,2.0,336.0,,,,,,
F5D6C3D3C4F4F6F3E6E7D7G6F8F7H6C6D2D8C5B4B5B3B6C7E3,1.0,2.0,337.0,,,,,,
F5D6C3D3C4F4F6F3E6E7D7G6F8F7H6C6D2D8C5B4B5B3B6C7E3A4,1.0,2.0,338.0,,,,,,
F5D6C3D3C4F4F6F3E6E7D7G6F8F7H6C6D2D8C5B4B5B3B6C7E3A4A6,1.0,2.0,339.0,,,,,,
F5D6C3D3C4F4F6F3E6E7D7G6F8F7H6C6D2D8C5B4B5B3B6C7E3A4A6C2,1.0,2.0,340.0,679.0,,,,,
F5D6C3D3C4F4F6F3E6E7D7G6F8F7H6C6D2D8C5B4B5B3B6C7E3A4A6C2E2,1.0,1.0,341.0,,,,,,
F5D6C3D3C4F4F6F3E6E7D7G6F8F7H6C6D2D8C5B4B5B3B6C7E3A4A6C2E2E8,1.0,1.0,,,,,,,
F5D6C3D3C4F4F6F3E6E7D7G6F8F7H6C6D2D8C5B4G4B5B6C7E3H3E8G5A5,2.0,1.0,343.0,924.0,,,,,
F5D6C3D3C4F4F6F3E6E7D7G6F8F7H6C6D2D8C5B4G4B5B6C7E3H3E8G5A5C2,1.0,1.0,,,,,,,
F5D6C3D3C4F4F6F3E6E7D7G6F8F7H6C6D2D8C5B4B3B6G5C7E8G4G3D1,1.0,1.0,345.0,,,,,,
F5D6C3D3C4F4F6F3E6E7D7G6F8F7H6C6D2D8C5B4B3B6G5C7E8G4G3D1E2,1.0,1.0,346.0,,,,,,
F5D6C3D3C4F4F6F3E6E7D7G6F8F7H6C6D2D8C5B4B3B6G5C7E8G4G3D1E2H3,1.0,1.0,,,,,,,
F5D6C3D3C4F4F6F3E6E7D7G6F8F7H6C6D2D8C5B4E3C7E8E2A5B5,2.0,2.0,348.0,416.0,,,,,
F5D6C3D3C4F4F6F3E6E7D7G6F8F7H6C6D2D8C5B4E3C7E8E2A5B5B3,2.0,1.0,349.0,,,,,,
F5D6C3D3C4F4F6F3E6E7D7G6F8F7H6C6D2D8C5B4E3C7E8E2A5B5B3A4,2.0,1.0,350.0,,,,,,
F5D6C3D3C4F4F6F3E6E7D7G6F8F7H6C6D2D8C5B4E3C7E8E2A5B5B3A4A3,2.0,1.0,351.0,762.0,,,,,
F5D6C3D3C4F4F6F3E6E7D7G6F8F7H6C6D2D8C5B4E3C7E8E2A5B5B3A4A3B6,1.0,1.0,,,,,,,
F5D6C3D3C4F4F6F3E6E7D7G6F8F7H6C6E2D2E3D8G5G3C7C8E8G4C5E1C1B2,1.0,1.0,,,,,,,
F5D6C3D3C4F4F6F3E6E7D7G6F8F7H6C6D2D8C5B4B5B3B6E2,1.0,3.0,354.0,,,,,,
F5D6C3D3C4F4F6F3E6E7D7G6F8F7H6C6D2D8C5B4B5B3B6E2C7,1.0,3.0,355.0,,,,,,
F5D6C3D3C4F4F6F3E6E7D7G6F8F7H6C6D2D8C5B4B5B3B6E2C7G5,1.0,3.0,356.0,526.0,,,,,
F5D6C3D3C4F4F6F3E6E7D7G6F8F7H6C6D2D8C5B4B5B3B6E2C7G5E8,1.0,2.0,357.0,,,,,,
F5D6C3D3C4F4F6F3E6E7D7G6F8F7H6C6D2D8C5B4B5B3B6E2C7G5E8C8,1.0,2.0,358.0,1005.0,,,,,
F5D6C3D3C4F4F6F3E6E7D7G6F8F7H6C6D2D8C5B4B5B3B6E2C7G5E8C8B8,3.0,1.0,359.0,523.0,737.0,,,,
F5D6C3D3C4F4F6F3E6E7D7G6F8F7H6C6D2D8C5B4B5B3B6E2C7G5E8C8B8A5,1.0,1.0,,,,,,,
F5D6C3D3C4F4F6F3E6E7D7G6F8F7H6C8D8C5E3B4E8F2G5G8E2E1C6C2,1.0,4.0,361.0,685.0,760.0,871.0,,,
F5D6C3D3C4F4F6F3E6E7D7G6F8F7H6C8D8C5E3B4E8F2G5G8E2E1C6C2D2,5.0,1.0,362.0,480.0,823.0,833.0,843.0,,
F5D6C3D3C4F4F6F3E6E7D7G6F8F7H6C8D8C5E3B4E8F2G5G8E2E1C6C2D2G3,1.0,1.0,,,,,,,
F5D6C3D3C4F4F6F3E6E7D7G6F8F7H6C8D8C5C6E8B8G5G8B5,1.0,2.0,364.0,489.0,,,,,
F5D6C3D3C4F4F6F3E6E7D7G6F8F7H6C8D8C5C6E8B8G5G8B5G3,5.0,1.0,365.0,475.0,,,,,
F5D6C3D3C4F4F6F3E6E7D7G6F8F7H6C8D8C5C6E8B8G5G8B5G3C7,3.0,1.0,366.0,,,,,,
F5D6C3D3C4F4F6F3E6E7D7G6F8F7H6C8D8C5C6E8B8G5G8B5G3C7H4,3.0,1.0,367.0,,,,,,
F5D6C3D3C4F4F6F3E6E7D7G6F8F7H6C8D8C5C6E8B8G5G8B5G3C7H4G4,3.0,1.0,368.0,,,,,,
F5D6C3D3C4F4F6F3E6E7D7G6F8F7H6C8D8C5C6E8B8G5G8B5G3C7H4G4A5,3.0,1.0,369.0,983.0,1013.0,,,,
F5D6C3D3C4F4F6F3E6E7D7G6F8F7H6C8D8C5C6E8B8G5G8B5G3C7H4G4A5H5,1.0,1.0,,,,,,,
F5D6C3D3C4F4F6F3E6E7D7G6F8F7H6C6D2D8C5B4B3B6G5G4F2E8C8C7A4G3,1.0,1.0,,,,,,,
F5D6C3D3C4F4F6F3E6E7D7G6F8F7H6C6D2D8C5B4B3B6G5C7E8G4G3H5A4D1,1.0,1.0,,,,,,,
F5D6C3D3C4F4F6F3E6E7D7G6F8F7H6C5C6D8E3B6G4B4B5F2C7H4A3,2.0,1.0,373.0,773.0,,,,,
F5D6C3D3C4F4F6F3E6E7D7G6F8F7H6C5C6D8E3B6G4B4B5F2C7H4A3H5,1.0,1.0,374.0,,,,,,
F5D6C3D3C4F4F6F3E6E7D7G6F8F7H6C5C6D8E3B6G4B4B5F2C7H4A3H5H3,1.0,1.0,375.0,,,,,,
F5D6C3D3C4F4F6F3E6E7D7G6F8F7H6C5C6D8E3B6G4B4B5F2C7H4A3H5H3D2,1.0,1.0,,,,,,,
F5D6C3D3C4F4F6F3E6E7D7G6F8F7H6C6D2D8C5B4E3C7E8E2B3B6F1G5,3.0,1.0,377.0,,,,,,
F5D6C3D3C4F4F6F3E6E7D7G6F8F7H6C6D2D8C5B4E3C7E8E2B3B6F1G5A5,3.0,1.0,378.0,508.0,984.0,,,,
F5D6C3D3C4F4F6F3E6E7D7G6F8F7H6C6D2D8C5B4E3C7E8E2B3B6F1G5A5C1,1.0,1.0,,,,,,,
F5D6C3D3C4F4F6F3E6E7D7G6F8F7H6C6D2D8E3G5C7C5B5C8B6E2G3H5,1.0,1.0,380.0,,,,,,
F5D6C3D3C4F4F6F3E6E7D7G6F8F7H6C6D2D8E3G5C7C5B5C8B6E2G3H5H4,1.0,1.0,381.0,,,,,,
F5D6C3D3C4F4F6F3E6E7D7G6F8F7H6C6D2D8E3G5C7C5B5C8B6E2G3H5H4B4,1.0,1.0,,,,,,,
F5D6C3D3C4F4F6F3E6E7D7G6F8F7H6C5C6D8E3B6G4B4B5F2C7H4A6D2H3,1.0,1.0,383.0,,,,,,
F5D6C3D3C4F4F6F3E6E7D7G6F8F7H6C5C6D8E3B6G4B4B5F2C7H4A6D2H3H2,1.0,1.0,,,,,,,
F5D6C3D3C4F4F6F3E6E7D7G6F8F7H6C8D8C5E3B4E8G8G4G5B6H4B3H5H3G3,1.0,1.0,,,,,,,
F5D6C3D3C4F4F6F3E6E7D7G6F8F7H6C6D2D8C5B4E3C7E8E2B6B5A3,2.0,1.0,386.0,,,,,,
F5D6C3D3C4F4F6F3E6E7D7G6F8F7H6C6D2D8C5B4E3C7E8E2B6B5A3A4,2.0,1.0,387.0,,,,,,
F5D6C3D3C4F4F6F3E6E7D7G6F8F7H6C6D2D8C5B4E3C7E8E2B6B5A3A4C2,2.0,1.0,388.0,624.0,,,,,
F5D6C3D3C4F4F6F3E6E7D7G6F8F7H6C6D2D8C5B4E3C7E8E2B6B5A3A4C2G8,1.0,1.0,,,,,,,
F5D6C3D3C4F4F6F3E6E7D7G6F8F7H6C6D2D8C5B4E3C7E8E2B6B5A5A6,1.0,3.0,390.0,495.0,902.0,,,,
F5D6C3D3C4F4F6F3E6E7D7G6F8F7H6C6D2D8C5B4E3C7E8E2B6B5A5A6A7,1.0,1.0,391.0,,,,,,
F5D6C3D3C4F4F6F3E6E7D7G6F8F7H6C6D2D8C5B4E3C7E8E2B6B5A5A6A7G5,1.0,1.0,,,,,,,
F5D6C3D3C4F4F6F3E6E7D7G6F8F7H6C6D2D8C5B4E3C7E8G5B3E2B6G8G3A5,1.0,1.0,,,,,,,
F5D6C3D3C4F4F6F3E6E7D7G6F8F7H6C8D8C5E3B4E8G8G4G5B6G3B3C6,1.0,1.0,394.0,,,,,,
F5D6C3D3C4F4F6F3E6E7D7G6F8F7H6C8D8C5E3B4E8G8G4G5B6G3B3C6H4,1.0,1.0,395.0,,,,,,
F5D6C3D3C4F4F6F3E6E7D7G6F8F7H6C8D8C5E3B4E8G8G4G5B6G3B3C6H4B5,1.0,1.0,,,,,,,
F5D6C3D3C4F4F6F3E6E7D7G6F8F7H6C5C6D8E3B6G4B4B5F2D2,1.0,6.0,397.0,,,,,,
F5D6C3D3C4F4F6F3E6E7D7G6F8F7H6C5C6D8E3B6G4B4B5F2D2A5,1.0,6.0,398.0,465.0,579.0,,,,
F5D6C3D3C4F4F6F3E6E7D7G6F8F7H6C5C6D8E3B6G4B4B5F2D2A5E8,1.0,2.0,399.0,,,,,,
F5D6C3D3C4F4F6F3E6E7D7G6F8F7H6C5C6D8E3B6G4B4B5F2D2A5E8G5,1.0,2.0,400.0,577.0,,,,,
F5D6C3D3C4F4F6F3E6E7D7G6F8F7H6C5C6D8E3B6G4B4B5F2D2A5E8G5G3,2.0,1.0,401.0,576.0,,,,,
F5D6C3D3C4F4F6F3E6E7D7G6F8F7H6C5C6D8E3B6G4B4B5F2D2A5E8G5G3B3,1.0,1.0,,,,,,,
F5D6C3D3C4F4F6F3E6E7D7G6F8F7H6C6D2D8C5B4B3B6G3,4.0,1.0,403.0,,,,,,
F5D6C3D3C4F4F6F3E6E7D7G6F8F7H6C6D2D8C5B4B3B6G3G4,4.0,1.0,404.0,,,,,,
F5D6C3D3C4F4F6F3E6E7D7G6F8F7H6C6D2D8C5B4B3B6G3G4E8,4.0,1.0,405.0,865.0,,,,,
F5D6C3D3C4F4F6F3E6E7D7G6F8F7H6C6D2D8C5B4B3B6G3G4E8C7,3.0,1.0,406.0,,,,,,
F5D6C3D3C4F4F6F3E6E7D7G6F8F7H6C6D2D8C5B4B3B6G3G4E8C7G5,3.0,1.0,407.0,828.0,,,,,
F5D6C3D3C4F4F6F3E6E7D7G6F8F7H6C6D2D8C5B4B3B6G3G4E8C7G5H5,2.0,1.0,408.0,,,,,,
F5D6C3D3C4F4F6F3E6E7D7G6F8F7H6C6D2D8C5B4B3B6G3G4E8C7G5H5F2,2.0,1.0,409.0,639.0,,,,,
F5D6C3D3C4F4F6F3E6E7D7G6F8F7H6C6D2D8C5B4B3B6G3G4E8C7G5H5F2E3,1.0,1.0,,,,,,,
F5D6C3D3C4F4F6F3E6E7D7G6F8F7H6C6D2D8C5B4E3C7E8E2B3B6F1G8A4G5,1.0,1.0,,,,,,,
F5D6C3D3C4F4F6F3E6E7D7G6F8F7H6C8D8C5E3B4E8F2G5G8E2H4,1.0,1.0,412.0,,,,,,
F5D6C3D3C4F4F6F3E6E7D7G6F8F7H6C8D8C5E3B4E8F2G5G8E2H4G3,1.0,1.0,413.0,,,,,,
F5D6C3D3C4F4F6F3E6E7D7G6F8F7H6C8D8C5E3B4E8F2G5G8E2H4G3G4,1.0,1.0,414.0,,,,,,
F5D6C3D3C4F4F6F3E6E7D7G6F8F7H6C8D8C5E3B4E8F2G5G8E2H4G3G4C6,1.0,1.0,415.0,,,,,,
F5D6C3D3C4F4F6F3E6E7D7G6F8F7H6C8D8C5E3B4E8F2G5G8E2H4G3G4C6C7,1.0,1.0,,,,,,,
F5D6C3D3C4F4F6F3E6E7D7G6F8F7H6C6D2D8C5B4E3C7E8E2A5B5C2,3.0,1.0,417.0,770.0,,,,,
F5D6C3D3C4F4F6F3E6E7D7G6F8F7H6C6D2D8C5B4E3C7E8E2A5B5C2G4,1.0,1.0,418.0,,,,,,
F5D6C3D3C4F4F6F3E6E7D7G6F8F7H6C6D2D8C5B4E3C7E8E2A5B5C2G4B3,1.0,1.0,419.0,,,,,,
F5D6C3D3C4F4F6F3E6E7D7G6F8F7H6C6D2D8C5B4E3C7E8E2A5B5C2G4B3A4,1.0,1.0,,,,,,,
F5D6C3D3C4F4F6F3E6E7D7G6F8F7H6C6D2D8C5B4G4C7,2.0,3.0,421.0,,,,,,
F5D6C3D3C4F4F6F3E6E7D7G6F8F7H6C6D2D8C5B4G4C7E3,2.0,3.0,422.0,,,,,,
F5D6C3D3C4F4F6F3E6E7D7G6F8F7H6C6D2D8C5B4G4C7E3E2,2.0,3.0,423.0,,,,,,
F5D6C3D3C4F4F6F3E6E7D7G6F8F7H6C6D2D8C5B4G4C7E3E2E8,2.0,3.0,424.0,564.0,,,,,
F5D6C3D3C4F4F6F3E6E7D7G6F8F7H6C6D2D8C5B4G4C7E3E2E8B5,1.0,3.0,425.0,861.0,,,,,
F5D6C3D3C4F4F6F3E6E7D7G6F8F7H6C6D2D8C5B4G4C7E3E2E8B5G5,1.0,2.0,426.0,,,,,,
F5D6C3D3C4F4F6F3E6E7D7G6F8F7H6C6D2D8C5B4G4C7E3E2E8B5G5G3,1.0,2.0,427.0,900.0,,,,,
F5D6C3D3C4F4F6F3E6E7D7G6F8F7H6C6D2D8C5B4G4C7E3E2E8B5G5G3E1,2.0,1.0,428.0,797.0,,,,,
F5D6C3D3C4F4F6F3E6E7D7G6F8F7H6C6D2D8C5B4G4C7E3E2E8B5G5G3E1B3,1.0,1.0,,,,,,,
F5D6C3D3C4F4F6F3E6E7D7G6F8F7H6C6D2D8E3G5C7C5B5C8B6E2F1,1.0,2.0,430.0,,,,,,
F5D6C3D3C4F4F6F3E6E7D7G6F8F7H6C6D2D8E3G5C7C5B5C8B6E2F1B4,1.0,2.0,431.0,693.0,,,,,
F5D6C3D3C4F4F6F3E6E7D7G6F8F7H6C6D2D8E3G5C7C5B5C8B6E2F1B4G3,1.0,1.0,432.0,,,,,,
F5D6C3D3C4F4F6F3E6E7D7G6F8F7H6C6D2D8E3G5C7C5B5C8B6E2F1B4G3C2,1.0,1.0,,,,,,,
F5D6C3D3C4F4F6F3E6E7D7G6F8F7H6C8D8C5E3B4E8G8G4G5B6C6,1.0,1.0,434.0,,,,,,
F5D6C3D3C4F4F6F3E6E7D7G6F8F7H6C8D8C5E3B4E8G8G4G5B6C6G3,1.0,1.0,435.0,,,,,,
F5D6C3D3C4F4F6F3E6E7D7G6F8F7H6C8D8C5E3B4E8G8G4G5B6C6G3H4,1.0,1.0,436.0,,,,,,
F5D6C3D3C4F4F6F3E6E7D7G6F8F7H6C8D8C5E3B4E8G8G4G5B6C6G3H4B5,1.0,1.0,437.0,,,,,,
F5D6C3D3C4F4F6F3E6E7D7G6F8F7H6C8D8C5E3B4E8G8G4G5B6C6G3H4B5H5,1.0,1.0,,,,,,,
F5D6C3D3C4F4F6F3E6E7D7G6F8F7H6C6D2D8C5B4B3B6G5G4G3E8C8G7H8,1.0,1.0,439.0,,,,,,
F5D6C3D3C4F4F6F3E6E7D7G6F8F7H6C6D2D8C5B4B3B6G5G4G3E8C8G7H8E3,1.0,1.0,,,,,,,
F5D6C3D3C4F4F6F3E6E7D7G6F8F7H6C6D2D8C5B4G4B5B6E8C8G5A5A3A6B3,1.0,1.0,,,,,,,
F5D6C3D3C4F4F6F3E6E7D7G6F8F7H6C6D2D8C5B4E3C7E8E2A5A4,2.0,1.0,442.0,,,,,,
F5D6C3D3C4F4F6F3E6E7D7G6F8F7H6C6D2D8C5B4E3C7E8E2A5A4A3,2.0,1.0,443.0,976.0,,,,,
F5D6C3D3C4F4F6F3E6E7D7G6F8F7H6C6D2D8C5B4E3C7E8E2A5A4A3B3,1.0,3.0,444.0,919.0,922.0,,,,
F5D6C3D3C4F4F6F3E6E7D7G6F8F7H6C6D2D8C5B4E3C7E8E2A5A4A3B3E1,2.0,1.0,445.0,689.0,,,,,
F5D6C3D3C4F4F6F3E6E7D7G6F8F7H6C6D2D8C5B4E3C7E8E2A5A4A3B3E1G5,1.0,1.0,,,,,,,
F5D6C3D3C4F4F6F3E6E7D7G6F8F7H6C5C6D8E3B6G4B4B5B3D2F2E2D1C7G3,1.0,1.0,,,,,,,
F5D6C3D3C4F4F6F3E6E7D7G6F8F7H6C6D2D8E3G5C7C5B5C8B6E2G8,3.0,1.0,448.0,660.0,,,,,
F5D6C3D3C4F4F6F3E6E7D7G6F8F7H6C6D2D8E3G5C7C5B5C8B6E2G8C1,1.0,2.0,449.0,801.0,,,,,
F5D6C3D3C4F4F6F3E6E7D7G6F8F7H6C6D2D8E3G5C7C5B5C8B6E2G8C1D1,2.0,1.0,450.0,615.0,,,,,
F5D6C3D3C4F4F6F3E6E7D7G6F8F7H6C6D2D8E3G5C7C5B5C8B6E2G8C1D1E1,1.0,1.0,,,,,,,
F5D6C3D3C4F4F6F3E6E7D7G6F8F7H6C6D2D8C5B4C7G5,1.0,2.0,452.0,514.0,,,,,
F5D6C3D3C4F4F6F3E6E7D7G6F8F7H6C6D2D8C5B4C7G5E8,1.0,1.0,453.0,,,,,,
F5D6C3D3C4F4F6F3E6E7D7G6F8F7H6C6D2D8C5B4C7G5E8G8,1.0,1.0,454.0,,,,,,
F5D6C3D3C4F4F6F3E6E7D7G6F8F7H6C6D2D8C5B4C7G5E8G8G4,1.0,1.0,455.0,,,,,,
F5D6C3D3C4F4F6F3E6E7D7G6F8F7H6C6D2D8C5B4C7G5E8G8G4E2,1.0,1.0,456.0,,,,,,
F5D6C3D3C4F4F6F3E6E7D7G6F8F7H6C6D2D8C5B4C7G5E8G8G4E2B3,1.0,1.0,457.0,,,,,,
F5D6C3D3C4F4F6F3E6E7D7G6F8F7H6C6D2D8C5B4C7G5E8G8G4E2B3H5,1.0,1.0,458.0,,,,,,
F5D6C3D3C4F4F6F3E6E7D7G6F8F7H6C6D2D8C5B4C7G5E8G8G4E2B3H5H3,1.0,1.0,459.0,,,,,,
F5D6C3D3C4F4F6F3E6E7D7G6F8F7H6C6D2D8C5B4C7G5E8G8G4E2B3H5H3H4,1.0,1.0,,,,,,,
F5D6C3D3C4F4F6F3E6E7D7G6F8F7H6C5C6D8E3B6G4B4B5F2C7E8,1.0,1.0,461.0,,,,,,
F5D6C3D3C4F4F6F3E6E7D7G6F8F7H6C5C6D8E3B6G4B4B5F2C7E8C8,1.0,1.0,462.0,,,,,,
F5D6C3D3C4F4F6F3E6E7D7G6F8F7H6C5C6D8E3B6G4B4B5F2C7E8C8G3,1.0,1.0,463.0,,,,,,
F5D6C3D3C4F4F6F3E6E7D7G6F8F7H6C5C6D8E3B6G4B4B5F2C7E8C8G3E2,1.0,1.0,464.0,,,,,,
F5D6C3D3C4F4F6F3E6E7D7G6F8F7H6C5C6D8E3B6G4B4B5F2C7E8C8G3E2G5,1.0,1.0,,,,,,,
F5D6C3D3C4F4F6F3E6E7D7G6F8F7H6C5C6D8E3B6G4B4B5F2D2A5E2,1.0,1.0,466.0,,,,,,
F5D6C3D3C4F4F6F3E6E7D7G6F8F7H6C5C6D8E3B6G4B4B5F2D2A5E2H5,1.0,1.0,467.0,,,,,,
F5D6C3D3C4F4F6F3E6E7D7G6F8F7H6C5C6D8E3B6G4B4B5F2D2A5E2H5H4,1.0,1.0,468.0,,,,,,
F5D6C3D3C4F4F6F3E6E7D7G6F8F7H6C5C6D8E3B6G4B4B5F2D2A5E2H5H4B3,1.0,1.0,,,,,,,
F5D6C3D3C4F4F6F3E6E7D7G6F8F7H6C6D2D8C5B4C7E8C8G5H4H5G4H3,1.0,3.0,470.0,656.0,835.0,,,,
F5D6C3D3C4F4F6F3E6E7D7G6F8F7H6C6D2D8C5B4C7E8C8G5H4H5G4H3B5,1.0,1.0,471.0,,,,,,
F5D6C3D3C4F4F6F3E6E7D7G6F8F7H6C6D2D8C5B4C7E8C8G5H4H5G4H3B5G3,1.0,1.0,,,,,,,
F5D6C3D3C4F4F6F3E6E7D7G6F8F7H6C6D2D8C5B4G4B5B6C7E3E2E8B3,5.0,1.0,473.0,,,,,,
F5D6C3D3C4F4F6F3E6E7D7G6F8F7H6C6D2D8C5B4G4B5B6C7E3E2E8B3E1,5.0,1.0,474.0,796.0,800.0,850.0,889.0,,
F5D6C3D3C4F4F6F3E6E7D7G6F8F7H6C6D2D8C5B4G4B5B6C7E3E2E8B3E1H3,1.0,1.0,,,,,,,
F5D6C3D3C4F4F6F3E6E7D7G6F8F7H6C8D8C5C6E8B8G5G8B5G3G4,2.0,1.0,476.0,,,,,,
F5D6C3D3C4F4F6F3E6E7D7G6F8F7H6C8D8C5C6E8B8G5G8B5G3G4B6,2.0,1.0,477.0,,,,,,
F5D6C3D3C4F4F6F3E6E7D7G6F8F7H6C8D8C5C6E8B8G5G8B5G3G4B6C7,2.0,1.0,478.0,,,,,,
F5D6C3D3C4F4F6F3E6E7D7G6F8F7H6C8D8C5C6E8B8G5G8B5G3G4B6C7D2,2.0,1.0,479.0,621.0,,,,,
F5D6C3D3C4F4F6F3E6E7D7G6F8F7H6C8D8C5C6E8B8G5G8B5G3G4B6C7D2E3,1.0,1.0,,,,,,,
F5D6C3D3C4F4F6F3E6E7D7G6F8F7H6C8D8C5E3B4E8F2G5G8E2E1C6C2D2B5,1.0,1.0,,,,,,,
F5D6C3D3C4F4F6F3E6E7D7G6F8F7H6C6D2D8C5B4E3C7E8E2B3B6A5,2.0,1.0,482.0,505.0,,,,,
F5D6C3D3C4F4F6F3E6E7D7G6F8F7H6C6D2D8C5B4E3C7E8E2B3B6A5B5,1.0,1.0,483.0,,,,,,
F5D6C3D3C4F4F6F3E6E7D7G6F8F7H6C6D2D8C5B4E3C7E8E2B3B6A5B5A6,1.0,1.0,484.0,,,,,,
F5D6C3D3C4F4F6F3E6E7D7G6F8F7H6C6D2D8C5B4E3C7E8E2B3B6A5B5A6A4,1.0,1.0,,,,,,,
F5D6C3D3C4F4F6F3E6E7D7G6F8F7H6C6E2D2E3D8G5G3C7C8E8G4C5E1C1H5,1.0,1.0,,,,,,,
F5D6C3D3C4F4F6F3E6E7D7G6F8F7H6C6D2D8E3G5C7C5B5C8B6E2G3G4,1.0,1.0,487.0,,,,,,
F5D6C3D3C4F4F6F3E6E7D7G6F8F7H6C6D2D8E3G5C7C5B5C8B6E2G3G4H5,1.0,1.0,488.0,,,,,,
F5D6C3D3C4F4F6F3E6E7D7G6F8F7H6C6D2D8E3G5C7C5B5C8B6E2G3G4H5B4,1.0,1.0,,,,,,,
F5D6C3D3C4F4F6F3E6E7D7G6F8F7H6C8D8C5C6E8B8G5G8B5B6,1.0,1.0,490.0,,,,,,
F5D6C3D3C4F4F6F3E6E7D7G6F8F7H6C8D8C5C6E8B8G5G8B5B6B4,1.0,1.0,491.0,,,,,,
F5D6C3D3C4F4F6F3E6E7D7G6F8F7H6C8D8C5C6E8B8G5G8B5B6B4A3,1.0,1.0,492.0,,,,,,
F5D6C3D3C4F4F6F3E6E7D7G6F8F7H6C8D8C5C6E8B8G5G8B5B6B4A3A4,1.0,1.0,493.0,,,,,,
F5D6C3D3C4F4F6F3E6E7D7G6F8F7H6C8D8C5C6E8B8G5G8B5B6B4A3A4H5,1.0,1.0,494.0,,,,,,
F5D6C3D3C4F4F6F3E6E7D7G6F8F7H6C8D8C5C6E8B8G5G8B5B6B4A3A4H5B3,1.0,1.0,,,,,,,
F5D6C3D3C4F4F6F3E6E7D7G6F8F7H6C6D2D8C5B4E3C7E8E2B6B5A5A6B3,1.0,1.0,496.0,,,,,,
F5D6C3D3C4F4F6F3E6E7D7G6F8F7H6C6D2D8C5B4E3C7E8E2B6B5A5A6B3G8,1.0,1.0,,,,,,,
F5D6C3D3C4F4F6F3E6E7D7G6F8F7H6C6D2D8C5B4C7E8C8G5H4H5G4B5B3G3,1.0,1.0,,,,,,,
F5D6C3D3C4F4F6F3E6E7D7G6F8F7H6C5C6D8E3B6G4B4B5A4,1.0,2.0,499.0,777.0,,,,,
F5D6C3D3C4F4F6F3E6E7D7G6F8F7H6C5C6D8E3B6G4B4B5A4A3,1.0,1.0,500.0,,,,,,
F5D6C3D3C4F4F6F3E6E7D7G6F8F7H6C5C6D8E3B6G4B4B5A4A3G3,1.0,1.0,501.0,,,,,,
F5D6C3D3C4F4F6F3E6E7D7G6F8F7H6C5C6D8E3B6G4B4B5A4A3G3E8,1.0,1.0,502.0,,,,,,
F5D6C3D3C4F4F6F3E6E7D7G6F8F7H6C5C6D8E3B6G4B4B5A4A3G3E8H5,1.0,1.0,503.0,,,,,,
F5D6C3D3C4F4F6F3E6E7D7G6F8F7H6C5C6D8E3B6G4B4B5A4A3G3E8H5C8,1.0,1.0,504.0,,,,,,
F5D6C3D3C4F4F6F3E6E7D7G6F8F7H6C5C6D8E3B6G4B4B5A4A3G3E8H5C8G5,1.0,1.0,,,,,,,
F5D6C3D3C4F4F6F3E6E7D7G6F8F7H6C6D2D8C5B4E3C7E8E2B3B6A5A4,1.0,2.0,506.0,950.0,,,,,
F5D6C3D3C4F4F6F3E6E7D7G6F8F7H6C6D2D8C5B4E3C7E8E2B3B6A5A4A6,1.0,1.0,507.0,,,,,,
F5D6C3D3C4F4F6F3E6E7D7G6F8F7H6C6D2D8C5B4E3C7E8E2B3B6A5A4A6B5,1.0,1.0,,,,,,,
F5D6C3D3C4F4F6F3E6E7D7G6F8F7H6C6D2D8C5B4E3C7E8E2B3B6F1G5A5A4,1.0,1.0,,,,,,,
F5D6C3D3C4F4F6F3E6E7D7G6F8F7H6C5C6D8E3B6G4B4B5F2C7B3,1.0,3.0,510.0,729.0,,,,,
F5D6C3D3C4F4F6F3E6E7D7G6F8F7H6C5C6D8E3B6G4B4B5F2C7B3A6,1.0,1.0,511.0,,,,,,
F5D6C3D3C4F4F6F3E6E7D7G6F8F7H6C5C6D8E3B6G4B4B5F2C7B3A6E8,1.0,1.0,512.0,,,,,,
F5D6C3D3C4F4F6F3E6E7D7G6F8F7H6C5C6D8E3B6G4B4B5F2C7B3A6E8C8,1.0,1.0,513.0,,,,,,
F5D6C3D3C4F4F6F3E6E7D7G6F8F7H6C5C6D8E3B6G4B4B5F2C7B3A6E8C8A5,1.0,1.0,,,,,,,
F5D6C3D3C4F4F6F3E6E7D7G6F8F7H6C6D2D8C5B4C7G5H5,2.0,1.0,515.0,,,,,,
F5D6C3D3C4F4F6F3E6E7D7G6F8F7H6C6D2D8C5B4C7G5H5E2,2.0,1.0,516.0,,,,,,
F5D6C3D3C4F4F6F3E6E7D7G6F8F7H6C6D2D8C5B4C7G5H5E2B3,2.0,1.0,517.0,,,,,,
F5D6C3D3C4F4F6F3E6E7D7G6F8F7H6C6D2D8C5B4C7G5H5E2B3B5,2.0,1.0,518.0,,,,,,
F5D6C3D3C4F4F6F3E6E7D7G6F8F7H6C6D2D8C5B4C7G5H5E2B3B5A4,2.0,1.0,519.0,590.0,,,,,
F5D6C3D3C4F4F6F3E6E7D7G6F8F7H6C6D2D8C5B4C7G5H5E2B3B5A4D1,1.0,2.0,520.0,533.0,,,,,
F5D6C3D3C4F4F6F3E6E7D7G6F8F7H6C6D2D8C5B4C7G5H5E2B3B5A4D1F1,1.0,1.0,521.0,,,,,,
F5D6C3D3C4F4F6F3E6E7D7G6F8F7H6C6D2D8C5B4C7G5H5E2B3B5A4D1F1A2,1.0,1.0,,,,,,,
F5D6C3D3C4F4F6F3E6E7D7G6F8F7H6C5C6D8E3B6G4B4B5H3H4E2G3E8C8A4,1.0,1.0,,,,,,,
F5D6C3D3C4F4F6F3E6E7D7G6F8F7H6C6D2D8C5B4B5B3B6E2C7G5E8C8B8D1,1.0,1.0,,,,,,,
F5D6C3D3C4F4F6F3E6E7D7G6F8F7H6C6D2D8C5B4G4B5G3E8C8G5H4G7F2,2.0,1.0,525.0,586.0,,,,,
F5D6C3D3C4F4F6F3E6E7D7G6F8F7H6C6D2D8C5B4G4B5G3E8C8G5H4G7F2H5,1.0,1.0,,,,,,,
F5D6C3D3C4F4F6F3E6E7D7G6F8F7H6C6D2D8C5B4B5B3B6E2C7G5G4,1.0,1.0,527.0,,,,,,
F5D6C3D3C4F4F6F3E6E7D7G6F8F7H6C6D2D8C5B4B5B3B6E2C7G5G4C8,1.0,1.0,528.0,,,,,,
F5D6C3D3C4F4F6F3E6E7D7G6F8F7H6C6D2D8C5B4B5B3B6E2C7G5G4C8E8,1.0,1.0,529.0,,,,,,
F5D6C3D3C4F4F6F3E6E7D7G6F8F7H6C6D2D8C5B4B5B3B6E2C7G5G4C8E8H3,1.0,1.0,,,,,,,
F5D6C3D3C4F4F6F3E6E7D7G6F8F7H6C5C6C8D8E8B8G5G8C7D2B4B6E2,1.0,1.0,531.0,,,,,,
F5D6C3D3C4F4F6F3E6E7D7G6F8F7H6C5C6C8D8E8B8G5G8C7D2B4B6E2B3,1.0,1.0,532.0,,,,,,
F5D6C3D3C4F4F6F3E6E7D7G6F8F7H6C5C6C8D8E8B8G5G8C7D2B4B6E2B3B5,1.0,1.0,,,,,,,
F5D6C3D3C4F4F6F3E6E7D7G6F8F7H6C6D2D8C5B4C7G5H5E2B3B5A4D1A3,1.0,1.0,534.0,,,,,,
F5D6C3D3C4F4F6F3E6E7D7G6F8F7H6C6D2D8C5B4C7G5H5E2B3B5A4D1A3B6,1.0,1.0,,,,,,,
F5D6C3D3C4F4F6F3E6E7D7G6F8F7H6C6D2D8C5B4E3C7E8E2B3B6F1G8G3,1.0,1.0,536.0,,,,,,
F5D6C3D3C4F4F6F3E6E7D7G6F8F7H6C6D2D8C5B4E3C7E8E2B3B6F1G8G3G5,1.0,1.0,,,,,,,
F5D6C3D3C4F4F6F3E6E7D7G6F8F7H6C5C6C8D8E8B8G5G8B5B6,1.0,1.0,538.0,,,,,,
F5D6C3D3C4F4F6F3E6E7D7G6F8F7H6C5C6C8D8E8B8G5G8B5B6B4,1.0,1.0,539.0,,,,,,
F5D6C3D3C4F4F6F3E6E7D7G6F8F7H6C5C6C8D8E8B8G5G8B5B6B4A3,1.0,1.0,540.0,,,,,,
F5D6C3D3C4F4F6F3E6E7D7G6F8F7H6C5C6C8D8E8B8G5G8B5B6B4A3A4,1.0,1.0,541.0,,,,,,
F5D6C3D3C4F4F6F3E6E7D7G6F8F7H6C5C6C8D8E8B8G5G8B5B6B4A3A4H5,1.0,1.0,542.0,,,,,,
F5D6C3D3C4F4F6F3E6E7D7G6F8F7H6C5C6C8D8E8B8G5G8B5B6B4A3A4H5B3,1.0,1.0,,,,,,,
F5D6C3D3C4F4F6F3E6E7D7G6F8F7H6C6D2D8C5B4G4B5G3E8C8G5F2E3B3,2.0,1.0,544.0,728.0,,,,,
F5D6C3D3C4F4F6F3E6E7D7G6F8F7H6C6D2D8C5B4G4B5G3E8C8G5F2E3B3H5,1.0,1.0,,,,,,,
F5D6C3D3C4F4F6F3E6E7D7G6F8F7H6C6D2D8C5B4E3C7E8G5B3G8,1.0,4.0,546.0,625.0,635.0,,,,
F5D6C3D3C4F4F6F3E6E7D7G6F8F7H6C6D2D8C5B4E3C7E8G5B3G8B5,2.0,1.0,547.0,718.0,,,,,
F5D6C3D3C4F4F6F3E6E7D7G6F8F7H6C6D2D8C5B4E3C7E8G5B3G8B5A5,1.0,1.0,548.0,,,,,,
F5D6C3D3C4F4F6F3E6E7D7G6F8F7H6C6D2D8C5B4E3C7E8G5B3G8B5A5A6,1.0,1.0,549.0,,,,,,
F5D6C3D3C4F4F6F3E6E7D7G6F8F7H6C6D2D8C5B4E3C7E8G5B3G8B5A5A6A7,1.0,1.0,,,,,,,
F5D6C3D3C4F4F6F3E6E7D7G6F8F7H6C6D2D8C5B4E3C7E8G5B3E2B6G8B5,1.0,1.0,551.0,,,,,,
F5D6C3D3C4F4F6F3E6E7D7G6F8F7H6C6D2D8C5B4E3C7E8G5B3E2B6G8B5C1,1.0,1.0,,,,,,,
F5D6C3D3C4F4F6F3E6E7D7G6F8F7H6C5C6D8E3B6G4B4B5H3G5F2C7,2.0,1.0,553.0,,,,,,
F5D6C3D3C4F4F6F3E6E7D7G6F8F7H6C5C6D8E3B6G4B4B5H3G5F2C7H5,2.0,1.0,554.0,,,,,,
F5D6C3D3C4F4F6F3E6E7D7G6F8F7H6C5C6D8E3B6G4B4B5H3G5F2C7H5A6,2.0,1.0,555.0,991.0,,,,,
F5D6C3D3C4F4F6F3E6E7D7G6F8F7H6C5C6D8E3B6G4B4B5H3G5F2C7H5A6C2,1.0,1.0,,,,,,,
F5D6C3D3C4F4F6F3E6E7D7G6F8F7H6C6D2D8C5B4B3B6G5G4G3E8C8G7A4,1.0,1.0,557.0,,,,,,
F5D6C3D3C4F4F6F3E6E7D7G6F8F7H6C6D2D8C5B4B3B6G5G4G3E8C8G7A4H7,1.0,1.0,,,,,,,
F5D6C3D3C4F4F6F3E6E7D7G6F8F7H6C6D2D8C5B4E3C7E8E2A5G5B3D1C8,1.0,1.0,559.0,,,,,,
F5D6C3D3C4F4F6F3E6E7D7G6F8F7H6C6D2D8C5B4E3C7E8E2A5G5B3D1C8A4,1.0,1.0,,,,,,,
F5D6C3D3C4F4F6F3E6E7D7G6F8F7H6C6D2D8C5B4C7E8C8G5H4H5B5,2.0,1.0,561.0,,,,,,
F5D6C3D3C4F4F6F3E6E7D7G6F8F7H6C6D2D8C5B4C7E8C8G5H4H5B5B3,2.0,1.0,562.0,,,,,,
F5D6C3D3C4F4F6F3E6E7D7G6F8F7H6C6D2D8C5B4C7E8C8G5H4H5B5B3G4,2.0,1.0,563.0,915.0,,,,,
F5D6C3D3C4F4F6F3E6E7D7G6F8F7H6C6D2D8C5B4C7E8C8G5H4H5B5B3G4E3,1.0,1.0,,,,,,,
F5D6C3D3C4F4F6F3E6E7D7G6F8F7H6C6D2D8C5B4G4C7E3E2E8B3,1.0,5.0,565.0,646.0,,,,,
F5D6C3D3C4F4F6F3E6E7D7G6F8F7H6C6D2D8C5B4G4C7E3E2E8B3B6,1.0,4.0,566.0,,,,,,
F5D6C3D3C4F4F6F3E6E7D7G6F8F7H6C6D2D8C5B4G4C7E3E2E8B3B6B5,1.0,4.0,567.0,785.0,952.0,987.0,,,
F5D6C3D3C4F4F6F3E6E7D7G6F8F7H6C6D2D8C5B4G4C7E3E2E8B3B6B5D1,2.0,1.0,568.0,824.0,,,,,
F5D6C3D3C4F4F6F3E6E7D7G6F8F7H6C6D2D8C5B4G4C7E3E2E8B3B6B5D1G8,1.0,1.0,,,,,,,
F5D6C3D3C4F4F6F3E6E7D7G6F8F7H6C5C6D8E3B6G4B4B5B3A3G3F2H5E2E8,1.0,1.0,,,,,,,
F5D6C3D3C4F4F6F3E6E7D7G6F8F7H6C6D2D8C5B4E3C7E8E2A5B6,2.0,1.0,571.0,,,,,,
F5D6C3D3C4F4F6F3E6E7D7G6F8F7H6C6D2D8C5B4E3C7E8E2A5B6B3,2.0,1.0,572.0,819.0,,,,,
F5D6C3D3C4F4F6F3E6E7D7G6F8F7H6C6D2D8C5B4E3C7E8E2A5B6B3B5,1.0,1.0,573.0,,,,,,
F5D6C3D3C4F4F6F3E6E7D7G6F8F7H6C6D2D8C5B4E3C7E8E2A5B6B3B5A6,1.0,1.0,574.0,,,,,,
F5D6C3D3C4F4F6F3E6E7D7G6F8F7H6C6D2D8C5B4E3C7E8E2A5B6B3B5A6A4,1.0,1.0,,,,,,,
F5D6C3D3C4F4F6F3E6E7D7G6F8F7H6C5C6D8E3B6G4B4B5H3H4G3G5F2E2C2,1.0,1.0,,,,,,,
F5D6C3D3C4F4F6F3E6E7D7G6F8F7H6C5C6D8E3B6G4B4B5F2D2A5E8G5G3G8,1.0,1.0,,,,,,,
F5D6C3D3C4F4F6F3E6E7D7G6F8F7H6C5C6D8E3B6G4B4B5F2D2A5E8G5C8,1.0,1.0,578.0,,,,,,
F5D6C3D3C4F4F6F3E6E7D7G6F8F7H6C5C6D8E3B6G4B4B5F2D2A5E8G5C8C7,1.0,1.0,,,,,,,
F5D6C3D3C4F4F6F3E6E7D7G6F8F7H6C5C6D8E3B6G4B4B5F2D2A5A3,1.0,3.0,580.0,,,,,,
F5D6C3D3C4F4F6F3E6E7D7G6F8F7H6C5C6D8E3B6G4B4B5F2D2A5A3H4,1.0,3.0,581.0,583.0,929.0,,,,
F5D6C3D3C4F4F6F3E6E7D7G6F8F7H6C5C6D8E3B6G4B4B5F2D2A5A3H4H3,3.0,1.0,582.0,629.0,698.0,,,,
F5D6C3D3C4F4F6F3E6E7D7G6F8F7H6C5C6D8E3B6G4B4B5F2D2A5A3H4H3H5,1.0,1.0,,,,,,,
F5D6C3D3C4F4F6F3E6E7D7G6F8F7H6C5C6D8E3B6G4B4B5F2D2A5A3H4E8,1.0,1.0,584.0,,,,,,
F5D6C3D3C4F4F6F3E6E7D7G6F8F7H6C5C6D8E3B6G4B4B5F2D2A5A3H4E8C7,1.0,1.0,,,,,,,
F5D6C3D3C4F4F6F3E6E7D7G6F8F7H6C6E2D2E3D8G5G3C7C8E8G4C5E1C1B5,1.0,1.0,,,,,,,
F5D6C3D3C4F4F6F3E6E7D7G6F8F7H6C6D2D8C5B4G4B5G3E8C8G5H4G7F2C7,1.0,1.0,,,,,,,
F5D6C3D3C4F4F6F3E6E7D7G6F8F7H6C5C6D8E3B6G4B4B5H3H4G3G5E2,1.0,2.0,588.0,723.0,,,,,
F5D6C3D3C4F4F6F3E6E7D7G6F8F7H6C5C6D8E3B6G4B4B5H3H4G3G5E2A3,1.0,1.0,589.0,,,,,,
F5D6C3D3C4F4F6F3E6E7D7G6F8F7H6C5C6D8E3B6G4B4B5H3H4G3G5E2A3E8,1.0,1.0,,,,,,,
F5D6C3D3C4F4F6F3E6E7D7G6F8F7H6C6D2D8C5B4C7G5H5E2B3B5A4A3,1.0,1.0,591.0,,,,,,
F5D6C3D3C4F4F6F3E6E7D7G6F8F7H6C6D2D8C5B4C7G5H5E2B3B5A4A3A5,1.0,1.0,592.0,,,,,,
F5D6C3D3C4F4F6F3E6E7D7G6F8F7H6C6D2D8C5B4C7G5H5E2B3B5A4A3A5A6,1.0,1.0,,,,,,,
F5D6C3D3C4F4F6F3E6E7D7G6F8F7H6C8D8C5E3B4E8F2G5E2,1.0,1.0,594.0,,,,,,
F5D6C3D3C4F4F6F3E6E7D7G6F8F7H6C8D8C5E3B4E8F2G5E2C2,1.0,1.0,595.0,,,,,,
F5D6C3D3C4F4F6F3E6E7D7G6F8F7H6C8D8C5E3B4E8F2G5E2C2G8,1.0,1.0,596.0,,,,,,
F5D6C3D3C4F4F6F3E6E7D7G6F8F7H6C8D8C5E3B4E8F2G5E2C2G8G4,1.0,1.0,597.0,,,,,,
F5D6C3D3C4F4F6F3E6E7D7G6F8F7H6C8D8C5E3B4E8F2G5E2C2G8G4C7,1.0,1.0,598.0,,,,,,
F5D6C3D3C4F4F6F3E6E7D7G6F8F7H6C8D8C5E3B4E8F2G5E2C2G8G4C7D2,1.0,1.0,599.0,,,,,,
F5D6C3D3C4F4F6F3E6E7D7G6F8F7H6C8D8C5E3B4E8F2G5E2C2G8G4C7D2B3,1.0,1.0,,,,,,,
F5D6C3D3C4F4F6F3E6E7D7G6F8F7H6C6D2D8C5B4E3C7E8G5B3E2F1G8A5,1.0,1.0,601.0,,,,,,
F5D6C3D3C4F4F6F3E6E7D7G6F8F7H6C6D2D8C5B4E3C7E8G5B3E2F1G8A5B6,1.0,1.0,,,,,,,
F5D6C3D3C4F4F6F3E6E7D7G6F8F7H6C6E2D2E3D8G5G3C7C8E8G4C5G8,1.0,1.0,603.0,,,,,,
F5D6C3D3C4F4F6F3E6E7D7G6F8F7H6C6E2D2E3D8G5G3C7C8E8G4C5G8H5,1.0,1.0,604.0,,,,,,
F5D6C3D3C4F4F6F3E6E7D7G6F8F7H6C6E2D2E3D8G5G3C7C8E8G4C5G8H5H4,1.0,1.0,,,,,,,
F5D6C3D3C4F4F6F3E6E7D7G6F8F7H6C8D8C5E3B4E8G8G4G5B6G3B3E2,1.0,2.0,606.0,985.0,,,,,
F5D6C3D3C4F4F6F3E6E7D7G6F8F7H6C8D8C5E3B4E8G8G4G5B6G3B3E2D2,2.0,1.0,607.0,692.0,,,,,
F5D6C3D3C4F4F6F3E6E7D7G6F8F7H6C8D8C5E3B4E8G8G4G5B6G3B3E2D2H5,1.0,1.0,,,,,,,
F5D6C3D3C4F4F6F3E6E7D7G6F8F7H6C6D2D8C5B4G4B5B6C7E3H3E8G5A6,1.0,1.0,609.0,,,,,,
F5D6C3D3C4F4F6F3E6E7D7G6F8F7H6C6D2D8C5B4G4B5B6C7E3H3E8G5A6E2,1.0,1.0,,,,,,,
F5D6C3D3C4F4F6F3E6E7D7G6F8F7H6C6E2D2E3D8G5G3C7C8E8G4C5F2B5,1.0,1.0,611.0,,,,,,
F5D6C3D3C4F4F6F3E6E7D7G6F8F7H6C6E2D2E3D8G5G3C7C8E8G4C5F2B5B4,1.0,1.0,,,,,,,
F5D6C3D3C4F4F6F3E6E7D7G6F8F7H6C5C6D8E3B6G4B4B5B3A3G3F2E2,1.0,2.0,613.0,671.0,,,,,
F5D6C3D3C4F4F6F3E6E7D7G6F8F7H6C5C6D8E3B6G4B4B5B3A3G3F2E2H4,1.0,1.0,614.0,,,,,,
F5D6C3D3C4F4F6F3E6E7D7G6F8F7H6C5C6D8E3B6G4B4B5B3A3G3F2E2H4E8,1.0,1.0,,,,,,,
F5D6C3D3C4F4F6F3E6E7D7G6F8F7H6C6D2D8E3G5C7C5B5C8B6E2G8C1D1B4,1.0,1.0,,,,,,,
F5D6C3D3C4F4F6F3E6E7D7G6F8F7H6C6D2D8C5B4E3C7E8G5B3E2F1B6,3.0,1.0,617.0,,,,,,
F5D6C3D3C4F4F6F3E6E7D7G6F8F7H6C6D2D8C5B4E3C7E8G5B3E2F1B6A5,3.0,1.0,618.0,834.0,870.0,,,,
F5D6C3D3C4F4F6F3E6E7D7G6F8F7H6C6D2D8C5B4E3C7E8G5B3E2F1B6A5G8,1.0,1.0,,,,,,,
F5D6C3D3C4F4F6F3E6E7D7G6F8F7H6C5C6D8E3B6G4B4B5F2C7H4A6D2C2,2.0,1.0,620.0,842.0,,,,,
F5D6C3D3C4F4F6F3E6E7D7G6F8F7H6C5C6D8E3B6G4B4B5F2C7H4A6D2C2H5,1.0,1.0,,,,,,,
F5D6C3D3C4F4F6F3E6E7D7G6F8F7H6C8D8C5C6E8B8G5G8B5G3G4B6C7D2E2,1.0,1.0,,,,,,,
F5D6C3D3C4F4F6F3E6E7D7G6F8F7H6C5C6D8E3B6G4B4B5B3E8C8C7H5B8,1.0,1.0,623.0,,,,,,
F5D6C3D3C4F4F6F3E6E7D7G6F8F7H6C5C6D8E3B6G4B4B5B3E8C8C7H5B8A6,1.0,1.0,,,,,,,
F5D6C3D3C4F4F6F3E6E7D7G6F8F7H6C6D2D8C5B4E3C7E8E2B6B5A3A4C2D1,1.0,1.0,,,,,,,
F5D6C3D3C4F4F6F3E6E7D7G6F8F7H6C6D2D8C5B4E3C7E8G5B3G8A3,2.0,2.0,626.0,825.0,,,,,
F5D6C3D3C4F4F6F3E6E7D7G6F8F7H6C6D2D8C5B4E3C7E8G5B3G8A3E2,1.0,2.0,627.0,1008.0,,,,,
F5D6C3D3C4F4F6F3E6E7D7G6F8F7H6C6D2D8C5B4E3C7E8G5B3G8A3E2E1,2.0,1.0,628.0,787.0,,,,,
F5D6C3D3C4F4F6F3E6E7D7G6F8F7H6C6D2D8C5B4E3C7E8G5B3G8A3E2E1B5,1.0,1.0,,,,,,,
F5D6C3D3C4F4F6F3E6E7D7G6F8F7H6C5C6D8E3B6G4B4B5F2D2A5A3H4H3E8,1.0,1.0,,,,,,,
F5D6C3D3C4F4F6F3E6E7D7G6F8F7H6C5C6C8D8E8B8G5G8B5G3C7,3.0,1.0,631.0,,,,,,
F5D6C3D3C4F4F6F3E6E7D7G6F8F7H6C5C6C8D8E8B8G5G8B5G3C7H4,3.0,1.0,632.0,,,,,,
F5D6C3D3C4F4F6F3E6E7D7G6F8F7H6C5C6C8D8E8B8G5G8B5G3C7H4G4,3.0,1.0,633.0,,,,,,
F5D6C3D3C4F4F6F3E6E7D7G6F8F7H6C5C6C8D8E8B8G5G8B5G3C7H4G4A5,3.0,1.0,634.0,852.0,1007.0,,,,
F5D6C3D3C4F4F6F3E6E7D7G6F8F7H6C5C6C8D8E8B8G5G8B5G3C7H4G4A5H3,1.0,1.0,,,,,,,
F5D6C3D3C4F4F6F3E6E7D7G6F8F7H6C6D2D8C5B4E3C7E8G5B3G8A5,1.0,1.0,636.0,,,,,,
F5D6C3D3C4F4F6F3E6E7D7G6F8F7H6C6D2D8C5B4E3C7E8G5B3G8A5E2,1.0,1.0,637.0,,,,,,
F5D6C3D3C4F4F6F3E6E7D7G6F8F7H6C6D2D8C5B4E3C7E8G5B3G8A5E2F1,1.0,1.0,638.0,,,,,,
F5D6C3D3C4F4F6F3E6E7D7G6F8F7H6C6D2D8C5B4E3C7E8G5B3G8A5E2F1B6,1.0,1.0,,,,,,,
F5D6C3D3C4F4F6F3E6E7D7G6F8F7H6C6D2D8C5B4B3B6G3G4E8C7G5H5F2E2,1.0,1.0,,,,,,,
F5D6C3D3C4F4F6F3E6E7D7G6F8F7H6C5C6D8E3B6G4B4B5B3E8C8C7H5H4,1.0,1.0,641.0,,,,,,
F5D6C3D3C4F4F6F3E6E7D7G6F8F7H6C5C6D8E3B6G4B4B5B3E8C8C7H5H4A6,1.0,1.0,,,,,,,
F5D6C3D3C4F4F6F3E6E7D7G6F8F7H6C8D8C5E3B4E8G8G4G5B6H4B5,2.0,1.0,643.0,738.0,,,,,
F5D6C3D3C4F4F6F3E6E7D7G6F8F7H6C8D8C5E3B4E8G8G4G5B6H4B5H5,1.0,1.0,644.0,,,,,,
F5D6C3D3C4F4F6F3E6E7D7G6F8F7H6C8D8C5E3B4E8G8G4G5B6H4B5H5H3,1.0,1.0,645.0,,,,,,
F5D6C3D3C4F4F6F3E6E7D7G6F8F7H6C8D8C5E3B4E8G8G4G5B6H4B5H5H3G3,1.0,1.0,,,,,,,
F5D6C3D3C4F4F6F3E6E7D7G6F8F7H6C6D2D8C5B4G4C7E3E2E8B3G5,3.0,1.0,647.0,1000.0,,,,,
F5D6C3D3C4F4F6F3E6E7D7G6F8F7H6C6D2D8C5B4G4C7E3E2E8B3G5H3,1.0,2.0,648.0,905.0,,,,,
F5D6C3D3C4F4F6F3E6E7D7G6F8F7H6C6D2D8C5B4G4C7E3E2E8B3G5H3H4,1.0,1.0,649.0,,,,,,
F5D6C3D3C4F4F6F3E6E7D7G6F8F7H6C6D2D8C5B4G4C7E3E2E8B3G5H3H4G3,1.0,1.0,,,,,,,
F5D6C3D3C4F4F6F3E6E7D7G6F8F7H6C6D2D8C5B4G4B5B6E8C8G5A5A4H5,1.0,1.0,651.0,,,,,,
F5D6C3D3C4F4F6F3E6E7D7G6F8F7H6C6D2D8C5B4G4B5B6E8C8G5A5A4H5E2,1.0,1.0,,,,,,,
F5D6C3D3C4F4F6F3E6E7D7G6F8F7H6C5C6D8E3B6G4B4B5H3G5F2A5,3.0,1.0,653.0,806.0,916.0,,,,
F5D6C3D3C4F4F6F3E6E7D7G6F8F7H6C5C6D8E3B6G4B4B5H3G5F2A5H5,1.0,2.0,654.0,743.0,,,,,
F5D6C3D3C4F4F6F3E6E7D7G6F8F7H6C5C6D8E3B6G4B4B5H3G5F2A5H5E2,1.0,1.0,655.0,,,,,,
F5D6C3D3C4F4F6F3E6E7D7G6F8F7H6C5C6D8E3B6G4B4B5H3G5F2A5H5E2G3,1.0,1.0,,,,,,,
F5D6C3D3C4F4F6F3E6E7D7G6F8F7H6C6D2D8C5B4C7E8C8G5H4H5G4H3E3,1.0,1.0,657.0,,,,,,
F5D6C3D3C4F4F6F3E6E7D7G6F8F7H6C6D2D8C5B4C7E8C8G5H4H5G4H3E3H7,1.0,1.0,,,,,,,
F5D6C3D3C4F4F6F3E6E7D7G6F8F7H6C6D2D8C5B4C7E8C8G5H4H5G4B5E3,1.0,1.0,659.0,,,,,,
F5D6C3D3C4F4F6F3E6E7D7G6F8F7H6C6D2D8C5B4C7E8C8G5H4H5G4B5E3G7,1.0,1.0,,,,,,,
F5D6C3D3C4F4F6F3E6E7D7G6F8F7H6C6D2D8E3G5C7C5B5C8B6E2G8B4,2.0,1.0,661.0,,,,,,
F5D6C3D3C4F4F6F3E6E7D7G6F8F7H6C6D2D8E3G5C7C5B5C8B6E2G8B4G7,2.0,1.0,662.0,776.0,,,,,
F5D6C3D3C4F4F6F3E6E7D7G6F8F7H6C6D2D8E3G5C7C5B5C8B6E2G8B4G7A4,1.0,1.0,,,,,,,
F5D6C3D3C4F4F6F3E6E7D7G6F8F7H6C5C6D8E3B6G4B4B5F2C7H4A6H5,1.0,1.0,664.0,,,,,,
F5D6C3D3C4F4F6F3E6E7D7G6F8F7H6C5C6D8E3B6G4B4B5F2C7H4A6H5H3,1.0,1.0,665.0,,,,,,
F5D6C3D3C4F4F6F3E6E7D7G6F8F7H6C5C6D8E3B6G4B4B5F2C7H4A6H5H3B8,1.0,1.0,,,,,,,
F5D6C3D3C4F4F6F3E6E7D7G6F8F7H6C6D2D8C5B4E3C7E8E2B3B6C8B7B5A5,1.0,1.0,,,,,,,
F5D6C3D3C4F4F6F3E6E7D7G6F8F7H6C5C6D8E3B6G4B4B5F2C7H4B3,3.0,1.0,668.0,816.0,,,,,
F5D6C3D3C4F4F6F3E6E7D7G6F8F7H6C5C6D8E3B6G4B4B5F2C7H4B3D2,2.0,2.0,669.0,763.0,,,,,
F5D6C3D3C4F4F6F3E6E7D7G6F8F7H6C5C6D8E3B6G4B4B5F2C7H4B3D2H3,2.0,1.0,670.0,741.0,,,,,
F5D6C3D3C4F4F6F3E6E7D7G6F8F7H6C5C6D8E3B6G4B4B5F2C7H4B3D2H3A6,1.0,1.0,,,,,,,
F5D6C3D3C4F4F6F3E6E7D7G6F8F7H6C5C6D8E3B6G4B4B5B3A3G3F2E2H3,1.0,1.0,672.0,,,,,,
F5D6C3D3C4F4F6F3E6E7D7G6F8F7H6C5C6D8E3B6G4B4B5B3A3G3F2E2H3H4,1.0,1.0,,,,,,,
F5D6C3D3C4F4F6F3E6E7D7G6F8F7H6C8D8C5E3B4E8F2G5G8E2G4,1.0,1.0,674.0,,,,,,
F5D6C3D3C4F4F6F3E6E7D7G6F8F7H6C8D8C5E3B4E8F2G5G8E2G4H3,1.0,1.0,675.0,,,,,,
F5D6C3D3C4F4F6F3E6E7D7G6F8F7H6C8D8C5E3B4E8F2G5G8E2G4H3E1,1.0,1.0,676.0,,,,,,
F5D6C3D3C4F4F6F3E6E7D7G6F8F7H6C8D8C5E3B4E8F2G5G8E2G4H3E1G3,1.0,1.0,677.0,,,,,,
F5D6C3D3C4F4F6F3E6E7D7G6F8F7H6C8D8C5E3B4E8F2G5G8E2G4H3E1G3C7,1.0,1.0,,,,,,,
F5D6C3D3C4F4F6F3E6E7D7G6F8F7H6C6D2D8C5B4G4B5G3E8C8G5F2E3E2H5,1.0,1.0,,,,,,,
F5D6C3D3C4F4F6F3E6E7D7G6F8F7H6C6D2D8C5B4B5B3B6C7E3A4A6C2B8,1.0,1.0,680.0,,,,,,
F5D6C3D3C4F4F6F3E6E7D7G6F8F7H6C6D2D8C5B4B5B3B6C7E3A4A6C2B8C8,1.0,1.0,,,,,,,
F5D6C3D3C4F4F6F3E6E7D7G6F8F7H6C8D8C5C6E8B8G5G8C7D2B4B6,2.0,1.0,682.0,748.0,,,,,
F5D6C3D3C4F4F6F3E6E7D7G6F8F7H6C8D8C5C6E8B8G5G8C7D2B4B6E2,1.0,1.0,683.0,,,,,,
F5D6C3D3C4F4F6F3E6E7D7G6F8F7H6C8D8C5C6E8B8G5G8C7D2B4B6E2B3,1.0,1.0,684.0,,,,,,
F5D6C3D3C4F4F6F3E6E7D7G6F8F7H6C8D8C5C6E8B8G5G8C7D2B4B6E2B3B5,1.0,1.0,,,,,,,
F5D6C3D3C4F4F6F3E6E7D7G6F8F7H6C8D8C5E3B4E8F2G5G8E2E1C6C2A3,2.0,1.0,686.0,822.0,,,,,
F5D6C3D3C4F4F6F3E6E7D7G6F8F7H6C8D8C5E3B4E8F2G5G8E2E1C6C2A3B3,1.0,1.0,,,,,,,
F5D6C3D3C4F4F6F3E6E7D7G6F8F7H6C6D2D8C5B4G4B5B6C7E3H3E8G5H5,1.0,1.0,688.0,,,,,,
F5D6C3D3C4F4F6F3E6E7D7G6F8F7H6C6D2D8C5B4G4B5B6C7E3H3E8G5H5H4,1.0,1.0,,,,,,,
F5D6C3D3C4F4F6F3E6E7D7G6F8F7H6C6D2D8C5B4E3C7E8E2A5A4A3B3E1C1,1.0,1.0,,,,,,,
F5D6C3D3C4F4F6F3E6E7D7G6F8F7H6C6D2D8C5B4B3B6G5G4F2E8C8C7B8,1.0,1.0,691.0,,,,,,
F5D6C3D3C4F4F6F3E6E7D7G6F8F7H6C6D2D8C5B4B3B6G5G4F2E8C8C7B8C2,1.0,1.0,,,,,,,
F5D6C3D3C4F4F6F3E6E7D7G6F8F7H6C8D8C5E3B4E8G8G4G5B6G3B3E2D2C6,1.0,1.0,,,,,,,
F5D6C3D3C4F4F6F3E6E7D7G6F8F7H6C6D2D8E3G5C7C5B5C8B6E2F1B4A5,1.0,1.0,694.0,,,,,,
F5D6C3D3C4F4F6F3E6E7D7G6F8F7H6C6D2D8E3G5C7C5B5C8B6E2F1B4A5A3,1.0,1.0,,,,,,,
F5D6C3D3C4F4F6F3E6E7D7G6F8F7H6C6D2D8C5B4B3B6G5G4G3E8C8G7F2,1.0,1.0,696.0,,,,,,
F5D6C3D3C4F4F6F3E6E7D7G6F8F7H6C6D2D8C5B4B3B6G5G4G3E8C8G7F2H7,1.0,1.0,,,,,,,
F5D6C3D3C4F4F6F3E6E7D7G6F8F7H6C6D2D8C5B4B3B6G5G4F2E8C8C7A4H4,1.0,1.0,,,,,,,
F5D6C3D3C4F4F6F3E6E7D7G6F8F7H6C5C6D8E3B6G4B4B5F2D2A5A3H4H3C7,1.0,1.0,,,,,,,
F5D6C3D3C4F4F6F3E6E7D7G6F8F7H6C6D2D8C5B4B3B6G5G4E8C7G3D1,1.0,1.0,700.0,,,,,,
F5D6C3D3C4F4F6F3E6E7D7G6F8F7H6C6D2D8C5B4B3B6G5G4E8C7G3D1E2,1.0,1.0,701.0,,,,,,
F5D6C3D3C4F4F6F3E6E7D7G6F8F7H6C6D2D8C5B4B3B6G5G4E8C7G3D1E2H3,1.0,1.0,,,,,,,
F5D6C3D3C4F4F6F3E6E7D7G6F8F7H6C5C6D8E3B6G4B4B5H3H4E2G3E8G5,1.0,1.0,703.0,,,,,,
F5D6C3D3C4F4F6F3E6E7D7G6F8F7H6C5C6D8E3B6G4B4B5H3H4E2G3E8G5G8,1.0,1.0,,,,,,,
F5D6C3D3C4F4F6F3E6E7D7G6F8F7H6C6D2D8C5B4B5B3B6E8,1.0,2.0,705.0,,,,,,
F5D6C3D3C4F4F6F3E6E7D7G6F8F7H6C6D2D8C5B4B5B3B6E8C8,1.0,2.0,706.0,,,,,,
F5D6C3D3C4F4F6F3E6E7D7G6F8F7H6C6D2D8C5B4B5B3B6E8C8E3,1.0,2.0,707.0,,,,,,
F5D6C3D3C4F4F6F3E6E7D7G6F8F7H6C6D2D8C5B4B5B3B6E8C8E3E2,1.0,2.0,708.0,,,,,,
F5D6C3D3C4F4F6F3E6E7D7G6F8F7H6C6D2D8C5B4B5B3B6E8C8E3E2C7,1.0,2.0,709.0,1003.0,,,,,
F5D6C3D3C4F4F6F3E6E7D7G6F8F7H6C6D2D8C5B4B5B3B6E8C8E3E2C7G3,2.0,1.0,710.0,791.0,,,,,
F5D6C3D3C4F4F6F3E6E7D7G6F8F7H6C6D2D8C5B4B5B3B6E8C8E3E2C7G3C2,1.0,1.0,,,,,,,
F5D6C3D3C4F4F6F3E6E7D7G6F8F7H6C6D2D8C5B4E3C7E8G5B3E2C8,1.0,2.0,712.0,,,,,,
F5D6C3D3C4F4F6F3E6E7D7G6F8F7H6C6D2D8C5B4E3C7E8G5B3E2C8C1,1.0,2.0,713.0,939.0,,,,,
F5D6C3D3C4F4F6F3E6E7D7G6F8F7H6C6D2D8C5B4E3C7E8G5B3E2C8C1B5,2.0,1.0,714.0,1012.0,,,,,
F5D6C3D3C4F4F6F3E6E7D7G6F8F7H6C6D2D8C5B4E3C7E8G5B3E2C8C1B5C2,1.0,1.0,,,,,,,
F5D6C3D3C4F4F6F3E6E7D7G6F8F7H6C6D2D8C5B4E3C7E8E2B3B6C8A3,1.0,1.0,716.0,,,,,,
F5D6C3D3C4F4F6F3E6E7D7G6F8F7H6C6D2D8C5B4E3C7E8E2B3B6C8A3A6,1.0,1.0,717.0,,,,,,
F5D6C3D3C4F4F6F3E6E7D7G6F8F7H6C6D2D8C5B4E3C7E8E2B3B6C8A3A6G7,1.0,1.0,,,,,,,
F5D6C3D3C4F4F6F3E6E7D7G6F8F7H6C6D2D8C5B4E3C7E8G5B3G8B5E2,1.0,1.0,719.0,,,,,,
F5D6C3D3C4F4F6F3E6E7D7G6F8F7H6C6D2D8C5B4E3C7E8G5B3G8B5E2B6,1.0,1.0,720.0,,,,,,
F5D6C3D3C4F4F6F3E6E7D7G6F8F7H6C6D2D8C5B4E3C7E8G5B3G8B5E2B6C1,1.0,1.0,,,,,,,
F5D6C3D3C4F4F6F3E6E7D7G6F8F7H6C6D2D8E3G5C7C5B5C8B6E2G3B4G4,1.0,1.0,722.0,,,,,,
F5D6C3D3C4F4F6F3E6E7D7G6F8F7H6C6D2D8E3G5C7C5B5C8B6E2G3B4G4A4,1.0,1.0,,,,,,,
F5D6C3D3C4F4F6F3E6E7D7G6F8F7H6C5C6D8E3B6G4B4B5H3H4G3G5E2A5,1.0,1.0,724.0,,,,,,
F5D6C3D3C4F4F6F3E6E7D7G6F8F7H6C5C6D8E3B6G4B4B5H3H4G3G5E2A5D2,1.0,1.0,,,,,,,
F5D6C3D3C4F4F6F3E6E7D7G6F8F7H6C5C6D8E3B6G4B4B5B3E8C8C7A6,1.0,1.0,726.0,,,,,,
F5D6C3D3C4F4F6F3E6E7D7G6F8F7H6C5C6D8E3B6G4B4B5B3E8C8C7A6B8,1.0,1.0,727.0,,,,,,
F5D6C3D3C4F4F6F3E6E7D7G6F8F7H6C5C6D8E3B6G4B4B5B3E8C8C7A6B8H5,1.0,1.0,,,,,,,
F5D6C3D3C4F4F6F3E6E7D7G6F8F7H6C6D2D8C5B4G4B5G3E8C8G5F2E3B3H4,1.0,1.0,,,,,,,
F5D6C3D3C4F4F6F3E6E7D7G6F8F7H6C5C6D8E3B6G4B4B5F2C7B3E8,1.0,2.0,730.0,,,,,,
F5D6C3D3C4F4F6F3E6E7D7G6F8F7H6C5C6D8E3B6G4B4B5F2C7B3E8C8,1.0,2.0,731.0,758.0,,,,,
F5D6C3D3C4F4F6F3E6E7D7G6F8F7H6C5C6D8E3B6G4B4B5F2C7B3E8C8A6,1.0,1.0,732.0,,,,,,
F5D6C3D3C4F4F6F3E6E7D7G6F8F7H6C5C6D8E3B6G4B4B5F2C7B3E8C8A6G8,1.0,1.0,,,,,,,
F5D6C3D3C4F4F6F3E6E7D7G6F8F7H6C6D2D8C5B4E3C7E8E2A5G5B6,1.0,2.0,734.0,,,,,,
F5D6C3D3C4F4F6F3E6E7D7G6F8F7H6C6D2D8C5B4E3C7E8E2A5G5B6A6,1.0,2.0,735.0,881.0,,,,,
F5D6C3D3C4F4F6F3E6E7D7G6F8F7H6C6D2D8C5B4E3C7E8E2A5G5B6A6B5,1.0,1.0,736.0,,,,,,
F5D6C3D3C4F4F6F3E6E7D7G6F8F7H6C6D2D8C5B4E3C7E8E2A5G5B6A6B5C8,1.0,1.0,,,,,,,
F5D6C3D3C4F4F6F3E6E7D7G6F8F7H6C6D2D8C5B4B5B3B6E2C7G5E8C8B8A4,1.0,1.0,,,,,,,
F5D6C3D3C4F4F6F3E6E7D7G6F8F7H6C8D8C5E3B4E8G8G4G5B6H4B5C6,1.0,1.0,739.0,,,,,,
F5D6C3D3C4F4F6F3E6E7D7G6F8F7H6C8D8C5E3B4E8G8G4G5B6H4B5C6H5,1.0,1.0,740.0,,,,,,
F5D6C3D3C4F4F6F3E6E7D7G6F8F7H6C8D8C5E3B4E8G8G4G5B6H4B5C6H5H7,1.0,1.0,,,,,,,
F5D6C3D3C4F4F6F3E6E7D7G6F8F7H6C5C6D8E3B6G4B4B5F2C7H4B3D2H3H5,1.0,1.0,,,,,,,
F5D6C3D3C4F4F6F3E6E7D7G6F8F7H6C6D2D8C5B4B3B6G5C7E8G4G3H5A4G8,1.0,1.0,,,,,,,
F5D6C3D3C4F4F6F3E6E7D7G6F8F7H6C5C6D8E3B6G4B4B5H3G5F2A5H5G8,1.0,1.0,744.0,,,,,,
F5D6C3D3C4F4F6F3E6E7D7G6F8F7H6C5C6D8E3B6G4B4B5H3G5F2A5H5G8G3,1.0,1.0,,,,,,,
F5D6C3D3C4F4F6F3E6E7D7G6F8F7H6C6D2D8C5B4E3C7E8E2A5G5B3G8,1.0,2.0,746.0,961.0,,,,,
F5D6C3D3C4F4F6F3E6E7D7G6F8F7H6C6D2D8C5B4E3C7E8E2A5G5B3G8E1,1.0,1.0,747.0,,,,,,
F5D6C3D3C4F4F6F3E6E7D7G6F8F7H6C6D2D8C5B4E3C7E8E2A5G5B3G8E1C1,1.0,1.0,,,,,,,
F5D6C3D3C4F4F6F3E6E7D7G6F8F7H6C8D8C5C6E8B8G5G8C7D2B4B6B5,1.0,1.0,749.0,,,,,,
F5D6C3D3C4F4F6F3E6E7D7G6F8F7H6C8D8C5C6E8B8G5G8C7D2B4B6B5A4,1.0,1.0,750.0,,,,,,
F5D6C3D3C4F4F6F3E6E7D7G6F8F7H6C8D8C5C6E8B8G5G8C7D2B4B6B5A4E2,1.0,1.0,,,,,,,
F5D6C3D3C4F4F6F3E6E7D7G6F8F7H6C6D2D8C5B4G4B5B6C7E3H3E8G5C8C2,1.0,1.0,,,,,,,
F5D6C3D3C4F4F6F3E6E7D7G6F8F7H6C5C6C8D8E8B8G5G8C7B6,1.0,1.0,753.0,,,,,,
F5D6C3D3C4F4F6F3E6E7D7G6F8F7H6C5C6C8D8E8B8G5G8C7B6B3,1.0,1.0,754.0,,,,,,
F5D6C3D3C4F4F6F3E6E7D7G6F8F7H6C5C6C8D8E8B8G5G8C7B6B3H5,1.0,1.0,755.0,,,,,,
F5D6C3D3C4F4F6F3E6E7D7G6F8F7H6C5C6C8D8E8B8G5G8C7B6B3H5G4,1.0,1.0,756.0,,,,,,
F5D6C3D3C4F4F6F3E6E7D7G6F8F7H6C5C6C8D8E8B8G5G8C7B6B3H5G4G3,1.0,1.0,757.0,,,,,,
F5D6C3D3C4F4F6F3E6E7D7G6F8F7H6C5C6C8D8E8B8G5G8C7B6B3H5G4G3B5,1.0,1.0,,,,,,,
F5D6C3D3C4F4F6F3E6E7D7G6F8F7H6C5C6D8E3B6G4B4B5F2C7B3E8C8B8,2.0,1.0,759.0,979.0,,,,,
F5D6C3D3C4F4F6F3E6E7D7G6F8F7H6C5C6D8E3B6G4B4B5F2C7B3E8C8B8A6,1.0,1.0,,,,,,,
F5D6C3D3C4F4F6F3E6E7D7G6F8F7H6C8D8C5E3B4E8F2G5G8E2E1C6C2A4,2.0,1.0,761.0,831.0,,,,,
F5D6C3D3C4F4F6F3E6E7D7G6F8F7H6C8D8C5E3B4E8F2G5G8E2E1C6C2A4A3,1.0,1.0,,,,,,,
F5D6C3D3C4F4F6F3E6E7D7G6F8F7H6C6D2D8C5B4E3C7E8E2A5B5B3A4A3G5,1.0,1.0,,,,,,,
F5D6C3D3C4F4F6F3E6E7D7G6F8F7H6C5C6D8E3B6G4B4B5F2C7H4B3D2C2,2.0,1.0,764.0,1015.0,,,,,
F5D6C3D3C4F4F6F3E6E7D7G6F8F7H6C5C6D8E3B6G4B4B5F2C7H4B3D2C2A4,1.0,1.0,,,,,,,
F5D6C3D3C4F4F6F3E6E7D7G6F8F7H6C8D8C5E3B4E8G8G4G5B6B5,1.0,1.0,766.0,,,,,,
F5D6C3D3C4F4F6F3E6E7D7G6F8F7H6C8D8C5E3B4E8G8G4G5B6B5C6,1.0,1.0,767.0,,,,,,
F5D6C3D3C4F4F6F3E6E7D7G6F8F7H6C8D8C5E3B4E8G8G4G5B6B5C6G3,1.0,1.0,768.0,,,,,,
F5D6C3D3C4F4F6F3E6E7D7G6F8F7H6C8D8C5E3B4E8G8G4G5B6B5C6G3H4,1.0,1.0,769.0,,,,,,
F5D6C3D3C4F4F6F3E6E7D7G6F8F7H6C8D8C5E3B4E8G8G4G5B6B5C6G3H4H5,1.0,1.0,,,,,,,
F5D6C3D3C4F4F6F3E6E7D7G6F8F7H6C6D2D8C5B4E3C7E8E2A5B5C2A4,2.0,1.0,771.0,,,,,,
F5D6C3D3C4F4F6F3E6E7D7G6F8F7H6C6D2D8C5B4E3C7E8E2A5B5C2A4A3,2.0,1.0,772.0,883.0,,,,,
F5D6C3D3C4F4F6F3E6E7D7G6F8F7H6C6D2D8C5B4E3C7E8E2A5B5C2A4A3G8,1.0,1.0,,,,,,,
F5D6C3D3C4F4F6F3E6E7D7G6F8F7H6C5C6D8E3B6G4B4B5F2C7H4A3D2,1.0,2.0,774.0,794.0,,,,,
F5D6C3D3C4F4F6F3E6E7D7G6F8F7H6C5C6D8E3B6G4B4B5F2C7H4A3D2C2,1.0,1.0,775.0,,,,,,
F5D6C3D3C4F4F6F3E6E7D7G6F8F7H6C5C6D8E3B6G4B4B5F2C7H4A3D2C2H5,1.0,1.0,,,,,,,
F5D6C3D3C4F4F6F3E6E7D7G6F8F7H6C6D2D8E3G5C7C5B5C8B6E2G8B4G7C1,1.0,1.0,,,,,,,
F5D6C3D3C4F4F6F3E6E7D7G6F8F7H6C5C6D8E3B6G4B4B5A4E8,1.0,1.0,778.0,,,,,,
F5D6C3D3C4F4F6F3E6E7D7G6F8F7H6C5C6D8E3B6G4B4B5A4E8G8,1.0,1.0,779.0,,,,,,
F5D6C3D3C4F4F6F3E6E7D7G6F8F7H6C5C6D8E3B6G4B4B5A4E8G8A3,1.0,1.0,780.0,,,,,,
F5D6C3D3C4F4F6F3E6E7D7G6F8F7H6C5C6D8E3B6G4B4B5A4E8G8A3A2,1.0,1.0,781.0,,,,,,
F5D6C3D3C4F4F6F3E6E7D7G6F8F7H6C5C6D8E3B6G4B4B5A4E8G8A3A2G3,1.0,1.0,782.0,,,,,,
F5D6C3D3C4F4F6F3E6E7D7G6F8F7H6C5C6D8E3B6G4B4B5A4E8G8A3A2G3G5,1.0,1.0,,,,,,,
F5D6C3D3C4F4F6F3E6E7D7G6F8F7H6C6D2D8C5B4B3B6G5G4G3E8C8G7E2,2.0,1.0,784.0,954.0,,,,,
F5D6C3D3C4F4F6F3E6E7D7G6F8F7H6C6D2D8C5B4B3B6G5G4G3E8C8G7E2H7,1.0,1.0,,,,,,,
F5D6C3D3C4F4F6F3E6E7D7G6F8F7H6C6D2D8C5B4G4C7E3E2E8B3B6B5G5,2.0,1.0,786.0,959.0,,,,,
F5D6C3D3C4F4F6F3E6E7D7G6F8F7H6C6D2D8C5B4G4C7E3E2E8B3B6B5G5F2,1.0,1.0,,,,,,,
F5D6C3D3C4F4F6F3E6E7D7G6F8F7H6C6D2D8C5B4E3C7E8G5B3G8A3E2E1C1,1.0,1.0,,,,,,,
F5D6C3D3C4F4F6F3E6E7D7G6F8F7H6C6D2D8C5B4G4B5B6C7E3E2E8G5H5,1.0,1.0,789.0,,,,,,
F5D6C3D3C4F4F6F3E6E7D7G6F8F7H6C6D2D8C5B4G4B5B6C7E3E2E8G5H5B3,1.0,1.0,,,,,,,
F5D6C3D3C4F4F6F3E6E7D7G6F8F7H6C6D2D8C5B4B3C7E3B5E8E2A5A4A3C1,1.0,1.0,,,,,,,
F5D6C3D3C4F4F6F3E6E7D7G6F8F7H6C6D2D8C5B4B5B3B6E8C8E3E2C7G3A5,1.0,1.0,,,,,,,
F5D6C3D3C4F4F6F3E6E7D7G6F8F7H6C6D2D8C5B4B3B6A4E8C8G5H5C2E3,2.0,1.0,793.0,832.0,,,,,
F5D6C3D3C4F4F6F3E6E7D7G6F8F7H6C6D2D8C5B4B3B6A4E8C8G5H5C2E3F2,1.0,1.0,,,,,,,
F5D6C3D3C4F4F6F3E6E7D7G6F8F7H6C5C6D8E3B6G4B4B5F2C7H4A3D2H3,1.0,1.0,795.0,,,,,,
F5D6C3D3C4F4F6F3E6E7D7G6F8F7H6C5C6D8E3B6G4B4B5F2C7H4A3D2H3H5,1.0,1.0,,,,,,,
F5D6C3D3C4F4F6F3E6E7D7G6F8F7H6C6D2D8C5B4G4B5B6C7E3E2E8B3E1A5,1.0,1.0,,,,,,,
F5D6C3D3C4F4F6F3E6E7D7G6F8F7H6C6D2D8C5B4G4C7E3E2E8B5G5G3E1F2,1.0,1.0,,,,,,,
F5D6C3D3C4F4F6F3E6E7D7G6F8F7H6C5C6D8E3B6G4B4B5B3D2F2E2D1C1,2.0,1.0,799.0,810.0,,,,,
F5D6C3D3C4F4F6F3E6E7D7G6F8F7H6C5C6D8E3B6G4B4B5B3D2F2E2D1C1F1,1.0,1.0,,,,,,,
F5D6C3D3C4F4F6F3E6E7D7G6F8F7H6C6D2D8C5B4G4B5B6C7E3E2E8B3E1G5,1.0,1.0,,,,,,,
F5D6C3D3C4F4F6F3E6E7D7G6F8F7H6C6D2D8E3G5C7C5B5C8B6E2G8C1G7,1.0,1.0,802.0,,,,,,
F5D6C3D3C4F4F6F3E6E7D7G6F8F7H6C6D2D8E3G5C7C5B5C8B6E2G8C1G7B3,1.0,1.0,,,,,,,
F5D6C3D3C4F4F6F3E6E7D7G6F8F7H6C6D2D8C5B4E3C7E8E2B3B6F1C1,2.0,1.0,804.0,,,,,,
F5D6C3D3C4F4F6F3E6E7D7G6F8F7H6C6D2D8C5B4E3C7E8E2B3B6F1C1E1,2.0,1.0,805.0,989.0,,,,,
F5D6C3D3C4F4F6F3E6E7D7G6F8F7H6C6D2D8C5B4E3C7E8E2B3B6F1C1E1G8,1.0,1.0,,,,,,,
F5D6C3D3C4F4F6F3E6E7D7G6F8F7H6C5C6D8E3B6G4B4B5H3G5F2A5C2,1.0,1.0,807.0,,,,,,
F5D6C3D3C4F4F6F3E6E7D7G6F8F7H6C5C6D8E3B6G4B4B5H3G5F2A5C2E2,1.0,1.0,808.0,,,,,,
F5D6C3D3C4F4F6F3E6E7D7G6F8F7H6C5C6D8E3B6G4B4B5H3G5F2A5C2E2H5,1.0,1.0,,,,,,,
F5D6C3D3C4F4F6F3E6E7D7G6F8F7H6C6D2D8C5B4B3B6G5G4E8C7G3H5A4G8,1.0,1.0,,,,,,,
F5D6C3D3C4F4F6F3E6E7D7G6F8F7H6C5C6D8E3B6G4B4B5B3D2F2E2D1C1E1,1.0,1.0,,,,,,,
F5D6C3D3C4F4F6F3E6E7D7G6F8F7H6C5C6D8E3B6G4B4B5H3G5H5,4.0,1.0,812.0,,,,,,
F5D6C3D3C4F4F6F3E6E7D7G6F8F7H6C5C6D8E3B6G4B4B5H3G5H5A6,4.0,1.0,813.0,925.0,,,,,
F5D6C3D3C4F4F6F3E6E7D7G6F8F7H6C5C6D8E3B6G4B4B5H3G5H5A6C2,3.0,1.0,814.0,,,,,,
F5D6C3D3C4F4F6F3E6E7D7G6F8F7H6C5C6D8E3B6G4B4B5H3G5H5A6C2A5,3.0,1.0,815.0,892.0,948.0,,,,
F5D6C3D3C4F4F6F3E6E7D7G6F8F7H6C5C6D8E3B6G4B4B5H3G5H5A6C2A5B7,1.0,1.0,,,,,,,
F5D6C3D3C4F4F6F3E6E7D7G6F8F7H6C5C6D8E3B6G4B4B5F2C7H4B3H5,1.0,1.0,817.0,,,,,,
F5D6C3D3C4F4F6F3E6E7D7G6F8F7H6C5C6D8E3B6G4B4B5F2C7H4B3H5H3,1.0,1.0,818.0,,,,,,
F5D6C3D3C4F4F6F3E6E7D7G6F8F7H6C5C6D8E3B6G4B4B5F2C7H4B3H5H3D2,1.0,1.0,,,,,,,
F5D6C3D3C4F4F6F3E6E7D7G6F8F7H6C6D2D8C5B4E3C7E8E2A5B6B3A4,1.0,2.0,820.0,980.0,,,,,
F5D6C3D3C4F4F6F3E6E7D7G6F8F7H6C6D2D8C5B4E3C7E8E2A5B6B3A4A3,1.0,1.0,821.0,,,,,,
F5D6C3D3C4F4F6F3E6E7D7G6F8F7H6C6D2D8C5B4E3C7E8E2A5B6B3A4A3B5,1.0,1.0,,,,,,,
F5D6C3D3C4F4F6F3E6E7D7G6F8F7H6C8D8C5E3B4E8F2G5G8E2E1C6C2A3G4,1.0,1.0,,,,,,,
F5D6C3D3C4F4F6F3E6E7D7G6F8F7H6C8D8C5E3B4E8F2G5G8E2E1C6C2D2B3,1.0,1.0,,,,,,,
F5D6C3D3C4F4F6F3E6E7D7G6F8F7H6C6D2D8C5B4G4C7E3E2E8B3B6B5D1F2,1.0,1.0,,,,,,,
F5D6C3D3C4F4F6F3E6E7D7G6F8F7H6C6D2D8C5B4E3C7E8G5B3G8A3B5,1.0,2.0,826.0,913.0,,,,,
F5D6C3D3C4F4F6F3E6E7D7G6F8F7H6C6D2D8C5B4E3C7E8G5B3G8A3B5A6,1.0,1.0,827.0,,,,,,
F5D6C3D3C4F4F6F3E6E7D7G6F8F7H6C6D2D8C5B4E3C7E8G5B3G8A3B5A6E2,1.0,1.0,,,,,,,
F5D6C3D3C4F4F6F3E6E7D7G6F8F7H6C6D2D8C5B4B3B6G3G4E8C7G5D1,1.0,2.0,829.0,998.0,,,,,
F5D6C3D3C4F4F6F3E6E7D7G6F8F7H6C6D2D8C5B4B3B6G3G4E8C7G5D1E2,1.0,1.0,830.0,,,,,,
F5D6C3D3C4F4F6F3E6E7D7G6F8F7H6C6D2D8C5B4B3B6G3G4E8C7G5D1E2H3,1.0,1.0,,,,,,,
F5D6C3D3C4F4F6F3E6E7D7G6F8F7H6C8D8C5E3B4E8F2G5G8E2E1C6C2A4G4,1.0,1.0,,,,,,,
F5D6C3D3C4F4F6F3E6E7D7G6F8F7H6C6D2D8C5B4B3B6A4E8C8G5H5C2E3D1,1.0,1.0,,,,,,,
F5D6C3D3C4F4F6F3E6E7D7G6F8F7H6C8D8C5E3B4E8F2G5G8E2E1C6C2D2G4,1.0,1.0,,,,,,,
F5D6C3D3C4F4F6F3E6E7D7G6F8F7H6C6D2D8C5B4E3C7E8G5B3E2F1B6A5C1,1.0,1.0,,,,,,,
F5D6C3D3C4F4F6F3E6E7D7G6F8F7H6C6D2D8C5B4C7E8C8G5H4H5G4H3H2,1.0,1.0,836.0,,,,,,
F5D6C3D3C4F4F6F3E6E7D7G6F8F7H6C6D2D8C5B4C7E8C8G5H4H5G4H3H2G3,1.0,1.0,,,,,,,
F5D6C3D3C4F4F6F3E6E7D7G6F8F7H6C5C6D8E3B6G4B4B5B3A3G3F2E8,1.0,1.0,838.0,,,,,,
F5D6C3D3C4F4F6F3E6E7D7G6F8F7H6C5C6D8E3B6G4B4B5B3A3G3F2E8C8,1.0,1.0,839.0,,,,,,
F5D6C3D3C4F4F6F3E6E7D7G6F8F7H6C5C6D8E3B6G4B4B5B3A3G3F2E8C8H5,1.0,1.0,,,,,,,
F5D6C3D3C4F4F6F3E6E7D7G6F8F7H6C6D2D8C5B4E3C7E8E2A5G5B3D1C2,1.0,1.0,841.0,,,,,,
F5D6C3D3C4F4F6F3E6E7D7G6F8F7H6C6D2D8C5B4E3C7E8E2A5G5B3D1C2G4,1.0,1.0,,,,,,,
F5D6C3D3C4F4F6F3E6E7D7G6F8F7H6C5C6D8E3B6G4B4B5F2C7H4A6D2C2E8,1.0,1.0,,,,,,,
F5D6C3D3C4F4F6F3E6E7D7G6F8F7H6C8D8C5E3B4E8F2G5G8E2E1C6C2D2B6,1.0,1.0,,,,,,,
F5D6C3D3C4F4F6F3E6E7D7G6F8F7H6C6D2D8C5B4B3B6G5G4E8C7G3H5A4H3,1.0,1.0,,,,,,,
F5D6C3D3C4F4F6F3E6E7D7G6F8F7H6C6D2D8C5B4E3C7E8E2B3B5,2.0,1.0,846.0,,,,,,
F5D6C3D3C4F4F6F3E6E7D7G6F8F7H6C6D2D8C5B4E3C7E8E2B3B5A5,2.0,1.0,847.0,,,,,,
F5D6C3D3C4F4F6F3E6E7D7G6F8F7H6C6D2D8C5B4E3C7E8E2B3B5A5A4,2.0,1.0,848.0,,,,,,
F5D6C3D3C4F4F6F3E6E7D7G6F8F7H6C6D2D8C5B4E3C7E8E2B3B5A5A4A3,2.0,1.0,849.0,904.0,,,,,
F5D6C3D3C4F4F6F3E6E7D7G6F8F7H6C6D2D8C5B4E3C7E8E2B3B5A5A4A3B6,1.0,1.0,,,,,,,
F5D6C3D3C4F4F6F3E6E7D7G6F8F7H6C6D2D8C5B4G4B5B6C7E3E2E8B3E1H5,1.0,1.0,,,,,,,
F5D6C3D3C4F4F6F3E6E7D7G6F8F7H6C8D8C5E3B4E8F2G5G8E2E1C6D2G3B3,1.0,1.0,,,,,,,
F5D6C3D3C4F4F6F3E6E7D7G6F8F7H6C5C6C8D8E8B8G5G8B5G3C7H4G4A5C2,1.0,1.0,,,,,,,
F5D6C3D3C4F4F6F3E6E7D7G6F8F7H6C5C6D8E3B6G4B4B5B3C7,1.0,1.0,854.0,,,,,,
F5D6C3D3C4F4F6F3E6E7D7G6F8F7H6C5C6D8E3B6G4B4B5B3C7A6,1.0,1.0,855.0,,,,,,
F5D6C3D3C4F4F6F3E6E7D7G6F8F7H6C5C6D8E3B6G4B4B5B3C7A6E8,1.0,1.0,856.0,,,,,,
F5D6C3D3C4F4F6F3E6E7D7G6F8F7H6C5C6D8E3B6G4B4B5B3C7A6E8G8,1.0,1.0,857.0,,,,,,
F5D6C3D3C4F4F6F3E6E7D7G6F8F7H6C5C6D8E3B6G4B4B5B3C7A6E8G8A5,1.0,1.0,858.0,,,,,,
F5D6C3D3C4F4F6F3E6E7D7G6F8F7H6C5C6D8E3B6G4B4B5B3C7A6E8G8A5C8,1.0,1.0,,,,,,,
F5D6C3D3C4F4F6F3E6E7D7G6F8F7H6C6D2D8C5B4B3B6A4E8C8G5H5C2F2,1.0,1.0,860.0,,,,,,
F5D6C3D3C4F4F6F3E6E7D7G6F8F7H6C6D2D8C5B4B3B6A4E8C8G5H5C2F2G4,1.0,1.0,,,,,,,
F5D6C3D3C4F4F6F3E6E7D7G6F8F7H6C6D2D8C5B4G4C7E3E2E8B5C2,2.0,1.0,862.0,,,,,,
F5D6C3D3C4F4F6F3E6E7D7G6F8F7H6C6D2D8C5B4G4C7E3E2E8B5C2F2,2.0,1.0,863.0,,,,,,
F5D6C3D3C4F4F6F3E6E7D7G6F8F7H6C6D2D8C5B4G4C7E3E2E8B5C2F2G3,2.0,1.0,864.0,960.0,,,,,
F5D6C3D3C4F4F6F3E6E7D7G6F8F7H6C6D2D8C5B4G4C7E3E2E8B5C2F2G3H5,1.0,1.0,,,,,,,
F5D6C3D3C4F4F6F3E6E7D7G6F8F7H6C6D2D8C5B4B3B6G3G4E8G5,1.0,2.0,866.0,,,,,,
F5D6C3D3C4F4F6F3E6E7D7G6F8F7H6C6D2D8C5B4B3B6G3G4E8G5C8,1.0,2.0,867.0,,,,,,
F5D6C3D3C4F4F6F3E6E7D7G6F8F7H6C6D2D8C5B4B3B6G3G4E8G5C8H3,1.0,2.0,868.0,974.0,,,,,
F5D6C3D3C4F4F6F3E6E7D7G6F8F7H6C6D2D8C5B4B3B6G3G4E8G5C8H3C7,1.0,1.0,869.0,,,,,,
F5D6C3D3C4F4F6F3E6E7D7G6F8F7H6C6D2D8C5B4B3B6G3G4E8G5C8H3C7B5,1.0,1.0,,,,,,,
F5D6C3D3C4F4F6F3E6E7D7G6F8F7H6C6D2D8C5B4E3C7E8G5B3E2F1B6A5A4,1.0,1.0,,,,,,,
F5D6C3D3C4F4F6F3E6E7D7G6F8F7H6C8D8C5E3B4E8F2G5G8E2E1C6C2A5,1.0,1.0,872.0,,,,,,
F5D6C3D3C4F4F6F3E6E7D7G6F8F7H6C8D8C5E3B4E8F2G5G8E2E1C6C2A5G4,1.0,1.0,,,,,,,
F5D6C3D3C4F4F6F3E6E7D7G6F8F7H6C6D2D8C5B4B3B6E8,2.0,1.0,874.0,,,,,,
F5D6C3D3C4F4F6F3E6E7D7G6F8F7H6C6D2D8C5B4B3B6E8C7,2.0,1.0,875.0,,,,,,
F5D6C3D3C4F4F6F3E6E7D7G6F8F7H6C6D2D8C5B4B3B6E8C7G5,2.0,1.0,876.0,,,,,,
F5D6C3D3C4F4F6F3E6E7D7G6F8F7H6C6D2D8C5B4B3B6E8C7G5G4,2.0,1.0,877.0,,,,,,
F5D6C3D3C4F4F6F3E6E7D7G6F8F7H6C6D2D8C5B4B3B6E8C7G5G4G3,2.0,1.0,878.0,971.0,,,,,
F5D6C3D3C4F4F6F3E6E7D7G6F8F7H6C6D2D8C5B4B3B6E8C7G5G4G3H5,1.0,1.0,879.0,,,,,,
F5D6C3D3C4F4F6F3E6E7D7G6F8F7H6C6D2D8C5B4B3B6E8C7G5G4G3H5H4,1.0,1.0,880.0,,,,,,
F5D6C3D3C4F4F6F3E6E7D7G6F8F7H6C6D2D8C5B4B3B6E8C7G5G4G3H5H4E1,1.0,1.0,,,,,,,
F5D6C3D3C4F4F6F3E6E7D7G6F8F7H6C6D2D8C5B4E3C7E8E2A5G5B6A6B3,1.0,1.0,882.0,,,,,,
F5D6C3D3C4F4F6F3E6E7D7G6F8F7H6C6D2D8C5B4E3C7E8E2A5G5B6A6B3G8,1.0,1.0,,,,,,,
F5D6C3D3C4F4F6F3E6E7D7G6F8F7H6C6D2D8C5B4E3C7E8E2A5B5C2A4A3B6,1.0,1.0,,,,,,,
F5D6C3D3C4F4F6F3E6E7D7G6F8F7H6C8D8C5E3B4E8F2G5G8E2E1C6G4,2.0,1.0,885.0,,,,,,
F5D6C3D3C4F4F6F3E6E7D7G6F8F7H6C8D8C5E3B4E8F2G5G8E2E1C6G4H3,2.0,1.0,886.0,1017.0,,,,,
F5D6C3D3C4F4F6F3E6E7D7G6F8F7H6C8D8C5E3B4E8F2G5G8E2E1C6G4H3C2,1.0,1.0,,,,,,,
F5D6C3D3C4F4F6F3E6E7D7G6F8F7H6C5C6D8E3B6G4B4B5H3G5F2E2H5A5,1.0,1.0,888.0,,,,,,
F5D6C3D3C4F4F6F3E6E7D7G6F8F7H6C5C6D8E3B6G4B4B5H3G5F2E2H5A5G3,1.0,1.0,,,,,,,
F5D6C3D3C4F4F6F3E6E7D7G6F8F7H6C6D2D8C5B4G4B5B6C7E3E2E8B3E1F1,1.0,1.0,,,,,,,
F5D6C3D3C4F4F6F3E6E7D7G6F8F7H6C6D2D8C5B4B3B6G5G4G3E8C8G7C7,1.0,1.0,891.0,,,,,,
F5D6C3D3C4F4F6F3E6E7D7G6F8F7H6C6D2D8C5B4B3B6G5G4G3E8C8G7C7B5,1.0,1.0,,,,,,,
F5D6C3D3C4F4F6F3E6E7D7G6F8F7H6C5C6D8E3B6G4B4B5H3G5H5A6C2A5B3,1.0,1.0,,,,,,,
F5D6C3D3C4F4F6F3E6E7D7G6F8F7H6C5C6D8E3B6G4B4B5H3H4G3G5E8,1.0,1.0,894.0,,,,,,
F5D6C3D3C4F4F6F3E6E7D7G6F8F7H6C5C6D8E3B6G4B4B5H3H4G3G5E8C8,1.0,1.0,895.0,,,,,,
F5D6C3D3C4F4F6F3E6E7D7G6F8F7H6C5C6D8E3B6G4B4B5H3H4G3G5E8C8C7,1.0,1.0,,,,,,,
F5D6C3D3C4F4F6F3E6E7D7G6F8F7H6C6D2D8C5B4E3C7E8E2B6B3G3G4H4H5,1.0,1.0,,,,,,,
F5D6C3D3C4F4F6F3E6E7D7G6F8F7H6C6D2D8C5B4C7E8C8G5H4H5G4B5B3G7,1.0,1.0,,,,,,,
F5D6C3D3C4F4F6F3E6E7D7G6F8F7H6C6D2D8C5B4E3C7E8G5B3E2B6G8G3B5,1.0,1.0,,,,,,,
F5D6C3D3C4F4F6F3E6E7D7G6F8F7H6C6D2D8C5B4E3C7E8E2B6B3G3G4H4E1,1.0,1.0,,,,,,,
F5D6C3D3C4F4F6F3E6E7D7G6F8F7H6C6D2D8C5B4G4C7E3E2E8B5G5G3H3,1.0,1.0,901.0,,,,,,
F5D6C3D3C4F4F6F3E6E7D7G6F8F7H6C6D2D8C5B4G4C7E3E2E8B5G5G3H3G8,1.0,1.0,,,,,,,
F5D6C3D3C4F4F6F3E6E7D7G6F8F7H6C6D2D8C5B4E3C7E8E2B6B5A5A6C8,1.0,1.0,903.0,,,,,,
F5D6C3D3C4F4F6F3E6E7D7G6F8F7H6C6D2D8C5B4E3C7E8E2B6B5A5A6C8A4,1.0,1.0,,,,,,,
F5D6C3D3C4F4F6F3E6E7D7G6F8F7H6C6D2D8C5B4E3C7E8E2B3B5A5A4A3C1,1.0,1.0,,,,,,,
F5D6C3D3C4F4F6F3E6E7D7G6F8F7H6C6D2D8C5B4G4C7E3E2E8B3G5H3E1,1.0,1.0,906.0,,,,,,
F5D6C3D3C4F4F6F3E6E7D7G6F8F7H6C6D2D8C5B4G4C7E3E2E8B3G5H3E1G3,1.0,1.0,,,,,,,
F5D6C3D3C4F4F6F3E6E7D7G6F8F7H6C8D8C5C6E8B8G5G8C7B6,1.0,1.0,908.0,,,,,,
F5D6C3D3C4F4F6F3E6E7D7G6F8F7H6C8D8C5C6E8B8G5G8C7B6B3,1.0,1.0,909.0,,,,,,
F5D6C3D3C4F4F6F3E6E7D7G6F8F7H6C8D8C5C6E8B8G5G8C7B6B3H5,1.0,1.0,910.0,,,,,,
F5D6C3D3C4F4F6F3E6E7D7G6F8F7H6C8D8C5C6E8B8G5G8C7B6B3H5G4,1.0,1.0,911.0,,,,,,
F5D6C3D3C4F4F6F3E6E7D7G6F8F7H6C8D8C5C6E8B8G5G8C7B6B3H5G4G3,1.0,1.0,912.0,,,,,,
F5D6C3D3C4F4F6F3E6E7D7G6F8F7H6C8D8C5C6E8B8G5G8C7B6B3H5G4G3B5,1.0,1.0,,,,,,,
F5D6C3D3C4F4F6F3E6E7D7G6F8F7H6C6D2D8C5B4E3C7E8G5B3G8A3B5G3,1.0,1.0,914.0,,,,,,
F5D6C3D3C4F4F6F3E6E7D7G6F8F7H6C6D2D8C5B4E3C7E8G5B3G8A3B5G3C2,1.0,1.0,,,,,,,
F5D6C3D3C4F4F6F3E6E7D7G6F8F7H6C6D2D8C5B4C7E8C8G5H4H5B5B3G4E2,1.0,1.0,,,,,,,
F5D6C3D3C4F4F6F3E6E7D7G6F8F7H6C5C6D8E3B6G4B4B5H3G5F2A5G3,1.0,1.0,917.0,,,,,,
F5D6C3D3C4F4F6F3E6E7D7G6F8F7H6C5C6D8E3B6G4B4B5H3G5F2A5G3E2,1.0,1.0,918.0,,,,,,
F5D6C3D3C4F4F6F3E6E7D7G6F8F7H6C5C6D8E3B6G4B4B5H3G5F2A5G3E2H5,1.0,1.0,,,,,,,
F5D6C3D3C4F4F6F3E6E7D7G6F8F7H6C6D2D8C5B4E3C7E8E2A5A4A3B3B5,2.0,1.0,920.0,963.0,,,,,
F5D6C3D3C4F4F6F3E6E7D7G6F8F7H6C6D2D8C5B4E3C7E8E2A5A4A3B3B5C8,1.0,1.0,,,,,,,
F5D6C3D3C4F4F6F3E6E7D7G6F8F7H6C6D2D8C5B4G4B5B6C7E3E2E8G5A3A5,1.0,1.0,,,,,,,
F5D6C3D3C4F4F6F3E6E7D7G6F8F7H6C6D2D8C5B4E3C7E8E2A5A4A3B3B6,1.0,1.0,923.0,,,,,,
F5D6C3D3C4F4F6F3E6E7D7G6F8F7H6C6D2D8C5B4E3C7E8E2A5A4A3B3B6G5,1.0,1.0,,,,,,,
F5D6C3D3C4F4F6F3E6E7D7G6F8F7H6C6D2D8C5B4G4B5B6C7E3H3E8G5A5A3,1.0,1.0,,,,,,,
F5D6C3D3C4F4F6F3E6E7D7G6F8F7H6C5C6D8E3B6G4B4B5H3G5H5A6A5,1.0,1.0,926.0,,,,,,
F5D6C3D3C4F4F6F3E6E7D7G6F8F7H6C5C6D8E3B6G4B4B5H3G5H5A6A5G3,1.0,1.0,927.0,,,,,,
F5D6C3D3C4F4F6F3E6E7D7G6F8F7H6C5C6D8E3B6G4B4B5H3G5H5A6A5G3F2,1.0,1.0,,,,,,,
F5D6C3D3C4F4F6F3E6E7D7G6F8F7H6C5C6D8E3B6G4B4B5B3A3G3F2H5E2D2,1.0,1.0,,,,,,,
F5D6C3D3C4F4F6F3E6E7D7G6F8F7H6C5C6D8E3B6G4B4B5F2D2A5A3H4G5,1.0,1.0,930.0,,,,,,
F5D6C3D3C4F4F6F3E6E7D7G6F8F7H6C5C6D8E3B6G4B4B5F2D2A5A3H4G5E8,1.0,1.0,,,,,,,
F5D6C3D3C4F4F6F3E6E7D7G6F8F7H6C6E2D2E3D8G5G3C7C8E8G4C5E1C1D1,1.0,1.0,,,,,,,
F5D6C3D3C4F4F6F3E6E7D7G6F8F7H6C6D2D8C5B4B3B6G5G4G3E8C8G7E3,1.0,1.0,933.0,,,,,,
F5D6C3D3C4F4F6F3E6E7D7G6F8F7H6C6D2D8C5B4B3B6G5G4G3E8C8G7E3C2,1.0,1.0,,,,,,,
F5D6C3D3C4F4F6F3E6E7D7G6F8F7H6C5C6D8E3B6G4B4B5B3E8G8,1.0,1.0,935.0,,,,,,
F5D6C3D3C4F4F6F3E6E7D7G6F8F7H6C5C6D8E3B6G4B4B5B3E8G8C7,1.0,1.0,936.0,,,,,,
F5D6C3D3C4F4F6F3E6E7D7G6F8F7H6C5C6D8E3B6G4B4B5B3E8G8C7A6,1.0,1.0,937.0,,,,,,
F5D6C3D3C4F4F6F3E6E7D7G6F8F7H6C5C6D8E3B6G4B4B5B3E8G8C7A6A5,1.0,1.0,938.0,,,,,,
F5D6C3D3C4F4F6F3E6E7D7G6F8F7H6C5C6D8E3B6G4B4B5B3E8G8C7A6A5C8,1.0,1.0,,,,,,,
F5D6C3D3C4F4F6F3E6E7D7G6F8F7H6C6D2D8C5B4E3C7E8G5B3E2C8C1H5,1.0,1.0,940.0,,,,,,
F5D6C3D3C4F4F6F3E6E7D7G6F8F7H6C6D2D8C5B4E3C7E8G5B3E2C8C1H5C2,1.0,1.0,,,,,,,
F5D6C3D3C4F4F6F3E6E7D7G6F8F7H6C6D2D8C5B4G4B5B6E8C8G5A5H3,1.0,1.0,942.0,,,,,,
F5D6C3D3C4F4F6F3E6E7D7G6F8F7H6C6D2D8C5B4G4B5B6E8C8G5A5H3B3,1.0,1.0,943.0,,,,,,
F5D6C3D3C4F4F6F3E6E7D7G6F8F7H6C6D2D8C5B4G4B5B6E8C8G5A5H3B3H5,1.0,1.0,,,,,,,
F5D6C3D3C4F4F6F3E6E7D7G6F8F7H6C5C6D8E3B6G4B4B5H3H4E2G5,1.0,1.0,945.0,,,,,,
F5D6C3D3C4F4F6F3E6E7D7G6F8F7H6C5C6D8E3B6G4B4B5H3H4E2G5G3,1.0,1.0,946.0,,,,,,
F5D6C3D3C4F4F6F3E6E7D7G6F8F7H6C5C6D8E3B6G4B4B5H3H4E2G5G3A3,1.0,1.0,947.0,,,,,,
F5D6C3D3C4F4F6F3E6E7D7G6F8F7H6C5C6D8E3B6G4B4B5H3H4E2G5G3A3E8,1.0,1.0,,,,,,,
F5D6C3D3C4F4F6F3E6E7D7G6F8F7H6C5C6D8E3B6G4B4B5H3G5H5A6C2A5E2,1.0,1.0,,,,,,,
F5D6C3D3C4F4F6F3E6E7D7G6F8F7H6C6D2D8C5B4G4B5G3E8C8G5H4G7B3C7,1.0,1.0,,,,,,,
F5D6C3D3C4F4F6F3E6E7D7G6F8F7H6C6D2D8C5B4E3C7E8E2B3B6A5A4A3,1.0,1.0,951.0,,,,,,
F5D6C3D3C4F4F6F3E6E7D7G6F8F7H6C6D2D8C5B4E3C7E8E2B3B6A5A4A3B5,1.0,1.0,,,,,,,
F5D6C3D3C4F4F6F3E6E7D7G6F8F7H6C6D2D8C5B4G4C7E3E2E8B3B6B5C8,1.0,1.0,953.0,,,,,,
F5D6C3D3C4F4F6F3E6E7D7G6F8F7H6C6D2D8C5B4G4C7E3E2E8B3B6B5C8F2,1.0,1.0,,,,,,,
F5D6C3D3C4F4F6F3E6E7D7G6F8F7H6C6D2D8C5B4B3B6G5G4G3E8C8G7E2C2,1.0,1.0,,,,,,,
F5D6C3D3C4F4F6F3E6E7D7G6F8F7H6C6D2D8C5B4E3C7E8E2B6B5C2,1.0,1.0,956.0,,,,,,
F5D6C3D3C4F4F6F3E6E7D7G6F8F7H6C6D2D8C5B4E3C7E8E2B6B5C2G4,1.0,1.0,957.0,,,,,,
F5D6C3D3C4F4F6F3E6E7D7G6F8F7H6C6D2D8C5B4E3C7E8E2B6B5C2G4C8,1.0,1.0,958.0,,,,,,
F5D6C3D3C4F4F6F3E6E7D7G6F8F7H6C6D2D8C5B4E3C7E8E2B6B5C2G4C8B3,1.0,1.0,,,,,,,
F5D6C3D3C4F4F6F3E6E7D7G6F8F7H6C6D2D8C5B4G4C7E3E2E8B3B6B5G5G3,1.0,1.0,,,,,,,
F5D6C3D3C4F4F6F3E6E7D7G6F8F7H6C6D2D8C5B4G4C7E3E2E8B5C2F2G3G5,1.0,1.0,,,,,,,
F5D6C3D3C4F4F6F3E6E7D7G6F8F7H6C6D2D8C5B4E3C7E8E2A5G5B3G8F1,1.0,1.0,962.0,,,,,,
F5D6C3D3C4F4F6F3E6E7D7G6F8F7H6C6D2D8C5B4E3C7E8E2A5G5B3G8F1B6,1.0,1.0,,,,,,,
F5D6C3D3C4F4F6F3E6E7D7G6F8F7H6C6D2D8C5B4E3C7E8E2A5A4A3B3B5G8,1.0,1.0,,,,,,,
F5D6C3D3C4F4F6F3E6E7D7G6F8F7H6C6D2D8C5B4G4B5B6C7E3E2E8G5C2,1.0,1.0,965.0,,,,,,
F5D6C3D3C4F4F6F3E6E7D7G6F8F7H6C6D2D8C5B4G4B5B6C7E3E2E8G5C2H5,1.0,1.0,,,,,,,
F5D6C3D3C4F4F6F3E6E7D7G6F8F7H6C5C6D8E3B6G4B4B5F2C7H4A6D2E2,1.0,1.0,967.0,,,,,,
F5D6C3D3C4F4F6F3E6E7D7G6F8F7H6C5C6D8E3B6G4B4B5F2C7H4A6D2E2B3,1.0,1.0,,,,,,,
F5D6C3D3C4F4F6F3E6E7D7G6F8F7H6C6D2D8C5B4G4B5B6C7E3E2E8G5A3H5,1.0,1.0,,,,,,,
F5D6C3D3C4F4F6F3E6E7D7G6F8F7H6C6D2D8C5B4B3B6G5G4F2E8C8C7H5,1.0,1.0,970.0,,,,,,
F5D6C3D3C4F4F6F3E6E7D7G6F8F7H6C6D2D8C5B4B3B6G5G4F2E8C8C7H5C2,1.0,1.0,,,,,,,
F5D6C3D3C4F4F6F3E6E7D7G6F8F7H6C6D2D8C5B4B3B6E8C7G5G4G3D1,1.0,1.0,972.0,,,,,,
F5D6C3D3C4F4F6F3E6E7D7G6F8F7H6C6D2D8C5B4B3B6E8C7G5G4G3D1E2,1.0,1.0,973.0,,,,,,
F5D6C3D3C4F4F6F3E6E7D7G6F8F7H6C6D2D8C5B4B3B6E8C7G5G4G3D1E2H3,1.0,1.0,,,,,,,
F5D6C3D3C4F4F6F3E6E7D7G6F8F7H6C6D2D8C5B4B3B6G3G4E8G5C8H3A6,1.0,1.0,975.0,,,,,,
F5D6C3D3C4F4F6F3E6E7D7G6F8F7H6C6D2D8C5B4B3B6G3G4E8G5C8H3A6E1,1.0,1.0,,,,,,,
F5D6C3D3C4F4F6F3E6E7D7G6F8F7H6C6D2D8C5B4E3C7E8E2A5A4A3B6,1.0,1.0,977.0,,,,,,
F5D6C3D3C4F4F6F3E6E7D7G6F8F7H6C6D2D8C5B4E3C7E8E2A5A4A3B6B3,1.0,1.0,978.0,,,,,,
F5D6C3D3C4F4F6F3E6E7D7G6F8F7H6C6D2D8C5B4E3C7E8E2A5A4A3B6B3B5,1.0,1.0,,,,,,,
F5D6C3D3C4F4F6F3E6E7D7G6F8F7H6C5C6D8E3B6G4B4B5F2C7B3E8C8B8A5,1.0,1.0,,,,,,,
F5D6C3D3C4F4F6F3E6E7D7G6F8F7H6C6D2D8C5B4E3C7E8E2A5B6B3A4A6,1.0,1.0,981.0,,,,,,
F5D6C3D3C4F4F6F3E6E7D7G6F8F7H6C6D2D8C5B4E3C7E8E2A5B6B3A4A6B5,1.0,1.0,,,,,,,
F5D6C3D3C4F4F6F3E6E7D7G6F8F7H6C6D2D8C5B4E3C7E8E2B6B5A5A3C8B3,1.0,1.0,,,,,,,
F5D6C3D3C4F4F6F3E6E7D7G6F8F7H6C8D8C5C6E8B8G5G8B5G3C7H4G4A5H3,1.0,1.0,,,,,,,
F5D6C3D3C4F4F6F3E6E7D7G6F8F7H6C6D2D8C5B4E3C7E8E2B3B6F1G5A5G8,1.0,1.0,,,,,,,
F5D6C3D3C4F4F6F3E6E7D7G6F8F7H6C8D8C5E3B4E8G8G4G5B6G3B3E2H5,1.0,1.0,986.0,,,,,,
F5D6C3D3C4F4F6F3E6E7D7G6F8F7H6C8D8C5E3B4E8G8G4G5B6G3B3E2H5C2,1.0,1.0,,,,,,,
F5D6C3D3C4F4F6F3E6E7D7G6F8F7H6C6D2D8C5B4G4C7E3E2E8B3B6B5E1,1.0,1.0,988.0,,,,,,
F5D6C3D3C4F4F6F3E6E7D7G6F8F7H6C6D2D8C5B4G4C7E3E2E8B3B6B5E1F2,1.0,1.0,,,,,,,
F5D6C3D3C4F4F6F3E6E7D7G6F8F7H6C6D2D8C5B4E3C7E8E2B3B6F1C1E1G5,1.0,1.0,,,,,,,
F5D6C3D3C4F4F6F3E6E7D7G6F8F7H6C6D2D8C5B4C7E8C8G5H4H5G4B5B3C2,1.0,1.0,,,,,,,
F5D6C3D3C4F4F6F3E6E7D7G6F8F7H6C5C6D8E3B6G4B4B5H3G5F2C7H5A6C8,1.0,1.0,,,,,,,
F5D6C3D3C4F4F6F3E6E7D7G6F8F7H6C5C6D8E3B6G4B4B5B3F2,2.0,1.0,993.0,,,,,,
F5D6C3D3C4F4F6F3E6E7D7G6F8F7H6C5C6D8E3B6G4B4B5B3F2E8,2.0,1.0,994.0,,,,,,
F5D6C3D3C4F4F6F3E6E7D7G6F8F7H6C5C6D8E3B6G4B4B5B3F2E8C8,2.0,1.0,995.0,,,,,,
F5D6C3D3C4F4F6F3E6E7D7G6F8F7H6C5C6D8E3B6G4B4B5B3F2E8C8C7,2.0,1.0,996.0,,,,,,
F5D6C3D3C4F4F6F3E6E7D7G6F8F7H6C5C6D8E3B6G4B4B5B3F2E8C8C7E2,2.0,1.0,997.0,1010.0,,,,,
F5D6C3D3C4F4F6F3E6E7D7G6F8F7H6C5C6D8E3B6G4B4B5B3F2E8C8C7E2A5,1.0,1.0,,,,,,,
F5D6C3D3C4F4F6F3E6E7D7G6F8F7H6C6D2D8C5B4B3B6G3G4E8C7G5D1C2,1.0,1.0,999.0,,,,,,
F5D6C3D3C4F4F6F3E6E7D7G6F8F7H6C6D2D8C5B4B3B6G3G4E8C7G5D1C2H5,1.0,1.0,,,,,,,
F5D6C3D3C4F4F6F3E6E7D7G6F8F7H6C6D2D8C5B4G4C7E3E2E8B3G5G3,2.0,1.0,1001.0,,,,,,
F5D6C3D3C4F4F6F3E6E7D7G6F8F7H6C6D2D8C5B4G4C7E3E2E8B3G5G3E1,2.0,1.0,1002.0,1016.0,,,,,
F5D6C3D3C4F4F6F3E6E7D7G6F8F7H6C6D2D8C5B4G4C7E3E2E8B3G5G3E1B5,1.0,1.0,,,,,,,
F5D6C3D3C4F4F6F3E6E7D7G6F8F7H6C6D2D8C5B4B5B3B6E8C8E3E2C7G5,1.0,1.0,1004.0,,,,,,
F5D6C3D3C4F4F6F3E6E7D7G6F8F7H6C6D2D8C5B4B5B3B6E8C8E3E2C7G5G3,1.0,1.0,,,,,,,
F5D6C3D3C4F4F6F3E6E7D7G6F8F7H6C6D2D8C5B4B5B3B6E2C7G5E8C8G4,1.0,1.0,1006.0,,,,,,
F5D6C3D3C4F4F6F3E6E7D7G6F8F7H6C6D2D8C5B4B5B3B6E2C7G5E8C8G4H3,1.0,1.0,,,,,,,
F5D6C3D3C4F4F6F3E6E7D7G6F8F7H6C5C6C8D8E8B8G5G8B5G3C7H4G4A5H5,1.0,1.0,,,,,,,
F5D6C3D3C4F4F6F3E6E7D7G6F8F7H6C6D2D8C5B4E3C7E8G5B3G8A3E2F1,1.0,1.0,1009.0,,,,,,
F5D6C3D3C4F4F6F3E6E7D7G6F8F7H6C6D2D8C5B4E3C7E8G5B3G8A3E2F1E1,1.0,1.0,,,,,,,
F5D6C3D3C4F4F6F3E6E7D7G6F8F7H6C5C6D8E3B6G4B4B5B3F2E8C8C7E2A4,1.0,1.0,,,,,,,
F5D6C3D3C4F4F6F3E6E7D7G6F8F7H6C6D2D8C5B4B3B6G5G4G3E8C8G7A3B5,1.0,1.0,,,,,,,
F5D6C3D3C4F4F6F3E6E7D7G6F8F7H6C6D2D8C5B4E3C7E8G5B3E2C8C1B5A4,1.0,1.0,,,,,,,
F5D6C3D3C4F4F6F3E6E7D7G6F8F7H6C8D8C5C6E8B8G5G8B5G3C7H4G4A5C2,1.0,1.0,,,,,,,
F5D6C3D3C4F4F6F3E6E7D7G6F8F7H6C6D2D8C5B4G4B5G3E8C8G5H4G7A3E2,1.0,1.0,,,,,,,
F5D6C3D3C4F4F6F3E6E7D7G6F8F7H6C5C6D8E3B6G4B4B5F2C7H4B3D2C2H5,1.0,1.0,,,,,,,
F5D6C3D3C4F4F6F3E6E7D7G6F8F7H6C6D2D8C5B4G4C7E3E2E8B3G5G3E1H3,1.0,1.0,,,,,,,
F5D6C3D3C4F4F6F3E6E7D7G6F8F7H6C8D8C5E3B4E8F2G5G8E2E1C6G4H3C7,1.0,1.0,,,,,,,
F5D6C3D3C4F4F6F3E6E7D7G6F8F7H6C6D2D8C5B4B3B6G5C7E8G4G3E1,1.0,1.0,1019.0,,,,,,
F5D6C3D3C4F4F6F3E6E7D7G6F8F7H6C6D2D8C5B4B3B6G5C7E8G4G3E1C2,1.0,1.0,1020.0,,,,,,
F5D6C3D3C4F4F6F3E6E7D7G6F8F7H6C6D2D8C5B4B3B6G5C7E8G4G3E1C2B1,1.0,1.0,,,,,,,
F5D6C3D3C4F4F6F3E6E7D7G6F8F7H6C6D2D8C5B4G4B5G3E8C8G5H4G7C7,1.0,1.0,1022.0,,,,,,
F5D6C3D3C4F4F6F3E6E7D7G6F8F7H6C6D2D8C5B4G4B5G3E8C8G5H4G7C7B3,1.0,1.0,,,,,,,
