,num4black,num4white,0,1,2,3,4,5
F5,4.0,4.0,1.0,,,,,
F5D6,4.0,4.0,2.0,,,,,
F5D6C3,4.0,4.0,3.0,,,,,
F5D6C3D3,4.0,4.0,4.0,,,,,
F5D6C3D3C4,4.0,4.0,5.0,,,,,
F5D6C3D3C4F4,4.0,4.0,6.0,,,,,
F5D6C3D3C4F4E6,4.0,4.0,7.0,,,,,
F5D6C3D3C4F4E6F6,4.0,4.0,8.0,,,,,
F5D6C3D3C4F4E6F6E3,4.0,4.0,9.0,,,,,
F5D6C3D3C4F4E6F6E3C5,4.0,4.0,10.0,,,,,
F5D6C3D3C4F4E6F6E3C5C6,4.0,4.0,11.0,26.0,,,,
F5D6C3D3C4F4E6F6E3C5C6B5,3.0,4.0,12.0,,,,,
F5D6C3D3C4F4E6F6E3C5C6B5D7,3.0,4.0,13.0,,,,,
F5D6C3D3C4F4E6F6E3C5C6B5D7E7,3.0,4.0,14.0,,,,,
F5D6C3D3C4F4E6F6E3C5C6B5D7E7B6,3.0,4.0,15.0,,,,,
F5D6C3D3C4F4E6F6E3C5C6B5D7E7B6B3,3.0,4.0,16.0,,,,,
F5D6C3D3C4F4E6F6E3C5C6B5D7E7B6B3F8,3.0,4.0,17.0,49.0,,,,
F5D6C3D3C4F4E6F6E3C5C6B5D7E7B6B3F8C8,1.0,21.0,18.0,236.0,321.0,353.0,502.0,
F5D6C3D3C4F4E6F6E3C5C6B5D7E7B6B3F8C8D8,1.0,15.0,19.0,,,,,
F5D6C3D3C4F4E6F6E3C5C6B5D7E7B6B3F8C8D8D2,1.0,15.0,20.0,72.0,76.0,248.0,381.0,691.0
F5D6C3D3C4F4E6F6E3C5C6B5D7E7B6B3F8C8D8D2A3,1.0,7.0,21.0,,,,,
F5D6C3D3C4F4E6F6E3C5C6B5D7E7B6B3F8C8D8D2A3C7,1.0,7.0,22.0,84.0,104.0,192.0,727.0,
F5D6C3D3C4F4E6F6E3C5C6B5D7E7B6B3F8C8D8D2A3C7F2,2.0,1.0,23.0,,,,,
F5D6C3D3C4F4E6F6E3C5C6B5D7E7B6B3F8C8D8D2A3C7F2B4,2.0,1.0,24.0,,,,,
F5D6C3D3C4F4E6F6E3C5C6B5D7E7B6B3F8C8D8D2A3C7F2B4F7,2.0,1.0,25.0,461.0,,,,
F5D6C3D3C4F4E6F6E3C5C6B5D7E7B6B3F8C8D8D2A3C7F2B4F7A6,1.0,1.0,,,,,,
F5D6C3D3C4F4E6F6E3C5C6B6,1.0,11.0,27.0,,,,,
F5D6C3D3C4F4E6F6E3C5C6B6C7,1.0,11.0,28.0,,,,,
F5D6C3D3C4F4E6F6E3C5C6B6C7B5,1.0,11.0,29.0,282.0,,,,
F5D6C3D3C4F4E6F6E3C5C6B6C7B5E7,1.0,10.0,30.0,,,,,
F5D6C3D3C4F4E6F6E3C5C6B6C7B5E7D7,1.0,10.0,31.0,112.0,,,,
F5D6C3D3C4F4E6F6E3C5C6B6C7B5E7D7F7,1.0,9.0,32.0,,,,,
F5D6C3D3C4F4E6F6E3C5C6B6C7B5E7D7F7F3,1.0,9.0,33.0,38.0,333.0,,,
F5D6C3D3C4F4E6F6E3C5C6B6C7B5E7D7F7F3D8,3.0,1.0,34.0,441.0,,,,
F5D6C3D3C4F4E6F6E3C5C6B6C7B5E7D7F7F3D8F2,1.0,16.0,35.0,93.0,210.0,398.0,,
F5D6C3D3C4F4E6F6E3C5C6B6C7B5E7D7F7F3D8F2E2,1.0,4.0,36.0,,,,,
F5D6C3D3C4F4E6F6E3C5C6B6C7B5E7D7F7F3D8F2E2C8,1.0,4.0,37.0,143.0,,,,
F5D6C3D3C4F4E6F6E3C5C6B6C7B5E7D7F7F3D8F2E2C8G3,1.0,1.0,,,,,,
F5D6C3D3C4F4E6F6E3C5C6B6C7B5E7D7F7F3C8,2.0,3.0,39.0,,,,,
F5D6C3D3C4F4E6F6E3C5C6B6C7B5E7D7F7F3C8B4,2.0,3.0,40.0,,,,,
F5D6C3D3C4F4E6F6E3C5C6B6C7B5E7D7F7F3C8B4B3,2.0,3.0,41.0,,,,,
F5D6C3D3C4F4E6F6E3C5C6B6C7B5E7D7F7F3C8B4B3F2,2.0,3.0,42.0,,,,,
F5D6C3D3C4F4E6F6E3C5C6B6C7B5E7D7F7F3C8B4B3F2E2,2.0,3.0,43.0,,,,,
F5D6C3D3C4F4E6F6E3C5C6B6C7B5E7D7F7F3C8B4B3F2E2D1,2.0,3.0,44.0,,,,,
F5D6C3D3C4F4E6F6E3C5C6B6C7B5E7D7F7F3C8B4B3F2E2D1A3,2.0,3.0,45.0,251.0,,,,
F5D6C3D3C4F4E6F6E3C5C6B6C7B5E7D7F7F3C8B4B3F2E2D1A3D2,1.0,5.0,46.0,,,,,
F5D6C3D3C4F4E6F6E3C5C6B6C7B5E7D7F7F3C8B4B3F2E2D1A3D2C2,1.0,5.0,47.0,,,,,
F5D6C3D3C4F4E6F6E3C5C6B6C7B5E7D7F7F3C8B4B3F2E2D1A3D2C2A5,1.0,5.0,48.0,229.0,,,,
F5D6C3D3C4F4E6F6E3C5C6B6C7B5E7D7F7F3C8B4B3F2E2D1A3D2C2A5E1,1.0,1.0,,,,,,
F5D6C3D3C4F4E6F6E3C5C6B5D7E7B6B3F8C7,2.0,4.0,50.0,463.0,,,,
F5D6C3D3C4F4E6F6E3C5C6B5D7E7B6B3F8C7A4,2.0,3.0,51.0,162.0,,,,
F5D6C3D3C4F4E6F6E3C5C6B5D7E7B6B3F8C7A4C8,1.0,9.0,52.0,133.0,197.0,,,
F5D6C3D3C4F4E6F6E3C5C6B5D7E7B6B3F8C7A4C8E8,2.0,2.0,53.0,,,,,
F5D6C3D3C4F4E6F6E3C5C6B5D7E7B6B3F8C7A4C8E8F7,2.0,2.0,54.0,,,,,
F5D6C3D3C4F4E6F6E3C5C6B5D7E7B6B3F8C7A4C8E8F7B4,2.0,2.0,55.0,,,,,
F5D6C3D3C4F4E6F6E3C5C6B5D7E7B6B3F8C7A4C8E8F7B4A6,2.0,2.0,56.0,,,,,
F5D6C3D3C4F4E6F6E3C5C6B5D7E7B6B3F8C7A4C8E8F7B4A6D8,2.0,2.0,57.0,,,,,
F5D6C3D3C4F4E6F6E3C5C6B5D7E7B6B3F8C7A4C8E8F7B4A6D8G8,2.0,2.0,58.0,653.0,,,,
F5D6C3D3C4F4E6F6E3C5C6B5D7E7B6B3F8C7A4C8E8F7B4A6D8G8B7,8.0,1.0,59.0,,,,,
F5D6C3D3C4F4E6F6E3C5C6B5D7E7B6B3F8C7A4C8E8F7B4A6D8G8B7F3,8.0,1.0,60.0,,,,,
F5D6C3D3C4F4E6F6E3C5C6B5D7E7B6B3F8C7A4C8E8F7B4A6D8G8B7F3G3,8.0,1.0,61.0,,,,,
F5D6C3D3C4F4E6F6E3C5C6B5D7E7B6B3F8C7A4C8E8F7B4A6D8G8B7F3G3G5,8.0,1.0,62.0,,,,,
F5D6C3D3C4F4E6F6E3C5C6B5D7E7B6B3F8C7A4C8E8F7B4A6D8G8B7F3G3G5D2,8.0,1.0,63.0,89.0,178.0,,,
F5D6C3D3C4F4E6F6E3C5C6B5D7E7B6B3F8C7A4C8E8F7B4A6D8G8B7F3G3G5D2D1,2.0,4.0,64.0,154.0,,,,
F5D6C3D3C4F4E6F6E3C5C6B5D7E7B6B3F8C7A4C8E8F7B4A6D8G8B7F3G3G5D2D1E2,2.0,3.0,65.0,206.0,,,,
F5D6C3D3C4F4E6F6E3C5C6B5D7E7B6B3F8C7A4C8E8F7B4A6D8G8B7F3G3G5D2D1E2F2,1.0,4.0,66.0,78.0,217.0,,,
F5D6C3D3C4F4E6F6E3C5C6B5D7E7B6B3F8C7A4C8E8F7B4A6D8G8B7F3G3G5D2D1E2F2G4,1.0,1.0,67.0,,,,,
F5D6C3D3C4F4E6F6E3C5C6B5D7E7B6B3F8C7A4C8E8F7B4A6D8G8B7F3G3G5D2D1E2F2G4H5,1.0,1.0,68.0,,,,,
F5D6C3D3C4F4E6F6E3C5C6B5D7E7B6B3F8C7A4C8E8F7B4A6D8G8B7F3G3G5D2D1E2F2G4H5C1,1.0,1.0,69.0,,,,,
F5D6C3D3C4F4E6F6E3C5C6B5D7E7B6B3F8C7A4C8E8F7B4A6D8G8B7F3G3G5D2D1E2F2G4H5C1C2,1.0,1.0,70.0,,,,,
F5D6C3D3C4F4E6F6E3C5C6B5D7E7B6B3F8C7A4C8E8F7B4A6D8G8B7F3G3G5D2D1E2F2G4H5C1C2B8,1.0,1.0,71.0,,,,,
F5D6C3D3C4F4E6F6E3C5C6B5D7E7B6B3F8C7A4C8E8F7B4A6D8G8B7F3G3G5D2D1E2F2G4H5C1C2B8A8,1.0,1.0,,,,,,
F5D6C3D3C4F4E6F6E3C5C6B5D7E7B6B3F8C8D8D2D1,1.0,3.0,73.0,,,,,
F5D6C3D3C4F4E6F6E3C5C6B5D7E7B6B3F8C8D8D2D1C1,1.0,3.0,74.0,242.0,,,,
F5D6C3D3C4F4E6F6E3C5C6B5D7E7B6B3F8C8D8D2D1C1E2,1.0,1.0,75.0,,,,,
F5D6C3D3C4F4E6F6E3C5C6B5D7E7B6B3F8C8D8D2D1C1E2B4,1.0,1.0,,,,,,
F5D6C3D3C4F4E6F6E3C5C6B5D7E7B6B3F8C8D8D2F2,1.0,1.0,77.0,,,,,
F5D6C3D3C4F4E6F6E3C5C6B5D7E7B6B3F8C8D8D2F2B4,1.0,1.0,,,,,,
F5D6C3D3C4F4E6F6E3C5C6B5D7E7B6B3F8C7A4C8E8F7B4A6D8G8B7F3G3G5D2D1E2F2H5,1.0,2.0,79.0,,,,,
F5D6C3D3C4F4E6F6E3C5C6B5D7E7B6B3F8C7A4C8E8F7B4A6D8G8B7F3G3G5D2D1E2F2H5G4,1.0,2.0,80.0,,,,,
F5D6C3D3C4F4E6F6E3C5C6B5D7E7B6B3F8C7A4C8E8F7B4A6D8G8B7F3G3G5D2D1E2F2H5G4G6,1.0,2.0,81.0,,,,,
F5D6C3D3C4F4E6F6E3C5C6B5D7E7B6B3F8C7A4C8E8F7B4A6D8G8B7F3G3G5D2D1E2F2H5G4G6H4,1.0,2.0,82.0,583.0,,,,
F5D6C3D3C4F4E6F6E3C5C6B5D7E7B6B3F8C7A4C8E8F7B4A6D8G8B7F3G3G5D2D1E2F2H5G4G6H4E1,1.0,1.0,83.0,,,,,
F5D6C3D3C4F4E6F6E3C5C6B5D7E7B6B3F8C7A4C8E8F7B4A6D8G8B7F3G3G5D2D1E2F2H5G4G6H4E1C1,1.0,1.0,,,,,,
F5D6C3D3C4F4E6F6E3C5C6B5D7E7B6B3F8C8D8D2A3C7A4,2.0,2.0,85.0,299.0,,,,
F5D6C3D3C4F4E6F6E3C5C6B5D7E7B6B3F8C8D8D2A3C7A4C2,1.0,2.0,86.0,,,,,
F5D6C3D3C4F4E6F6E3C5C6B5D7E7B6B3F8C8D8D2A3C7A4C2B4,1.0,2.0,87.0,,,,,
F5D6C3D3C4F4E6F6E3C5C6B5D7E7B6B3F8C8D8D2A3C7A4C2B4F3,1.0,2.0,88.0,795.0,,,,
F5D6C3D3C4F4E6F6E3C5C6B5D7E7B6B3F8C8D8D2A3C7A4C2B4F3E2,1.0,1.0,,,,,,
F5D6C3D3C4F4E6F6E3C5C6B5D7E7B6B3F8C7A4C8E8F7B4A6D8G8B7F3G3G5D2A8,2.0,5.0,90.0,,,,,
F5D6C3D3C4F4E6F6E3C5C6B5D7E7B6B3F8C7A4C8E8F7B4A6D8G8B7F3G3G5D2A8G4,2.0,5.0,91.0,105.0,,,,
F5D6C3D3C4F4E6F6E3C5C6B5D7E7B6B3F8C7A4C8E8F7B4A6D8G8B7F3G3G5D2A8G4C1,1.0,5.0,92.0,315.0,435.0,,,
F5D6C3D3C4F4E6F6E3C5C6B5D7E7B6B3F8C7A4C8E8F7B4A6D8G8B7F3G3G5D2A8G4C1B8,1.0,1.0,,,,,,
F5D6C3D3C4F4E6F6E3C5C6B6C7B5E7D7F7F3D8F2G4,2.0,1.0,94.0,,,,,
F5D6C3D3C4F4E6F6E3C5C6B6C7B5E7D7F7F3D8F2G4G5,2.0,1.0,95.0,,,,,
F5D6C3D3C4F4E6F6E3C5C6B6C7B5E7D7F7F3D8F2G4G5B4,2.0,1.0,96.0,,,,,
F5D6C3D3C4F4E6F6E3C5C6B6C7B5E7D7F7F3D8F2G4G5B4D2,2.0,1.0,97.0,,,,,
F5D6C3D3C4F4E6F6E3C5C6B6C7B5E7D7F7F3D8F2G4G5B4D2C2,2.0,1.0,98.0,,,,,
F5D6C3D3C4F4E6F6E3C5C6B6C7B5E7D7F7F3D8F2G4G5B4D2C2E2,2.0,1.0,99.0,,,,,
F5D6C3D3C4F4E6F6E3C5C6B6C7B5E7D7F7F3D8F2G4G5B4D2C2E2B3,2.0,1.0,100.0,681.0,,,,
F5D6C3D3C4F4E6F6E3C5C6B6C7B5E7D7F7F3D8F2G4G5B4D2C2E2B3C1,1.0,2.0,101.0,419.0,,,,
F5D6C3D3C4F4E6F6E3C5C6B6C7B5E7D7F7F3D8F2G4G5B4D2C2E2B3C1A4,1.0,1.0,102.0,,,,,
F5D6C3D3C4F4E6F6E3C5C6B6C7B5E7D7F7F3D8F2G4G5B4D2C2E2B3C1A4A6,1.0,1.0,103.0,,,,,
F5D6C3D3C4F4E6F6E3C5C6B6C7B5E7D7F7F3D8F2G4G5B4D2C2E2B3C1A4A6A5,1.0,1.0,,,,,,
F5D6C3D3C4F4E6F6E3C5C6B5D7E7B6B3F8C8D8D2A3C7E1,1.0,1.0,,,,,,
F5D6C3D3C4F4E6F6E3C5C6B5D7E7B6B3F8C7A4C8E8F7B4A6D8G8B7F3G3G5D2A8G4C2,1.0,7.0,106.0,327.0,,,,
F5D6C3D3C4F4E6F6E3C5C6B5D7E7B6B3F8C7A4C8E8F7B4A6D8G8B7F3G3G5D2A8G4C2C1,1.0,4.0,107.0,,,,,
F5D6C3D3C4F4E6F6E3C5C6B5D7E7B6B3F8C7A4C8E8F7B4A6D8G8B7F3G3G5D2A8G4C2C1B2,1.0,4.0,108.0,,,,,
F5D6C3D3C4F4E6F6E3C5C6B5D7E7B6B3F8C7A4C8E8F7B4A6D8G8B7F3G3G5D2A8G4C2C1B2B8,1.0,4.0,109.0,,,,,
F5D6C3D3C4F4E6F6E3C5C6B5D7E7B6B3F8C7A4C8E8F7B4A6D8G8B7F3G3G5D2A8G4C2C1B2B8A7,1.0,4.0,110.0,556.0,707.0,806.0,,
F5D6C3D3C4F4E6F6E3C5C6B5D7E7B6B3F8C7A4C8E8F7B4A6D8G8B7F3G3G5D2A8G4C2C1B2B8A7H6,1.0,1.0,111.0,,,,,
F5D6C3D3C4F4E6F6E3C5C6B5D7E7B6B3F8C7A4C8E8F7B4A6D8G8B7F3G3G5D2A8G4C2C1B2B8A7H6A5,1.0,1.0,,,,,,
F5D6C3D3C4F4E6F6E3C5C6B6C7B5E7D7B4,2.0,1.0,113.0,735.0,,,,
F5D6C3D3C4F4E6F6E3C5C6B6C7B5E7D7B4F3,1.0,5.0,114.0,385.0,,,,
F5D6C3D3C4F4E6F6E3C5C6B6C7B5E7D7B4F3F7,1.0,4.0,115.0,,,,,
F5D6C3D3C4F4E6F6E3C5C6B6C7B5E7D7B4F3F7F8,1.0,4.0,116.0,,,,,
F5D6C3D3C4F4E6F6E3C5C6B6C7B5E7D7B4F3F7F8C8,1.0,4.0,117.0,,,,,
F5D6C3D3C4F4E6F6E3C5C6B6C7B5E7D7B4F3F7F8C8F2,1.0,4.0,118.0,281.0,,,,
F5D6C3D3C4F4E6F6E3C5C6B6C7B5E7D7B4F3F7F8C8F2E2,1.0,3.0,119.0,,,,,
F5D6C3D3C4F4E6F6E3C5C6B6C7B5E7D7B4F3F7F8C8F2E2A3,1.0,3.0,120.0,,,,,
F5D6C3D3C4F4E6F6E3C5C6B6C7B5E7D7B4F3F7F8C8F2E2A3G6,1.0,3.0,121.0,,,,,
F5D6C3D3C4F4E6F6E3C5C6B6C7B5E7D7B4F3F7F8C8F2E2A3G6G5,1.0,3.0,122.0,620.0,,,,
F5D6C3D3C4F4E6F6E3C5C6B6C7B5E7D7B4F3F7F8C8F2E2A3G6G5H4,1.0,2.0,123.0,,,,,
F5D6C3D3C4F4E6F6E3C5C6B6C7B5E7D7B4F3F7F8C8F2E2A3G6G5H4H5,1.0,2.0,124.0,,,,,
F5D6C3D3C4F4E6F6E3C5C6B6C7B5E7D7B4F3F7F8C8F2E2A3G6G5H4H5G3,1.0,2.0,125.0,,,,,
F5D6C3D3C4F4E6F6E3C5C6B6C7B5E7D7B4F3F7F8C8F2E2A3G6G5H4H5G3G4,1.0,2.0,126.0,,,,,
F5D6C3D3C4F4E6F6E3C5C6B6C7B5E7D7B4F3F7F8C8F2E2A3G6G5H4H5G3G4H3,1.0,2.0,127.0,,,,,
F5D6C3D3C4F4E6F6E3C5C6B6C7B5E7D7B4F3F7F8C8F2E2A3G6G5H4H5G3G4H3B3,1.0,2.0,128.0,,,,,
F5D6C3D3C4F4E6F6E3C5C6B6C7B5E7D7B4F3F7F8C8F2E2A3G6G5H4H5G3G4H3B3F1,1.0,2.0,129.0,,,,,
F5D6C3D3C4F4E6F6E3C5C6B6C7B5E7D7B4F3F7F8C8F2E2A3G6G5H4H5G3G4H3B3F1E8,1.0,2.0,130.0,587.0,,,,
F5D6C3D3C4F4E6F6E3C5C6B6C7B5E7D7B4F3F7F8C8F2E2A3G6G5H4H5G3G4H3B3F1E8H6,1.0,1.0,131.0,,,,,
F5D6C3D3C4F4E6F6E3C5C6B6C7B5E7D7B4F3F7F8C8F2E2A3G6G5H4H5G3G4H3B3F1E8H6G2,1.0,1.0,132.0,,,,,
F5D6C3D3C4F4E6F6E3C5C6B6C7B5E7D7B4F3F7F8C8F2E2A3G6G5H4H5G3G4H3B3F1E8H6G2D8,1.0,1.0,,,,,,
F5D6C3D3C4F4E6F6E3C5C6B5D7E7B6B3F8C7A4C8B4,1.0,5.0,134.0,,,,,
F5D6C3D3C4F4E6F6E3C5C6B5D7E7B6B3F8C7A4C8B4D8,1.0,5.0,135.0,262.0,,,,
F5D6C3D3C4F4E6F6E3C5C6B5D7E7B6B3F8C7A4C8B4D8G3,2.0,2.0,136.0,218.0,,,,
F5D6C3D3C4F4E6F6E3C5C6B5D7E7B6B3F8C7A4C8B4D8G3D2,1.0,4.0,137.0,187.0,748.0,,,
F5D6C3D3C4F4E6F6E3C5C6B5D7E7B6B3F8C7A4C8B4D8G3D2E2,2.0,1.0,138.0,,,,,
F5D6C3D3C4F4E6F6E3C5C6B5D7E7B6B3F8C7A4C8B4D8G3D2E2A6,2.0,1.0,139.0,,,,,
F5D6C3D3C4F4E6F6E3C5C6B5D7E7B6B3F8C7A4C8B4D8G3D2E2A6A3,2.0,1.0,140.0,786.0,,,,
F5D6C3D3C4F4E6F6E3C5C6B5D7E7B6B3F8C7A4C8B4D8G3D2E2A6A3F3,1.0,2.0,141.0,175.0,,,,
F5D6C3D3C4F4E6F6E3C5C6B5D7E7B6B3F8C7A4C8B4D8G3D2E2A6A3F3G4,1.0,1.0,142.0,,,,,
F5D6C3D3C4F4E6F6E3C5C6B5D7E7B6B3F8C7A4C8B4D8G3D2E2A6A3F3G4C2,1.0,1.0,,,,,,
F5D6C3D3C4F4E6F6E3C5C6B6C7B5E7D7F7F3D8F2E2C8B4,1.0,3.0,144.0,,,,,
F5D6C3D3C4F4E6F6E3C5C6B6C7B5E7D7F7F3D8F2E2C8B4F8,1.0,3.0,145.0,,,,,
F5D6C3D3C4F4E6F6E3C5C6B6C7B5E7D7F7F3D8F2E2C8B4F8G4,1.0,3.0,146.0,,,,,
F5D6C3D3C4F4E6F6E3C5C6B6C7B5E7D7F7F3D8F2E2C8B4F8G4E8,1.0,3.0,147.0,,,,,
F5D6C3D3C4F4E6F6E3C5C6B6C7B5E7D7F7F3D8F2E2C8B4F8G4E8A5,1.0,3.0,148.0,,,,,
F5D6C3D3C4F4E6F6E3C5C6B6C7B5E7D7F7F3D8F2E2C8B4F8G4E8A5H3,1.0,3.0,149.0,599.0,720.0,,,
F5D6C3D3C4F4E6F6E3C5C6B6C7B5E7D7F7F3D8F2E2C8B4F8G4E8A5H3H5,2.0,1.0,150.0,,,,,
F5D6C3D3C4F4E6F6E3C5C6B6C7B5E7D7F7F3D8F2E2C8B4F8G4E8A5H3H5A3,2.0,1.0,151.0,,,,,
F5D6C3D3C4F4E6F6E3C5C6B6C7B5E7D7F7F3D8F2E2C8B4F8G4E8A5H3H5A3A7,2.0,1.0,152.0,522.0,,,,
F5D6C3D3C4F4E6F6E3C5C6B6C7B5E7D7F7F3D8F2E2C8B4F8G4E8A5H3H5A3A7A6,1.0,1.0,153.0,,,,,
F5D6C3D3C4F4E6F6E3C5C6B6C7B5E7D7F7F3D8F2E2C8B4F8G4E8A5H3H5A3A7A6A4,1.0,1.0,,,,,,
F5D6C3D3C4F4E6F6E3C5C6B5D7E7B6B3F8C7A4C8E8F7B4A6D8G8B7F3G3G5D2D1G4,4.0,1.0,155.0,,,,,
F5D6C3D3C4F4E6F6E3C5C6B5D7E7B6B3F8C7A4C8E8F7B4A6D8G8B7F3G3G5D2D1G4H5,4.0,1.0,156.0,,,,,
F5D6C3D3C4F4E6F6E3C5C6B5D7E7B6B3F8C7A4C8E8F7B4A6D8G8B7F3G3G5D2D1G4H5E2,4.0,1.0,157.0,302.0,,,,
F5D6C3D3C4F4E6F6E3C5C6B5D7E7B6B3F8C7A4C8E8F7B4A6D8G8B7F3G3G5D2D1G4H5E2F2,1.0,1.0,158.0,,,,,
F5D6C3D3C4F4E6F6E3C5C6B5D7E7B6B3F8C7A4C8E8F7B4A6D8G8B7F3G3G5D2D1G4H5E2F2C1,1.0,1.0,159.0,,,,,
F5D6C3D3C4F4E6F6E3C5C6B5D7E7B6B3F8C7A4C8E8F7B4A6D8G8B7F3G3G5D2D1G4H5E2F2C1C2,1.0,1.0,160.0,,,,,
F5D6C3D3C4F4E6F6E3C5C6B5D7E7B6B3F8C7A4C8E8F7B4A6D8G8B7F3G3G5D2D1G4H5E2F2C1C2B8,1.0,1.0,161.0,,,,,
F5D6C3D3C4F4E6F6E3C5C6B5D7E7B6B3F8C7A4C8E8F7B4A6D8G8B7F3G3G5D2D1G4H5E2F2C1C2B8A8,1.0,1.0,,,,,,
F5D6C3D3C4F4E6F6E3C5C6B5D7E7B6B3F8C7A4E8,1.0,3.0,163.0,,,,,
F5D6C3D3C4F4E6F6E3C5C6B5D7E7B6B3F8C7A4E8D8,1.0,3.0,164.0,,,,,
F5D6C3D3C4F4E6F6E3C5C6B5D7E7B6B3F8C7A4E8D8F2,1.0,3.0,165.0,,,,,
F5D6C3D3C4F4E6F6E3C5C6B5D7E7B6B3F8C7A4E8D8F2F3,1.0,3.0,166.0,,,,,
F5D6C3D3C4F4E6F6E3C5C6B5D7E7B6B3F8C7A4E8D8F2F3A5,1.0,3.0,167.0,,,,,
F5D6C3D3C4F4E6F6E3C5C6B5D7E7B6B3F8C7A4E8D8F2F3A5A3,1.0,3.0,168.0,,,,,
F5D6C3D3C4F4E6F6E3C5C6B5D7E7B6B3F8C7A4E8D8F2F3A5A3A6,1.0,3.0,169.0,375.0,,,,
F5D6C3D3C4F4E6F6E3C5C6B5D7E7B6B3F8C7A4E8D8F2F3A5A3A6B4,1.0,2.0,170.0,,,,,
F5D6C3D3C4F4E6F6E3C5C6B5D7E7B6B3F8C7A4E8D8F2F3A5A3A6B4A2,1.0,2.0,171.0,626.0,,,,
F5D6C3D3C4F4E6F6E3C5C6B5D7E7B6B3F8C7A4E8D8F2F3A5A3A6B4A2G3,4.0,1.0,172.0,226.0,488.0,,,
F5D6C3D3C4F4E6F6E3C5C6B5D7E7B6B3F8C7A4E8D8F2F3A5A3A6B4A2G3H4,1.0,2.0,173.0,759.0,,,,
F5D6C3D3C4F4E6F6E3C5C6B5D7E7B6B3F8C7A4E8D8F2F3A5A3A6B4A2G3H4G4,1.0,1.0,174.0,,,,,
F5D6C3D3C4F4E6F6E3C5C6B5D7E7B6B3F8C7A4E8D8F2F3A5A3A6B4A2G3H4G4F7,1.0,1.0,,,,,,
F5D6C3D3C4F4E6F6E3C5C6B5D7E7B6B3F8C7A4C8B4D8G3D2E2A6A3F3F7,1.0,1.0,176.0,,,,,
F5D6C3D3C4F4E6F6E3C5C6B5D7E7B6B3F8C7A4C8B4D8G3D2E2A6A3F3F7H3,1.0,1.0,177.0,,,,,
F5D6C3D3C4F4E6F6E3C5C6B5D7E7B6B3F8C7A4C8B4D8G3D2E2A6A3F3F7H3G5,1.0,1.0,,,,,,
F5D6C3D3C4F4E6F6E3C5C6B5D7E7B6B3F8C7A4C8E8F7B4A6D8G8B7F3G3G5D2C1,4.0,1.0,179.0,,,,,
F5D6C3D3C4F4E6F6E3C5C6B5D7E7B6B3F8C7A4C8E8F7B4A6D8G8B7F3G3G5D2C1E1,4.0,1.0,180.0,574.0,,,,
F5D6C3D3C4F4E6F6E3C5C6B5D7E7B6B3F8C7A4C8E8F7B4A6D8G8B7F3G3G5D2C1E1A8,3.0,1.0,181.0,,,,,
F5D6C3D3C4F4E6F6E3C5C6B5D7E7B6B3F8C7A4C8E8F7B4A6D8G8B7F3G3G5D2C1E1A8G4,3.0,1.0,182.0,752.0,,,,
F5D6C3D3C4F4E6F6E3C5C6B5D7E7B6B3F8C7A4C8E8F7B4A6D8G8B7F3G3G5D2C1E1A8G4C2,2.0,2.0,183.0,409.0,,,,
F5D6C3D3C4F4E6F6E3C5C6B5D7E7B6B3F8C7A4C8E8F7B4A6D8G8B7F3G3G5D2C1E1A8G4C2H6,2.0,1.0,184.0,,,,,
F5D6C3D3C4F4E6F6E3C5C6B5D7E7B6B3F8C7A4C8E8F7B4A6D8G8B7F3G3G5D2C1E1A8G4C2H6D1,2.0,1.0,185.0,,,,,
F5D6C3D3C4F4E6F6E3C5C6B5D7E7B6B3F8C7A4C8E8F7B4A6D8G8B7F3G3G5D2C1E1A8G4C2H6D1B1,2.0,1.0,186.0,314.0,,,,
F5D6C3D3C4F4E6F6E3C5C6B5D7E7B6B3F8C7A4C8E8F7B4A6D8G8B7F3G3G5D2C1E1A8G4C2H6D1B1E2,1.0,1.0,,,,,,
F5D6C3D3C4F4E6F6E3C5C6B5D7E7B6B3F8C7A4C8B4D8G3D2A3,2.0,2.0,188.0,776.0,,,,
F5D6C3D3C4F4E6F6E3C5C6B5D7E7B6B3F8C7A4C8B4D8G3D2A3E2,1.0,3.0,189.0,525.0,572.0,,,
F5D6C3D3C4F4E6F6E3C5C6B5D7E7B6B3F8C7A4C8B4D8G3D2A3E2F3,1.0,1.0,190.0,,,,,
F5D6C3D3C4F4E6F6E3C5C6B5D7E7B6B3F8C7A4C8B4D8G3D2A3E2F3C2,1.0,1.0,191.0,,,,,
F5D6C3D3C4F4E6F6E3C5C6B5D7E7B6B3F8C7A4C8B4D8G3D2A3E2F3C2G6,1.0,1.0,,,,,,
F5D6C3D3C4F4E6F6E3C5C6B5D7E7B6B3F8C8D8D2A3C7C2,1.0,2.0,193.0,,,,,
F5D6C3D3C4F4E6F6E3C5C6B5D7E7B6B3F8C8D8D2A3C7C2F3,1.0,2.0,194.0,804.0,,,,
F5D6C3D3C4F4E6F6E3C5C6B5D7E7B6B3F8C8D8D2A3C7C2F3A6,1.0,1.0,195.0,,,,,
F5D6C3D3C4F4E6F6E3C5C6B5D7E7B6B3F8C8D8D2A3C7C2F3A6B4,1.0,1.0,196.0,,,,,
F5D6C3D3C4F4E6F6E3C5C6B5D7E7B6B3F8C8D8D2A3C7C2F3A6B4F7,1.0,1.0,,,,,,
F5D6C3D3C4F4E6F6E3C5C6B5D7E7B6B3F8C7A4C8D8,1.0,2.0,198.0,,,,,
F5D6C3D3C4F4E6F6E3C5C6B5D7E7B6B3F8C7A4C8D8A5,1.0,2.0,199.0,,,,,
F5D6C3D3C4F4E6F6E3C5C6B5D7E7B6B3F8C7A4C8D8A5A6,1.0,2.0,200.0,,,,,
F5D6C3D3C4F4E6F6E3C5C6B5D7E7B6B3F8C7A4C8D8A5A6B4,1.0,2.0,201.0,,,,,
F5D6C3D3C4F4E6F6E3C5C6B5D7E7B6B3F8C7A4C8D8A5A6B4F3,1.0,2.0,202.0,,,,,
F5D6C3D3C4F4E6F6E3C5C6B5D7E7B6B3F8C7A4C8D8A5A6B4F3E2,1.0,2.0,203.0,,,,,
F5D6C3D3C4F4E6F6E3C5C6B5D7E7B6B3F8C7A4C8D8A5A6B4F3E2D2,1.0,2.0,204.0,,,,,
F5D6C3D3C4F4E6F6E3C5C6B5D7E7B6B3F8C7A4C8D8A5A6B4F3E2D2G4,1.0,2.0,205.0,350.0,,,,
F5D6C3D3C4F4E6F6E3C5C6B5D7E7B6B3F8C7A4C8D8A5A6B4F3E2D2G4F2,1.0,1.0,,,,,,
F5D6C3D3C4F4E6F6E3C5C6B5D7E7B6B3F8C7A4C8E8F7B4A6D8G8B7F3G3G5D2D1E2A8,1.0,3.0,207.0,,,,,
F5D6C3D3C4F4E6F6E3C5C6B5D7E7B6B3F8C7A4C8E8F7B4A6D8G8B7F3G3G5D2D1E2A8B8,1.0,3.0,208.0,,,,,
F5D6C3D3C4F4E6F6E3C5C6B5D7E7B6B3F8C7A4C8E8F7B4A6D8G8B7F3G3G5D2D1E2A8B8A7,1.0,3.0,209.0,622.0,808.0,,,
F5D6C3D3C4F4E6F6E3C5C6B5D7E7B6B3F8C7A4C8E8F7B4A6D8G8B7F3G3G5D2D1E2A8B8A7G6,1.0,1.0,,,,,,
F5D6C3D3C4F4E6F6E3C5C6B6C7B5E7D7F7F3D8F2A4,1.0,6.0,211.0,,,,,
F5D6C3D3C4F4E6F6E3C5C6B6C7B5E7D7F7F3D8F2A4A5,1.0,6.0,212.0,276.0,,,,
F5D6C3D3C4F4E6F6E3C5C6B6C7B5E7D7F7F3D8F2A4A5E2,1.0,3.0,213.0,,,,,
F5D6C3D3C4F4E6F6E3C5C6B6C7B5E7D7F7F3D8F2A4A5E2B3,1.0,3.0,214.0,,,,,
F5D6C3D3C4F4E6F6E3C5C6B6C7B5E7D7F7F3D8F2A4A5E2B3B4,1.0,3.0,215.0,,,,,
F5D6C3D3C4F4E6F6E3C5C6B6C7B5E7D7F7F3D8F2A4A5E2B3B4A3,1.0,3.0,216.0,430.0,,,,
F5D6C3D3C4F4E6F6E3C5C6B6C7B5E7D7F7F3D8F2A4A5E2B3B4A3C2,1.0,1.0,,,,,,
F5D6C3D3C4F4E6F6E3C5C6B5D7E7B6B3F8C7A4C8E8F7B4A6D8G8B7F3G3G5D2D1E2F2G6,1.0,1.0,,,,,,
F5D6C3D3C4F4E6F6E3C5C6B5D7E7B6B3F8C7A4C8B4D8G3A6,1.0,2.0,219.0,,,,,
F5D6C3D3C4F4E6F6E3C5C6B5D7E7B6B3F8C7A4C8B4D8G3A6A3,1.0,2.0,220.0,,,,,
F5D6C3D3C4F4E6F6E3C5C6B5D7E7B6B3F8C7A4C8B4D8G3A6A3A5,1.0,2.0,221.0,324.0,,,,
F5D6C3D3C4F4E6F6E3C5C6B5D7E7B6B3F8C7A4C8B4D8G3A6A3A5A7,1.0,1.0,222.0,,,,,
F5D6C3D3C4F4E6F6E3C5C6B5D7E7B6B3F8C7A4C8B4D8G3A6A3A5A7F3,1.0,1.0,223.0,,,,,
F5D6C3D3C4F4E6F6E3C5C6B5D7E7B6B3F8C7A4C8B4D8G3A6A3A5A7F3F7,1.0,1.0,224.0,,,,,
F5D6C3D3C4F4E6F6E3C5C6B5D7E7B6B3F8C7A4C8B4D8G3A6A3A5A7F3F7H3,1.0,1.0,225.0,,,,,
F5D6C3D3C4F4E6F6E3C5C6B5D7E7B6B3F8C7A4C8B4D8G3A6A3A5A7F3F7H3G4,1.0,1.0,,,,,,
F5D6C3D3C4F4E6F6E3C5C6B5D7E7B6B3F8C7A4E8D8F2F3A5A3A6B4A2G3E2,1.0,2.0,227.0,791.0,,,,
F5D6C3D3C4F4E6F6E3C5C6B5D7E7B6B3F8C7A4E8D8F2F3A5A3A6B4A2G3E2G5,1.0,1.0,228.0,,,,,
F5D6C3D3C4F4E6F6E3C5C6B5D7E7B6B3F8C7A4E8D8F2F3A5A3A6B4A2G3E2G5C2,1.0,1.0,,,,,,
F5D6C3D3C4F4E6F6E3C5C6B6C7B5E7D7F7F3C8B4B3F2E2D1A3D2C2A5G4,1.0,4.0,230.0,,,,,
F5D6C3D3C4F4E6F6E3C5C6B6C7B5E7D7F7F3C8B4B3F2E2D1A3D2C2A5G4C1,1.0,4.0,231.0,775.0,,,,
F5D6C3D3C4F4E6F6E3C5C6B6C7B5E7D7F7F3C8B4B3F2E2D1A3D2C2A5G4C1G6,1.0,3.0,232.0,,,,,
F5D6C3D3C4F4E6F6E3C5C6B6C7B5E7D7F7F3C8B4B3F2E2D1A3D2C2A5G4C1G6H5,1.0,3.0,233.0,617.0,,,,
F5D6C3D3C4F4E6F6E3C5C6B6C7B5E7D7F7F3C8B4B3F2E2D1A3D2C2A5G4C1G6H5A7,1.0,2.0,234.0,,,,,
F5D6C3D3C4F4E6F6E3C5C6B6C7B5E7D7F7F3C8B4B3F2E2D1A3D2C2A5G4C1G6H5A7G5,1.0,2.0,235.0,510.0,,,,
F5D6C3D3C4F4E6F6E3C5C6B6C7B5E7D7F7F3C8B4B3F2E2D1A3D2C2A5G4C1G6H5A7G5B2,1.0,1.0,,,,,,
F5D6C3D3C4F4E6F6E3C5C6B5D7E7B6B3F8C8C7,1.0,2.0,237.0,,,,,
F5D6C3D3C4F4E6F6E3C5C6B5D7E7B6B3F8C8C7D2,1.0,2.0,238.0,493.0,,,,
F5D6C3D3C4F4E6F6E3C5C6B5D7E7B6B3F8C8C7D2F3,1.0,1.0,239.0,,,,,
F5D6C3D3C4F4E6F6E3C5C6B5D7E7B6B3F8C8C7D2F3B4,1.0,1.0,240.0,,,,,
F5D6C3D3C4F4E6F6E3C5C6B5D7E7B6B3F8C8C7D2F3B4A5,1.0,1.0,241.0,,,,,
F5D6C3D3C4F4E6F6E3C5C6B5D7E7B6B3F8C8C7D2F3B4A5C2,1.0,1.0,,,,,,
F5D6C3D3C4F4E6F6E3C5C6B5D7E7B6B3F8C8D8D2D1C1B1,1.0,2.0,243.0,,,,,
F5D6C3D3C4F4E6F6E3C5C6B5D7E7B6B3F8C8D8D2D1C1B1E2,1.0,2.0,244.0,513.0,,,,
F5D6C3D3C4F4E6F6E3C5C6B5D7E7B6B3F8C8D8D2D1C1B1E2C2,1.0,1.0,245.0,,,,,
F5D6C3D3C4F4E6F6E3C5C6B5D7E7B6B3F8C8D8D2D1C1B1E2C2B4,1.0,1.0,246.0,,,,,
F5D6C3D3C4F4E6F6E3C5C6B5D7E7B6B3F8C8D8D2D1C1B1E2C2B4F7,1.0,1.0,247.0,,,,,
F5D6C3D3C4F4E6F6E3C5C6B5D7E7B6B3F8C8D8D2D1C1B1E2C2B4F7C7,1.0,1.0,,,,,,
F5D6C3D3C4F4E6F6E3C5C6B5D7E7B6B3F8C8D8D2C2,1.0,1.0,249.0,,,,,
F5D6C3D3C4F4E6F6E3C5C6B5D7E7B6B3F8C8D8D2C2B4,1.0,1.0,250.0,,,,,
F5D6C3D3C4F4E6F6E3C5C6B5D7E7B6B3F8C8D8D2C2B4F3,1.0,1.0,,,,,,
F5D6C3D3C4F4E6F6E3C5C6B6C7B5E7D7F7F3C8B4B3F2E2D1A3A4,1.0,3.0,252.0,,,,,
F5D6C3D3C4F4E6F6E3C5C6B6C7B5E7D7F7F3C8B4B3F2E2D1A3A4E1,1.0,3.0,253.0,,,,,
F5D6C3D3C4F4E6F6E3C5C6B6C7B5E7D7F7F3C8B4B3F2E2D1A3A4E1F1,1.0,3.0,254.0,772.0,,,,
F5D6C3D3C4F4E6F6E3C5C6B6C7B5E7D7F7F3C8B4B3F2E2D1A3A4E1F1A6,1.0,2.0,255.0,,,,,
F5D6C3D3C4F4E6F6E3C5C6B6C7B5E7D7F7F3C8B4B3F2E2D1A3A4E1F1A6A2,1.0,2.0,256.0,621.0,,,,
F5D6C3D3C4F4E6F6E3C5C6B6C7B5E7D7F7F3C8B4B3F2E2D1A3A4E1F1A6A2G4,1.0,1.0,257.0,,,,,
F5D6C3D3C4F4E6F6E3C5C6B6C7B5E7D7F7F3C8B4B3F2E2D1A3A4E1F1A6A2G4G5,1.0,1.0,258.0,,,,,
F5D6C3D3C4F4E6F6E3C5C6B6C7B5E7D7F7F3C8B4B3F2E2D1A3A4E1F1A6A2G4G5G3,1.0,1.0,259.0,,,,,
F5D6C3D3C4F4E6F6E3C5C6B6C7B5E7D7F7F3C8B4B3F2E2D1A3A4E1F1A6A2G4G5G3D2,1.0,1.0,260.0,,,,,
F5D6C3D3C4F4E6F6E3C5C6B6C7B5E7D7F7F3C8B4B3F2E2D1A3A4E1F1A6A2G4G5G3D2H4,1.0,1.0,261.0,,,,,
F5D6C3D3C4F4E6F6E3C5C6B6C7B5E7D7F7F3C8B4B3F2E2D1A3A4E1F1A6A2G4G5G3D2H4H6,1.0,1.0,,,,,,
F5D6C3D3C4F4E6F6E3C5C6B5D7E7B6B3F8C7A4C8B4D8F7,1.0,3.0,263.0,,,,,
F5D6C3D3C4F4E6F6E3C5C6B5D7E7B6B3F8C7A4C8B4D8F7A6,1.0,3.0,264.0,269.0,,,,
F5D6C3D3C4F4E6F6E3C5C6B5D7E7B6B3F8C7A4C8B4D8F7A6A3,2.0,1.0,265.0,683.0,,,,
F5D6C3D3C4F4E6F6E3C5C6B5D7E7B6B3F8C7A4C8B4D8F7A6A3F3,1.0,3.0,266.0,,,,,
F5D6C3D3C4F4E6F6E3C5C6B5D7E7B6B3F8C7A4C8B4D8F7A6A3F3G3,1.0,3.0,267.0,,,,,
F5D6C3D3C4F4E6F6E3C5C6B5D7E7B6B3F8C7A4C8B4D8F7A6A3F3G3F2,1.0,3.0,268.0,591.0,618.0,,,
F5D6C3D3C4F4E6F6E3C5C6B5D7E7B6B3F8C7A4C8B4D8F7A6A3F3G3F2E1,1.0,1.0,,,,,,
F5D6C3D3C4F4E6F6E3C5C6B5D7E7B6B3F8C7A4C8B4D8F7A6G4,1.0,2.0,270.0,,,,,
F5D6C3D3C4F4E6F6E3C5C6B5D7E7B6B3F8C7A4C8B4D8F7A6G4A5,1.0,2.0,271.0,,,,,
F5D6C3D3C4F4E6F6E3C5C6B5D7E7B6B3F8C7A4C8B4D8F7A6G4A5A3,1.0,2.0,272.0,,,,,
F5D6C3D3C4F4E6F6E3C5C6B5D7E7B6B3F8C7A4C8B4D8F7A6G4A5A3H3,1.0,2.0,273.0,608.0,,,,
F5D6C3D3C4F4E6F6E3C5C6B5D7E7B6B3F8C7A4C8B4D8F7A6G4A5A3H3A7,2.0,1.0,274.0,838.0,,,,
F5D6C3D3C4F4E6F6E3C5C6B5D7E7B6B3F8C7A4C8B4D8F7A6G4A5A3H3A7G3,1.0,1.0,275.0,,,,,
F5D6C3D3C4F4E6F6E3C5C6B5D7E7B6B3F8C7A4C8B4D8F7A6G4A5A3H3A7G3G6,1.0,1.0,,,,,,
F5D6C3D3C4F4E6F6E3C5C6B6C7B5E7D7F7F3D8F2A4A5B4,1.0,3.0,277.0,,,,,
F5D6C3D3C4F4E6F6E3C5C6B6C7B5E7D7F7F3D8F2A4A5B4A3,1.0,3.0,278.0,590.0,,,,
F5D6C3D3C4F4E6F6E3C5C6B6C7B5E7D7F7F3D8F2A4A5B4A3E2,1.0,2.0,279.0,,,,,
F5D6C3D3C4F4E6F6E3C5C6B6C7B5E7D7F7F3D8F2A4A5B4A3E2D1,1.0,2.0,280.0,827.0,,,,
F5D6C3D3C4F4E6F6E3C5C6B6C7B5E7D7F7F3D8F2A4A5B4A3E2D1G6,1.0,1.0,,,,,,
F5D6C3D3C4F4E6F6E3C5C6B6C7B5E7D7B4F3F7F8C8F2G4,1.0,1.0,,,,,,
F5D6C3D3C4F4E6F6E3C5C6B6C7B5D7,5.0,1.0,283.0,,,,,
F5D6C3D3C4F4E6F6E3C5C6B6C7B5D7E7,5.0,1.0,284.0,,,,,
F5D6C3D3C4F4E6F6E3C5C6B6C7B5D7E7E8,5.0,1.0,285.0,,,,,
F5D6C3D3C4F4E6F6E3C5C6B6C7B5D7E7E8B4,5.0,1.0,286.0,,,,,
F5D6C3D3C4F4E6F6E3C5C6B6C7B5D7E7E8B4B3,5.0,1.0,287.0,,,,,
F5D6C3D3C4F4E6F6E3C5C6B6C7B5D7E7E8B4B3F2,5.0,1.0,288.0,,,,,
F5D6C3D3C4F4E6F6E3C5C6B6C7B5D7E7E8B4B3F2F3,5.0,1.0,289.0,709.0,,,,
F5D6C3D3C4F4E6F6E3C5C6B6C7B5D7E7E8B4B3F2F3C2,4.0,2.0,290.0,,,,,
F5D6C3D3C4F4E6F6E3C5C6B6C7B5D7E7E8B4B3F2F3C2G6,4.0,2.0,291.0,,,,,
F5D6C3D3C4F4E6F6E3C5C6B6C7B5D7E7E8B4B3F2F3C2G6E2,4.0,2.0,292.0,307.0,,,,
F5D6C3D3C4F4E6F6E3C5C6B6C7B5D7E7E8B4B3F2F3C2G6E2A6,4.0,1.0,293.0,420.0,,,,
F5D6C3D3C4F4E6F6E3C5C6B6C7B5D7E7E8B4B3F2F3C2G6E2A6F7,3.0,1.0,294.0,,,,,
F5D6C3D3C4F4E6F6E3C5C6B6C7B5D7E7E8B4B3F2F3C2G6E2A6F7A3,3.0,1.0,295.0,582.0,,,,
F5D6C3D3C4F4E6F6E3C5C6B6C7B5D7E7E8B4B3F2F3C2G6E2A6F7A3A5,2.0,1.0,296.0,,,,,
F5D6C3D3C4F4E6F6E3C5C6B6C7B5D7E7E8B4B3F2F3C2G6E2A6F7A3A5A4,2.0,1.0,297.0,771.0,,,,
F5D6C3D3C4F4E6F6E3C5C6B6C7B5D7E7E8B4B3F2F3C2G6E2A6F7A3A5A4G3,1.0,1.0,298.0,,,,,
F5D6C3D3C4F4E6F6E3C5C6B6C7B5D7E7E8B4B3F2F3C2G6E2A6F7A3A5A4G3G4,1.0,1.0,,,,,,
F5D6C3D3C4F4E6F6E3C5C6B5D7E7B6B3F8C8D8D2A3C7A4F3,1.0,2.0,300.0,789.0,,,,
F5D6C3D3C4F4E6F6E3C5C6B5D7E7B6B3F8C8D8D2A3C7A4F3B4,1.0,1.0,301.0,,,,,
F5D6C3D3C4F4E6F6E3C5C6B5D7E7B6B3F8C8D8D2A3C7A4F3B4C2,1.0,1.0,,,,,,
F5D6C3D3C4F4E6F6E3C5C6B5D7E7B6B3F8C7A4C8E8F7B4A6D8G8B7F3G3G5D2D1G4H5E2E1,3.0,1.0,303.0,,,,,
F5D6C3D3C4F4E6F6E3C5C6B5D7E7B6B3F8C7A4C8E8F7B4A6D8G8B7F3G3G5D2D1G4H5E2E1F2,3.0,1.0,304.0,372.0,,,,
F5D6C3D3C4F4E6F6E3C5C6B5D7E7B6B3F8C7A4C8E8F7B4A6D8G8B7F3G3G5D2D1G4H5E2E1F2B2,1.0,1.0,305.0,,,,,
F5D6C3D3C4F4E6F6E3C5C6B5D7E7B6B3F8C7A4C8E8F7B4A6D8G8B7F3G3G5D2D1G4H5E2E1F2B2F1,1.0,1.0,306.0,,,,,
F5D6C3D3C4F4E6F6E3C5C6B5D7E7B6B3F8C7A4C8E8F7B4A6D8G8B7F3G3G5D2D1G4H5E2E1F2B2F1C2,1.0,1.0,,,,,,
F5D6C3D3C4F4E6F6E3C5C6B6C7B5D7E7E8B4B3F2F3C2G6E2G4,6.0,1.0,308.0,366.0,,,,
F5D6C3D3C4F4E6F6E3C5C6B6C7B5D7E7E8B4B3F2F3C2G6E2G4C8,3.0,1.0,309.0,,,,,
F5D6C3D3C4F4E6F6E3C5C6B6C7B5D7E7E8B4B3F2F3C2G6E2G4C8G3,3.0,1.0,310.0,797.0,,,,
F5D6C3D3C4F4E6F6E3C5C6B6C7B5D7E7E8B4B3F2F3C2G6E2G4C8G3D8,2.0,1.0,311.0,,,,,
F5D6C3D3C4F4E6F6E3C5C6B6C7B5D7E7E8B4B3F2F3C2G6E2G4C8G3D8A5,2.0,1.0,312.0,682.0,,,,
F5D6C3D3C4F4E6F6E3C5C6B6C7B5D7E7E8B4B3F2F3C2G6E2G4C8G3D8A5A6,1.0,1.0,313.0,,,,,
F5D6C3D3C4F4E6F6E3C5C6B6C7B5D7E7E8B4B3F2F3C2G6E2G4C8G3D8A5A6F1,1.0,1.0,,,,,,
F5D6C3D3C4F4E6F6E3C5C6B5D7E7B6B3F8C7A4C8E8F7B4A6D8G8B7F3G3G5D2C1E1A8G4C2H6D1B1H5,1.0,1.0,,,,,,
F5D6C3D3C4F4E6F6E3C5C6B5D7E7B6B3F8C7A4C8E8F7B4A6D8G8B7F3G3G5D2A8G4C1C2,1.0,3.0,316.0,,,,,
F5D6C3D3C4F4E6F6E3C5C6B5D7E7B6B3F8C7A4C8E8F7B4A6D8G8B7F3G3G5D2A8G4C1C2A3,1.0,3.0,317.0,557.0,,,,
F5D6C3D3C4F4E6F6E3C5C6B5D7E7B6B3F8C7A4C8E8F7B4A6D8G8B7F3G3G5D2A8G4C1C2A3B8,2.0,1.0,318.0,,,,,
F5D6C3D3C4F4E6F6E3C5C6B5D7E7B6B3F8C7A4C8E8F7B4A6D8G8B7F3G3G5D2A8G4C1C2A3B8D1,2.0,1.0,319.0,,,,,
F5D6C3D3C4F4E6F6E3C5C6B5D7E7B6B3F8C7A4C8E8F7B4A6D8G8B7F3G3G5D2A8G4C1C2A3B8D1B1,2.0,1.0,320.0,512.0,,,,
F5D6C3D3C4F4E6F6E3C5C6B5D7E7B6B3F8C7A4C8E8F7B4A6D8G8B7F3G3G5D2A8G4C1C2A3B8D1B1A7,1.0,1.0,,,,,,
F5D6C3D3C4F4E6F6E3C5C6B5D7E7B6B3F8C8A5,2.0,1.0,322.0,533.0,,,,
F5D6C3D3C4F4E6F6E3C5C6B5D7E7B6B3F8C8A5F7,1.0,1.0,323.0,,,,,
F5D6C3D3C4F4E6F6E3C5C6B5D7E7B6B3F8C8A5F7B4,1.0,1.0,,,,,,
F5D6C3D3C4F4E6F6E3C5C6B5D7E7B6B3F8C7A4C8B4D8G3A6A3A5G5,3.0,1.0,325.0,415.0,650.0,,,
F5D6C3D3C4F4E6F6E3C5C6B5D7E7B6B3F8C7A4C8B4D8G3A6A3A5G5A2,1.0,2.0,326.0,484.0,,,,
F5D6C3D3C4F4E6F6E3C5C6B5D7E7B6B3F8C7A4C8B4D8G3A6A3A5G5A2E8,1.0,1.0,,,,,,
F5D6C3D3C4F4E6F6E3C5C6B5D7E7B6B3F8C7A4C8E8F7B4A6D8G8B7F3G3G5D2A8G4C2H5,1.0,3.0,328.0,,,,,
F5D6C3D3C4F4E6F6E3C5C6B5D7E7B6B3F8C7A4C8E8F7B4A6D8G8B7F3G3G5D2A8G4C2H5C1,1.0,3.0,329.0,538.0,,,,
F5D6C3D3C4F4E6F6E3C5C6B5D7E7B6B3F8C7A4C8E8F7B4A6D8G8B7F3G3G5D2A8G4C2H5C1A3,1.0,1.0,330.0,,,,,
F5D6C3D3C4F4E6F6E3C5C6B5D7E7B6B3F8C7A4C8E8F7B4A6D8G8B7F3G3G5D2A8G4C2H5C1A3H4,1.0,1.0,331.0,,,,,
F5D6C3D3C4F4E6F6E3C5C6B5D7E7B6B3F8C7A4C8E8F7B4A6D8G8B7F3G3G5D2A8G4C2H5C1A3H4B8,1.0,1.0,332.0,,,,,
F5D6C3D3C4F4E6F6E3C5C6B5D7E7B6B3F8C7A4C8E8F7B4A6D8G8B7F3G3G5D2A8G4C2H5C1A3H4B8H3,1.0,1.0,,,,,,
F5D6C3D3C4F4E6F6E3C5C6B6C7B5E7D7F7F3B4,1.0,5.0,334.0,,,,,
F5D6C3D3C4F4E6F6E3C5C6B6C7B5E7D7F7F3B4F8,1.0,5.0,335.0,545.0,,,,
F5D6C3D3C4F4E6F6E3C5C6B6C7B5E7D7F7F3B4F8C8,1.0,4.0,336.0,,,,,
F5D6C3D3C4F4E6F6E3C5C6B6C7B5E7D7F7F3B4F8C8F2,1.0,4.0,337.0,357.0,,,,
F5D6C3D3C4F4E6F6E3C5C6B6C7B5E7D7F7F3B4F8C8F2E2,1.0,3.0,338.0,,,,,
F5D6C3D3C4F4E6F6E3C5C6B6C7B5E7D7F7F3B4F8C8F2E2A3,1.0,3.0,339.0,,,,,
F5D6C3D3C4F4E6F6E3C5C6B6C7B5E7D7F7F3B4F8C8F2E2A3G6,1.0,3.0,340.0,,,,,
F5D6C3D3C4F4E6F6E3C5C6B6C7B5E7D7F7F3B4F8C8F2E2A3G6G5,1.0,3.0,341.0,607.0,,,,
F5D6C3D3C4F4E6F6E3C5C6B6C7B5E7D7F7F3B4F8C8F2E2A3G6G5H4,1.0,2.0,342.0,,,,,
F5D6C3D3C4F4E6F6E3C5C6B6C7B5E7D7F7F3B4F8C8F2E2A3G6G5H4H5,1.0,2.0,343.0,,,,,
F5D6C3D3C4F4E6F6E3C5C6B6C7B5E7D7F7F3B4F8C8F2E2A3G6G5H4H5G3,1.0,2.0,344.0,,,,,
F5D6C3D3C4F4E6F6E3C5C6B6C7B5E7D7F7F3B4F8C8F2E2A3G6G5H4H5G3G4,1.0,2.0,345.0,,,,,
F5D6C3D3C4F4E6F6E3C5C6B6C7B5E7D7F7F3B4F8C8F2E2A3G6G5H4H5G3G4H3,1.0,2.0,346.0,,,,,
F5D6C3D3C4F4E6F6E3C5C6B6C7B5E7D7F7F3B4F8C8F2E2A3G6G5H4H5G3G4H3B3,1.0,2.0,347.0,,,,,
F5D6C3D3C4F4E6F6E3C5C6B6C7B5E7D7F7F3B4F8C8F2E2A3G6G5H4H5G3G4H3B3F1,1.0,2.0,348.0,,,,,
F5D6C3D3C4F4E6F6E3C5C6B6C7B5E7D7F7F3B4F8C8F2E2A3G6G5H4H5G3G4H3B3F1E8,1.0,2.0,349.0,454.0,,,,
F5D6C3D3C4F4E6F6E3C5C6B6C7B5E7D7F7F3B4F8C8F2E2A3G6G5H4H5G3G4H3B3F1E8D8,1.0,1.0,,,,,,
F5D6C3D3C4F4E6F6E3C5C6B5D7E7B6B3F8C7A4C8D8A5A6B4F3E2D2G4F1,1.0,1.0,351.0,,,,,
F5D6C3D3C4F4E6F6E3C5C6B5D7E7B6B3F8C7A4C8D8A5A6B4F3E2D2G4F1D1,1.0,1.0,352.0,,,,,
F5D6C3D3C4F4E6F6E3C5C6B5D7E7B6B3F8C7A4C8D8A5A6B4F3E2D2G4F1D1F2,1.0,1.0,,,,,,
F5D6C3D3C4F4E6F6E3C5C6B5D7E7B6B3F8C8A4,2.0,1.0,354.0,761.0,,,,
F5D6C3D3C4F4E6F6E3C5C6B5D7E7B6B3F8C8A4D8,1.0,1.0,355.0,,,,,
F5D6C3D3C4F4E6F6E3C5C6B5D7E7B6B3F8C8A4D8B4,1.0,1.0,356.0,,,,,
F5D6C3D3C4F4E6F6E3C5C6B5D7E7B6B3F8C8A4D8B4C7,1.0,1.0,,,,,,
F5D6C3D3C4F4E6F6E3C5C6B6C7B5E7D7F7F3B4F8C8F2G4,2.0,1.0,358.0,,,,,
F5D6C3D3C4F4E6F6E3C5C6B6C7B5E7D7F7F3B4F8C8F2G4G5,2.0,1.0,359.0,,,,,
F5D6C3D3C4F4E6F6E3C5C6B6C7B5E7D7F7F3B4F8C8F2G4G5E2,2.0,1.0,360.0,,,,,
F5D6C3D3C4F4E6F6E3C5C6B6C7B5E7D7F7F3B4F8C8F2G4G5E2H3,2.0,1.0,361.0,,,,,
F5D6C3D3C4F4E6F6E3C5C6B6C7B5E7D7F7F3B4F8C8F2G4G5E2H3F1,2.0,1.0,362.0,487.0,,,,
F5D6C3D3C4F4E6F6E3C5C6B6C7B5E7D7F7F3B4F8C8F2G4G5E2H3F1A3,1.0,1.0,363.0,,,,,
F5D6C3D3C4F4E6F6E3C5C6B6C7B5E7D7F7F3B4F8C8F2G4G5E2H3F1A3H5,1.0,1.0,364.0,,,,,
F5D6C3D3C4F4E6F6E3C5C6B6C7B5E7D7F7F3B4F8C8F2G4G5E2H3F1A3H5G2,1.0,1.0,365.0,,,,,
F5D6C3D3C4F4E6F6E3C5C6B6C7B5E7D7F7F3B4F8C8F2G4G5E2H3F1A3H5G2G3,1.0,1.0,,,,,,
F5D6C3D3C4F4E6F6E3C5C6B6C7B5D7E7E8B4B3F2F3C2G6E2G4G3,3.0,1.0,367.0,,,,,
F5D6C3D3C4F4E6F6E3C5C6B6C7B5D7E7E8B4B3F2F3C2G6E2G4G3A6,3.0,1.0,368.0,457.0,,,,
F5D6C3D3C4F4E6F6E3C5C6B6C7B5D7E7E8B4B3F2F3C2G6E2G4G3A6A4,1.0,1.0,369.0,,,,,
F5D6C3D3C4F4E6F6E3C5C6B6C7B5D7E7E8B4B3F2F3C2G6E2G4G3A6A4A5,1.0,1.0,370.0,,,,,
F5D6C3D3C4F4E6F6E3C5C6B6C7B5D7E7E8B4B3F2F3C2G6E2G4G3A6A4A5A7,1.0,1.0,371.0,,,,,
F5D6C3D3C4F4E6F6E3C5C6B6C7B5D7E7E8B4B3F2F3C2G6E2G4G3A6A4A5A7D2,1.0,1.0,,,,,,
F5D6C3D3C4F4E6F6E3C5C6B5D7E7B6B3F8C7A4C8E8F7B4A6D8G8B7F3G3G5D2D1G4H5E2E1F2F1,2.0,1.0,373.0,,,,,
F5D6C3D3C4F4E6F6E3C5C6B5D7E7B6B3F8C7A4C8E8F7B4A6D8G8B7F3G3G5D2D1G4H5E2E1F2F1G7,2.0,1.0,374.0,581.0,,,,
F5D6C3D3C4F4E6F6E3C5C6B5D7E7B6B3F8C7A4C8E8F7B4A6D8G8B7F3G3G5D2D1G4H5E2E1F2F1G7A8,1.0,1.0,,,,,,
F5D6C3D3C4F4E6F6E3C5C6B5D7E7B6B3F8C7A4E8D8F2F3A5A3A6F1,7.0,1.0,376.0,425.0,,,,
F5D6C3D3C4F4E6F6E3C5C6B5D7E7B6B3F8C7A4E8D8F2F3A5A3A6F1E2,4.0,1.0,377.0,,,,,
F5D6C3D3C4F4E6F6E3C5C6B5D7E7B6B3F8C7A4E8D8F2F3A5A3A6F1E2B4,4.0,1.0,378.0,472.0,584.0,604.0,,
F5D6C3D3C4F4E6F6E3C5C6B5D7E7B6B3F8C7A4E8D8F2F3A5A3A6F1E2B4C2,1.0,3.0,379.0,413.0,651.0,,,
F5D6C3D3C4F4E6F6E3C5C6B5D7E7B6B3F8C7A4E8D8F2F3A5A3A6F1E2B4C2A7,1.0,1.0,380.0,,,,,
F5D6C3D3C4F4E6F6E3C5C6B5D7E7B6B3F8C7A4E8D8F2F3A5A3A6F1E2B4C2A7G3,1.0,1.0,,,,,,
F5D6C3D3C4F4E6F6E3C5C6B5D7E7B6B3F8C8D8D2E2,1.0,2.0,382.0,,,,,
F5D6C3D3C4F4E6F6E3C5C6B5D7E7B6B3F8C8D8D2E2B4,1.0,2.0,383.0,515.0,,,,
F5D6C3D3C4F4E6F6E3C5C6B5D7E7B6B3F8C8D8D2E2B4G3,1.0,1.0,384.0,,,,,
F5D6C3D3C4F4E6F6E3C5C6B5D7E7B6B3F8C8D8D2E2B4G3C7,1.0,1.0,,,,,,
F5D6C3D3C4F4E6F6E3C5C6B6C7B5E7D7B4F3D8,3.0,1.0,386.0,,,,,
F5D6C3D3C4F4E6F6E3C5C6B6C7B5E7D7B4F3D8A4,3.0,1.0,387.0,,,,,
F5D6C3D3C4F4E6F6E3C5C6B6C7B5E7D7B4F3D8A4G4,3.0,1.0,388.0,,,,,
F5D6C3D3C4F4E6F6E3C5C6B6C7B5E7D7B4F3D8A4G4F7,3.0,1.0,389.0,,,,,
F5D6C3D3C4F4E6F6E3C5C6B6C7B5E7D7B4F3D8A4G4F7G6,3.0,1.0,390.0,675.0,,,,
F5D6C3D3C4F4E6F6E3C5C6B6C7B5E7D7B4F3D8A4G4F7G6F2,2.0,1.0,391.0,,,,,
F5D6C3D3C4F4E6F6E3C5C6B6C7B5E7D7B4F3D8A4G4F7G6F2E8,2.0,1.0,392.0,669.0,,,,
F5D6C3D3C4F4E6F6E3C5C6B6C7B5E7D7B4F3D8A4G4F7G6F2E8G5,1.0,2.0,393.0,453.0,,,,
F5D6C3D3C4F4E6F6E3C5C6B6C7B5E7D7B4F3D8A4G4F7G6F2E8G5B3,1.0,1.0,394.0,,,,,
F5D6C3D3C4F4E6F6E3C5C6B6C7B5E7D7B4F3D8A4G4F7G6F2E8G5B3H5,1.0,1.0,395.0,,,,,
F5D6C3D3C4F4E6F6E3C5C6B6C7B5E7D7B4F3D8A4G4F7G6F2E8G5B3H5E2,1.0,1.0,396.0,,,,,
F5D6C3D3C4F4E6F6E3C5C6B6C7B5E7D7B4F3D8A4G4F7G6F2E8G5B3H5E2H6,1.0,1.0,397.0,,,,,
F5D6C3D3C4F4E6F6E3C5C6B6C7B5E7D7B4F3D8A4G4F7G6F2E8G5B3H5E2H6G3,1.0,1.0,,,,,,
F5D6C3D3C4F4E6F6E3C5C6B6C7B5E7D7F7F3D8F2B4,1.0,5.0,399.0,,,,,
F5D6C3D3C4F4E6F6E3C5C6B6C7B5E7D7F7F3D8F2B4F8,1.0,5.0,400.0,560.0,,,,
F5D6C3D3C4F4E6F6E3C5C6B6C7B5E7D7F7F3D8F2B4F8G6,1.0,2.0,401.0,,,,,
F5D6C3D3C4F4E6F6E3C5C6B6C7B5E7D7F7F3D8F2B4F8G6G5,1.0,2.0,402.0,762.0,,,,
F5D6C3D3C4F4E6F6E3C5C6B6C7B5E7D7F7F3D8F2B4F8G6G5A5,1.0,1.0,403.0,,,,,
F5D6C3D3C4F4E6F6E3C5C6B6C7B5E7D7F7F3D8F2B4F8G6G5A5E8,1.0,1.0,404.0,,,,,
F5D6C3D3C4F4E6F6E3C5C6B6C7B5E7D7F7F3D8F2B4F8G6G5A5E8G8,1.0,1.0,405.0,,,,,
F5D6C3D3C4F4E6F6E3C5C6B6C7B5E7D7F7F3D8F2B4F8G6G5A5E8G8C8,1.0,1.0,406.0,,,,,
F5D6C3D3C4F4E6F6E3C5C6B6C7B5E7D7F7F3D8F2B4F8G6G5A5E8G8C8B8,1.0,1.0,407.0,,,,,
F5D6C3D3C4F4E6F6E3C5C6B6C7B5E7D7F7F3D8F2B4F8G6G5A5E8G8C8B8A3,1.0,1.0,408.0,,,,,
F5D6C3D3C4F4E6F6E3C5C6B6C7B5E7D7F7F3D8F2B4F8G6G5A5E8G8C8B8A3A6,1.0,1.0,,,,,,
F5D6C3D3C4F4E6F6E3C5C6B5D7E7B6B3F8C7A4C8E8F7B4A6D8G8B7F3G3G5D2C1E1A8G4C2H5,2.0,1.0,410.0,724.0,,,,
F5D6C3D3C4F4E6F6E3C5C6B5D7E7B6B3F8C7A4C8E8F7B4A6D8G8B7F3G3G5D2C1E1A8G4C2H5G6,1.0,2.0,411.0,603.0,,,,
F5D6C3D3C4F4E6F6E3C5C6B5D7E7B6B3F8C7A4C8E8F7B4A6D8G8B7F3G3G5D2C1E1A8G4C2H5G6F2,2.0,1.0,412.0,781.0,,,,
F5D6C3D3C4F4E6F6E3C5C6B5D7E7B6B3F8C7A4C8E8F7B4A6D8G8B7F3G3G5D2C1E1A8G4C2H5G6F2D1,1.0,1.0,,,,,,
F5D6C3D3C4F4E6F6E3C5C6B5D7E7B6B3F8C7A4E8D8F2F3A5A3A6F1E2B4C2G3,1.0,1.0,414.0,,,,,
F5D6C3D3C4F4E6F6E3C5C6B5D7E7B6B3F8C7A4E8D8F2F3A5A3A6F1E2B4C2G3A2,1.0,1.0,,,,,,
F5D6C3D3C4F4E6F6E3C5C6B5D7E7B6B3F8C7A4C8B4D8G3A6A3A5G5H4,1.0,1.0,416.0,,,,,
F5D6C3D3C4F4E6F6E3C5C6B5D7E7B6B3F8C7A4C8B4D8G3A6A3A5G5H4H6,1.0,1.0,417.0,,,,,
F5D6C3D3C4F4E6F6E3C5C6B5D7E7B6B3F8C7A4C8B4D8G3A6A3A5G5H4H6G4,1.0,1.0,418.0,,,,,
F5D6C3D3C4F4E6F6E3C5C6B5D7E7B6B3F8C7A4C8B4D8G3A6A3A5G5H4H6G4F7,1.0,1.0,,,,,,
F5D6C3D3C4F4E6F6E3C5C6B6C7B5E7D7F7F3D8F2G4G5B4D2C2E2B3C1G3,1.0,1.0,,,,,,
F5D6C3D3C4F4E6F6E3C5C6B6C7B5D7E7E8B4B3F2F3C2G6E2A6G3,1.0,2.0,421.0,521.0,,,,
F5D6C3D3C4F4E6F6E3C5C6B6C7B5D7E7E8B4B3F2F3C2G6E2A6G3G4,3.0,1.0,422.0,695.0,,,,
F5D6C3D3C4F4E6F6E3C5C6B6C7B5D7E7E8B4B3F2F3C2G6E2A6G3G4A3,2.0,1.0,423.0,,,,,
F5D6C3D3C4F4E6F6E3C5C6B6C7B5D7E7E8B4B3F2F3C2G6E2A6G3G4A3D2,2.0,1.0,424.0,519.0,,,,
F5D6C3D3C4F4E6F6E3C5C6B6C7B5D7E7E8B4B3F2F3C2G6E2A6G3G4A3D2C8,1.0,1.0,,,,,,
F5D6C3D3C4F4E6F6E3C5C6B5D7E7B6B3F8C7A4E8D8F2F3A5A3A6F1A2,3.0,1.0,426.0,,,,,
F5D6C3D3C4F4E6F6E3C5C6B5D7E7B6B3F8C7A4E8D8F2F3A5A3A6F1A2B4,3.0,1.0,427.0,813.0,816.0,,,
F5D6C3D3C4F4E6F6E3C5C6B5D7E7B6B3F8C7A4E8D8F2F3A5A3A6F1A2B4B8,1.0,1.0,428.0,,,,,
F5D6C3D3C4F4E6F6E3C5C6B5D7E7B6B3F8C7A4E8D8F2F3A5A3A6F1A2B4B8G6,1.0,1.0,429.0,,,,,
F5D6C3D3C4F4E6F6E3C5C6B5D7E7B6B3F8C7A4E8D8F2F3A5A3A6F1A2B4B8G6G5,1.0,1.0,,,,,,
F5D6C3D3C4F4E6F6E3C5C6B6C7B5E7D7F7F3D8F2A4A5E2B3B4A3G5,1.0,2.0,431.0,,,,,
F5D6C3D3C4F4E6F6E3C5C6B6C7B5E7D7F7F3D8F2A4A5E2B3B4A3G5C8,1.0,2.0,432.0,758.0,,,,
F5D6C3D3C4F4E6F6E3C5C6B6C7B5E7D7F7F3D8F2A4A5E2B3B4A3G5C8G4,2.0,1.0,433.0,452.0,,,,
F5D6C3D3C4F4E6F6E3C5C6B6C7B5E7D7F7F3D8F2A4A5E2B3B4A3G5C8G4F1,1.0,1.0,434.0,,,,,
F5D6C3D3C4F4E6F6E3C5C6B6C7B5E7D7F7F3D8F2A4A5E2B3B4A3G5C8G4F1D1,1.0,1.0,,,,,,
F5D6C3D3C4F4E6F6E3C5C6B5D7E7B6B3F8C7A4C8E8F7B4A6D8G8B7F3G3G5D2A8G4C1E1,3.0,1.0,436.0,526.0,,,,
F5D6C3D3C4F4E6F6E3C5C6B5D7E7B6B3F8C7A4C8E8F7B4A6D8G8B7F3G3G5D2A8G4C1E1C2,2.0,2.0,437.0,593.0,,,,
F5D6C3D3C4F4E6F6E3C5C6B5D7E7B6B3F8C7A4C8E8F7B4A6D8G8B7F3G3G5D2A8G4C1E1C2H5,2.0,1.0,438.0,600.0,,,,
F5D6C3D3C4F4E6F6E3C5C6B5D7E7B6B3F8C7A4C8E8F7B4A6D8G8B7F3G3G5D2A8G4C1E1C2H5G6,1.0,2.0,439.0,541.0,,,,
F5D6C3D3C4F4E6F6E3C5C6B5D7E7B6B3F8C7A4C8E8F7B4A6D8G8B7F3G3G5D2A8G4C1E1C2H5G6F2,2.0,1.0,440.0,589.0,,,,
F5D6C3D3C4F4E6F6E3C5C6B5D7E7B6B3F8C7A4C8E8F7B4A6D8G8B7F3G3G5D2A8G4C1E1C2H5G6F2H4,1.0,1.0,,,,,,
F5D6C3D3C4F4E6F6E3C5C6B6C7B5E7D7F7F3D8B4,2.0,1.0,442.0,,,,,
F5D6C3D3C4F4E6F6E3C5C6B6C7B5E7D7F7F3D8B4B3,2.0,1.0,443.0,,,,,
F5D6C3D3C4F4E6F6E3C5C6B6C7B5E7D7F7F3D8B4B3F2,2.0,1.0,444.0,,,,,
F5D6C3D3C4F4E6F6E3C5C6B6C7B5E7D7F7F3D8B4B3F2E2,2.0,1.0,445.0,,,,,
F5D6C3D3C4F4E6F6E3C5C6B6C7B5E7D7F7F3D8B4B3F2E2D1,2.0,1.0,446.0,,,,,
F5D6C3D3C4F4E6F6E3C5C6B6C7B5E7D7F7F3D8B4B3F2E2D1A3,2.0,1.0,447.0,,,,,
F5D6C3D3C4F4E6F6E3C5C6B6C7B5E7D7F7F3D8B4B3F2E2D1A3F8,2.0,1.0,448.0,,,,,
F5D6C3D3C4F4E6F6E3C5C6B6C7B5E7D7F7F3D8B4B3F2E2D1A3F8F1,2.0,1.0,449.0,,,,,
F5D6C3D3C4F4E6F6E3C5C6B6C7B5E7D7F7F3D8B4B3F2E2D1A3F8F1C8,2.0,1.0,450.0,,,,,
F5D6C3D3C4F4E6F6E3C5C6B6C7B5E7D7F7F3D8B4B3F2E2D1A3F8F1C8G3,2.0,1.0,451.0,597.0,,,,
F5D6C3D3C4F4E6F6E3C5C6B6C7B5E7D7F7F3D8B4B3F2E2D1A3F8F1C8G3E8,1.0,1.0,,,,,,
F5D6C3D3C4F4E6F6E3C5C6B6C7B5E7D7F7F3D8F2A4A5E2B3B4A3G5C8G4D2,1.0,1.0,,,,,,
F5D6C3D3C4F4E6F6E3C5C6B6C7B5E7D7B4F3D8A4G4F7G6F2E8G5E2,1.0,1.0,,,,,,
F5D6C3D3C4F4E6F6E3C5C6B6C7B5E7D7F7F3B4F8C8F2E2A3G6G5H4H5G3G4H3B3F1E8H6,1.0,1.0,455.0,,,,,
F5D6C3D3C4F4E6F6E3C5C6B6C7B5E7D7F7F3B4F8C8F2E2A3G6G5H4H5G3G4H3B3F1E8H6G2,1.0,1.0,456.0,,,,,
F5D6C3D3C4F4E6F6E3C5C6B6C7B5E7D7F7F3B4F8C8F2E2A3G6G5H4H5G3G4H3B3F1E8H6G2D8,1.0,1.0,,,,,,
F5D6C3D3C4F4E6F6E3C5C6B6C7B5D7E7E8B4B3F2F3C2G6E2G4G3A6A3,2.0,1.0,458.0,,,,,
F5D6C3D3C4F4E6F6E3C5C6B6C7B5D7E7E8B4B3F2F3C2G6E2G4G3A6A3D2,2.0,1.0,459.0,483.0,,,,
F5D6C3D3C4F4E6F6E3C5C6B6C7B5D7E7E8B4B3F2F3C2G6E2G4G3A6A3D2G5,1.0,1.0,460.0,,,,,
F5D6C3D3C4F4E6F6E3C5C6B6C7B5D7E7E8B4B3F2F3C2G6E2G4G3A6A3D2G5E1,1.0,1.0,,,,,,
F5D6C3D3C4F4E6F6E3C5C6B5D7E7B6B3F8C8D8D2A3C7F2B4F7A5,1.0,1.0,462.0,,,,,
F5D6C3D3C4F4E6F6E3C5C6B5D7E7B6B3F8C8D8D2A3C7F2B4F7A5C2,1.0,1.0,,,,,,
F5D6C3D3C4F4E6F6E3C5C6B5D7E7B6B3F8C7C8,3.0,1.0,464.0,638.0,,,,
F5D6C3D3C4F4E6F6E3C5C6B5D7E7B6B3F8C7C8B4,2.0,1.0,465.0,,,,,
F5D6C3D3C4F4E6F6E3C5C6B5D7E7B6B3F8C7C8B4A5,2.0,1.0,466.0,613.0,,,,
F5D6C3D3C4F4E6F6E3C5C6B5D7E7B6B3F8C7C8B4A5A6,1.0,2.0,467.0,,,,,
F5D6C3D3C4F4E6F6E3C5C6B5D7E7B6B3F8C7C8B4A5A6A4,1.0,2.0,468.0,,,,,
F5D6C3D3C4F4E6F6E3C5C6B5D7E7B6B3F8C7C8B4A5A6A4A3,1.0,2.0,469.0,,,,,
F5D6C3D3C4F4E6F6E3C5C6B5D7E7B6B3F8C7C8B4A5A6A4A3F3,1.0,2.0,470.0,,,,,
F5D6C3D3C4F4E6F6E3C5C6B5D7E7B6B3F8C7C8B4A5A6A4A3F3E2,1.0,2.0,471.0,645.0,,,,
F5D6C3D3C4F4E6F6E3C5C6B5D7E7B6B3F8C7C8B4A5A6A4A3F3E2D2,1.0,1.0,,,,,,
F5D6C3D3C4F4E6F6E3C5C6B5D7E7B6B3F8C7A4E8D8F2F3A5A3A6F1E2B4D2,1.0,2.0,473.0,763.0,,,,
F5D6C3D3C4F4E6F6E3C5C6B5D7E7B6B3F8C7A4E8D8F2F3A5A3A6F1E2B4D2E1,2.0,1.0,474.0,588.0,,,,
F5D6C3D3C4F4E6F6E3C5C6B5D7E7B6B3F8C7A4E8D8F2F3A5A3A6F1E2B4D2E1G3,1.0,1.0,475.0,,,,,
F5D6C3D3C4F4E6F6E3C5C6B5D7E7B6B3F8C7A4E8D8F2F3A5A3A6F1E2B4D2E1G3A7,1.0,1.0,476.0,,,,,
F5D6C3D3C4F4E6F6E3C5C6B5D7E7B6B3F8C7A4E8D8F2F3A5A3A6F1E2B4D2E1G3A7F7,1.0,1.0,477.0,,,,,
F5D6C3D3C4F4E6F6E3C5C6B5D7E7B6B3F8C7A4E8D8F2F3A5A3A6F1E2B4D2E1G3A7F7G8,1.0,1.0,478.0,,,,,
F5D6C3D3C4F4E6F6E3C5C6B5D7E7B6B3F8C7A4E8D8F2F3A5A3A6F1E2B4D2E1G3A7F7G8B2,1.0,1.0,479.0,,,,,
F5D6C3D3C4F4E6F6E3C5C6B5D7E7B6B3F8C7A4E8D8F2F3A5A3A6F1E2B4D2E1G3A7F7G8B2G4,1.0,1.0,480.0,,,,,
F5D6C3D3C4F4E6F6E3C5C6B5D7E7B6B3F8C7A4E8D8F2F3A5A3A6F1E2B4D2E1G3A7F7G8B2G4H4,1.0,1.0,481.0,,,,,
F5D6C3D3C4F4E6F6E3C5C6B5D7E7B6B3F8C7A4E8D8F2F3A5A3A6F1E2B4D2E1G3A7F7G8B2G4H4H3,1.0,1.0,482.0,,,,,
F5D6C3D3C4F4E6F6E3C5C6B5D7E7B6B3F8C7A4E8D8F2F3A5A3A6F1E2B4D2E1G3A7F7G8B2G4H4H3G5,1.0,1.0,,,,,,
F5D6C3D3C4F4E6F6E3C5C6B6C7B5D7E7E8B4B3F2F3C2G6E2G4G3A6A3D2C8,1.0,1.0,,,,,,
F5D6C3D3C4F4E6F6E3C5C6B5D7E7B6B3F8C7A4C8B4D8G3A6A3A5G5A2F7,1.0,1.0,485.0,,,,,
F5D6C3D3C4F4E6F6E3C5C6B5D7E7B6B3F8C7A4C8B4D8G3A6A3A5G5A2F7C2,1.0,1.0,486.0,,,,,
F5D6C3D3C4F4E6F6E3C5C6B5D7E7B6B3F8C7A4C8B4D8G3A6A3A5G5A2F7C2D2,1.0,1.0,,,,,,
F5D6C3D3C4F4E6F6E3C5C6B6C7B5E7D7F7F3B4F8C8F2G4G5E2H3F1D2,1.0,1.0,,,,,,
F5D6C3D3C4F4E6F6E3C5C6B5D7E7B6B3F8C7A4E8D8F2F3A5A3A6B4A2G3G4,2.0,1.0,489.0,,,,,
F5D6C3D3C4F4E6F6E3C5C6B5D7E7B6B3F8C7A4E8D8F2F3A5A3A6B4A2G3G4H5,2.0,1.0,490.0,531.0,,,,
F5D6C3D3C4F4E6F6E3C5C6B5D7E7B6B3F8C7A4E8D8F2F3A5A3A6B4A2G3G4H5H4,1.0,1.0,491.0,,,,,
F5D6C3D3C4F4E6F6E3C5C6B5D7E7B6B3F8C7A4E8D8F2F3A5A3A6B4A2G3G4H5H4G6,1.0,1.0,492.0,,,,,
F5D6C3D3C4F4E6F6E3C5C6B5D7E7B6B3F8C7A4E8D8F2F3A5A3A6B4A2G3G4H5H4G6G5,1.0,1.0,,,,,,
F5D6C3D3C4F4E6F6E3C5C6B5D7E7B6B3F8C8C7D2A3,1.0,1.0,494.0,,,,,
F5D6C3D3C4F4E6F6E3C5C6B5D7E7B6B3F8C8C7D2A3F3,1.0,1.0,495.0,,,,,
F5D6C3D3C4F4E6F6E3C5C6B5D7E7B6B3F8C8C7D2A3F3F7,1.0,1.0,496.0,,,,,
F5D6C3D3C4F4E6F6E3C5C6B5D7E7B6B3F8C8C7D2A3F3F7A6,1.0,1.0,497.0,,,,,
F5D6C3D3C4F4E6F6E3C5C6B5D7E7B6B3F8C8C7D2A3F3F7A6A4,1.0,1.0,498.0,,,,,
F5D6C3D3C4F4E6F6E3C5C6B5D7E7B6B3F8C8C7D2A3F3F7A6A4B8,1.0,1.0,499.0,,,,,
F5D6C3D3C4F4E6F6E3C5C6B5D7E7B6B3F8C8C7D2A3F3F7A6A4B8G6,1.0,1.0,500.0,,,,,
F5D6C3D3C4F4E6F6E3C5C6B5D7E7B6B3F8C8C7D2A3F3F7A6A4B8G6D8,1.0,1.0,501.0,,,,,
F5D6C3D3C4F4E6F6E3C5C6B5D7E7B6B3F8C8C7D2A3F3F7A6A4B8G6D8G5,1.0,1.0,,,,,,
F5D6C3D3C4F4E6F6E3C5C6B5D7E7B6B3F8C8E8,1.0,2.0,503.0,,,,,
F5D6C3D3C4F4E6F6E3C5C6B5D7E7B6B3F8C8E8D8,1.0,2.0,504.0,,,,,
F5D6C3D3C4F4E6F6E3C5C6B5D7E7B6B3F8C8E8D8B8,1.0,2.0,505.0,,,,,
F5D6C3D3C4F4E6F6E3C5C6B5D7E7B6B3F8C8E8D8B8B4,1.0,2.0,506.0,766.0,,,,
F5D6C3D3C4F4E6F6E3C5C6B5D7E7B6B3F8C8E8D8B8B4A6,1.0,1.0,507.0,,,,,
F5D6C3D3C4F4E6F6E3C5C6B5D7E7B6B3F8C8E8D8B8B4A6C7,1.0,1.0,508.0,,,,,
F5D6C3D3C4F4E6F6E3C5C6B5D7E7B6B3F8C8E8D8B8B4A6C7F7,1.0,1.0,509.0,,,,,
F5D6C3D3C4F4E6F6E3C5C6B5D7E7B6B3F8C8E8D8B8B4A6C7F7A4,1.0,1.0,,,,,,
F5D6C3D3C4F4E6F6E3C5C6B6C7B5E7D7F7F3C8B4B3F2E2D1A3D2C2A5G4C1G6H5A7G5H3,2.0,1.0,511.0,609.0,,,,
F5D6C3D3C4F4E6F6E3C5C6B6C7B5E7D7F7F3C8B4B3F2E2D1A3D2C2A5G4C1G6H5A7G5H3F8,1.0,1.0,,,,,,
F5D6C3D3C4F4E6F6E3C5C6B5D7E7B6B3F8C7A4C8E8F7B4A6D8G8B7F3G3G5D2A8G4C1C2A3B8D1B1A1,1.0,1.0,,,,,,
F5D6C3D3C4F4E6F6E3C5C6B5D7E7B6B3F8C8D8D2D1C1B1E2B4,1.0,1.0,514.0,,,,,
F5D6C3D3C4F4E6F6E3C5C6B5D7E7B6B3F8C8D8D2D1C1B1E2B4A4,1.0,1.0,,,,,,
F5D6C3D3C4F4E6F6E3C5C6B5D7E7B6B3F8C8D8D2E2B4A5,2.0,1.0,516.0,,,,,
F5D6C3D3C4F4E6F6E3C5C6B5D7E7B6B3F8C8D8D2E2B4A5F3,2.0,1.0,517.0,,,,,
F5D6C3D3C4F4E6F6E3C5C6B5D7E7B6B3F8C8D8D2E2B4A5F3F2,2.0,1.0,518.0,800.0,,,,
F5D6C3D3C4F4E6F6E3C5C6B5D7E7B6B3F8C8D8D2E2B4A5F3F2E1,1.0,1.0,,,,,,
F5D6C3D3C4F4E6F6E3C5C6B6C7B5D7E7E8B4B3F2F3C2G6E2A6G3G4A3D2G5,1.0,1.0,520.0,,,,,
F5D6C3D3C4F4E6F6E3C5C6B6C7B5D7E7E8B4B3F2F3C2G6E2A6G3G4A3D2G5E1,1.0,1.0,,,,,,
F5D6C3D3C4F4E6F6E3C5C6B6C7B5D7E7E8B4B3F2F3C2G6E2A6G3A3,1.0,1.0,,,,,,
F5D6C3D3C4F4E6F6E3C5C6B6C7B5E7D7F7F3D8F2E2C8B4F8G4E8A5H3H5A3A7G3,1.0,1.0,523.0,,,,,
F5D6C3D3C4F4E6F6E3C5C6B6C7B5E7D7F7F3D8F2E2C8B4F8G4E8A5H3H5A3A7G3A4,1.0,1.0,524.0,,,,,
F5D6C3D3C4F4E6F6E3C5C6B6C7B5E7D7F7F3D8F2E2C8B4F8G4E8A5H3H5A3A7G3A4E1,1.0,1.0,,,,,,
F5D6C3D3C4F4E6F6E3C5C6B5D7E7B6B3F8C7A4C8B4D8G3D2A3E2E1,1.0,1.0,,,,,,
F5D6C3D3C4F4E6F6E3C5C6B5D7E7B6B3F8C7A4C8E8F7B4A6D8G8B7F3G3G5D2A8G4C1E1A5,1.0,1.0,527.0,,,,,
F5D6C3D3C4F4E6F6E3C5C6B5D7E7B6B3F8C7A4C8E8F7B4A6D8G8B7F3G3G5D2A8G4C1E1A5F2,1.0,1.0,528.0,,,,,
F5D6C3D3C4F4E6F6E3C5C6B5D7E7B6B3F8C7A4C8E8F7B4A6D8G8B7F3G3G5D2A8G4C1E1A5F2C2,1.0,1.0,529.0,,,,,
F5D6C3D3C4F4E6F6E3C5C6B5D7E7B6B3F8C7A4C8E8F7B4A6D8G8B7F3G3G5D2A8G4C1E1A5F2C2D1,1.0,1.0,530.0,,,,,
F5D6C3D3C4F4E6F6E3C5C6B5D7E7B6B3F8C7A4C8E8F7B4A6D8G8B7F3G3G5D2A8G4C1E1A5F2C2D1H4,1.0,1.0,,,,,,
F5D6C3D3C4F4E6F6E3C5C6B5D7E7B6B3F8C7A4E8D8F2F3A5A3A6B4A2G3G4H5E2,1.0,2.0,532.0,699.0,,,,
F5D6C3D3C4F4E6F6E3C5C6B5D7E7B6B3F8C7A4E8D8F2F3A5A3A6B4A2G3G4H5E2F1,1.0,1.0,,,,,,
F5D6C3D3C4F4E6F6E3C5C6B5D7E7B6B3F8C8A5E8,1.0,1.0,534.0,,,,,
F5D6C3D3C4F4E6F6E3C5C6B5D7E7B6B3F8C8A5E8B4,1.0,1.0,535.0,,,,,
F5D6C3D3C4F4E6F6E3C5C6B5D7E7B6B3F8C8A5E8B4C7,1.0,1.0,536.0,,,,,
F5D6C3D3C4F4E6F6E3C5C6B5D7E7B6B3F8C8A5E8B4C7G4,1.0,1.0,537.0,,,,,
F5D6C3D3C4F4E6F6E3C5C6B5D7E7B6B3F8C8A5E8B4C7G4G3,1.0,1.0,,,,,,
F5D6C3D3C4F4E6F6E3C5C6B5D7E7B6B3F8C7A4C8E8F7B4A6D8G8B7F3G3G5D2A8G4C2H5C1A2,2.0,2.0,539.0,542.0,,,,
F5D6C3D3C4F4E6F6E3C5C6B5D7E7B6B3F8C7A4C8E8F7B4A6D8G8B7F3G3G5D2A8G4C2H5C1A2G6,1.0,2.0,540.0,793.0,,,,
F5D6C3D3C4F4E6F6E3C5C6B5D7E7B6B3F8C7A4C8E8F7B4A6D8G8B7F3G3G5D2A8G4C2H5C1A2G6F2,1.0,1.0,,,,,,
F5D6C3D3C4F4E6F6E3C5C6B5D7E7B6B3F8C7A4C8E8F7B4A6D8G8B7F3G3G5D2A8G4C1E1C2H5G6B8,1.0,1.0,,,,,,
F5D6C3D3C4F4E6F6E3C5C6B5D7E7B6B3F8C7A4C8E8F7B4A6D8G8B7F3G3G5D2A8G4C2H5C1A2A3,1.0,2.0,543.0,729.0,,,,
F5D6C3D3C4F4E6F6E3C5C6B5D7E7B6B3F8C7A4C8E8F7B4A6D8G8B7F3G3G5D2A8G4C2H5C1A2A3B8,2.0,1.0,544.0,812.0,,,,
F5D6C3D3C4F4E6F6E3C5C6B5D7E7B6B3F8C7A4C8E8F7B4A6D8G8B7F3G3G5D2A8G4C2H5C1A2A3B8H4,1.0,1.0,,,,,,
F5D6C3D3C4F4E6F6E3C5C6B6C7B5E7D7F7F3B4F8D8,3.0,1.0,546.0,,,,,
F5D6C3D3C4F4E6F6E3C5C6B6C7B5E7D7F7F3B4F8D8F2,3.0,1.0,547.0,,,,,
F5D6C3D3C4F4E6F6E3C5C6B6C7B5E7D7F7F3B4F8D8F2G4,3.0,1.0,548.0,,,,,
F5D6C3D3C4F4E6F6E3C5C6B6C7B5E7D7F7F3B4F8D8F2G4G5,3.0,1.0,549.0,,,,,
F5D6C3D3C4F4E6F6E3C5C6B6C7B5E7D7F7F3B4F8D8F2G4G5E2,3.0,1.0,550.0,765.0,,,,
F5D6C3D3C4F4E6F6E3C5C6B6C7B5E7D7F7F3B4F8D8F2G4G5E2H4,2.0,1.0,551.0,,,,,
F5D6C3D3C4F4E6F6E3C5C6B6C7B5E7D7F7F3B4F8D8F2G4G5E2H4A5,2.0,1.0,552.0,798.0,,,,
F5D6C3D3C4F4E6F6E3C5C6B6C7B5E7D7F7F3B4F8D8F2G4G5E2H4A5C8,1.0,1.0,553.0,,,,,
F5D6C3D3C4F4E6F6E3C5C6B6C7B5E7D7F7F3B4F8D8F2G4G5E2H4A5C8A6,1.0,1.0,554.0,,,,,
F5D6C3D3C4F4E6F6E3C5C6B6C7B5E7D7F7F3B4F8D8F2G4G5E2H4A5C8A6E8,1.0,1.0,555.0,,,,,
F5D6C3D3C4F4E6F6E3C5C6B6C7B5E7D7F7F3B4F8D8F2G4G5E2H4A5C8A6E8G3,1.0,1.0,,,,,,
F5D6C3D3C4F4E6F6E3C5C6B5D7E7B6B3F8C7A4C8E8F7B4A6D8G8B7F3G3G5D2A8G4C2C1B2B8A7H8,1.0,1.0,,,,,,
F5D6C3D3C4F4E6F6E3C5C6B5D7E7B6B3F8C7A4C8E8F7B4A6D8G8B7F3G3G5D2A8G4C1C2A3A7,1.0,2.0,558.0,,,,,
F5D6C3D3C4F4E6F6E3C5C6B5D7E7B6B3F8C7A4C8E8F7B4A6D8G8B7F3G3G5D2A8G4C1C2A3A7G6,1.0,2.0,559.0,615.0,,,,
F5D6C3D3C4F4E6F6E3C5C6B5D7E7B6B3F8C7A4C8E8F7B4A6D8G8B7F3G3G5D2A8G4C1C2A3A7G6H5,1.0,1.0,,,,,,
F5D6C3D3C4F4E6F6E3C5C6B6C7B5E7D7F7F3D8F2B4F8E2,1.0,3.0,561.0,,,,,
F5D6C3D3C4F4E6F6E3C5C6B6C7B5E7D7F7F3D8F2B4F8E2C8,1.0,3.0,562.0,,,,,
F5D6C3D3C4F4E6F6E3C5C6B6C7B5E7D7F7F3D8F2B4F8E2C8G4,1.0,3.0,563.0,,,,,
F5D6C3D3C4F4E6F6E3C5C6B6C7B5E7D7F7F3D8F2B4F8E2C8G4E8,1.0,3.0,564.0,,,,,
F5D6C3D3C4F4E6F6E3C5C6B6C7B5E7D7F7F3D8F2B4F8E2C8G4E8A5,1.0,3.0,565.0,,,,,
F5D6C3D3C4F4E6F6E3C5C6B6C7B5E7D7F7F3D8F2B4F8E2C8G4E8A5H3,1.0,3.0,566.0,747.0,782.0,,,
F5D6C3D3C4F4E6F6E3C5C6B6C7B5E7D7F7F3D8F2B4F8E2C8G4E8A5H3H5,2.0,1.0,567.0,,,,,
F5D6C3D3C4F4E6F6E3C5C6B6C7B5E7D7F7F3D8F2B4F8E2C8G4E8A5H3H5A3,2.0,1.0,568.0,,,,,
F5D6C3D3C4F4E6F6E3C5C6B6C7B5E7D7F7F3D8F2B4F8E2C8G4E8A5H3H5A3A7,2.0,1.0,569.0,679.0,,,,
F5D6C3D3C4F4E6F6E3C5C6B6C7B5E7D7F7F3D8F2B4F8E2C8G4E8A5H3H5A3A7G3,1.0,1.0,570.0,,,,,
F5D6C3D3C4F4E6F6E3C5C6B6C7B5E7D7F7F3D8F2B4F8E2C8G4E8A5H3H5A3A7G3A4,1.0,1.0,571.0,,,,,
F5D6C3D3C4F4E6F6E3C5C6B6C7B5E7D7F7F3D8F2B4F8E2C8G4E8A5H3H5A3A7G3A4E1,1.0,1.0,,,,,,
F5D6C3D3C4F4E6F6E3C5C6B5D7E7B6B3F8C7A4C8B4D8G3D2A3E2E8,1.0,1.0,573.0,,,,,
F5D6C3D3C4F4E6F6E3C5C6B5D7E7B6B3F8C7A4C8B4D8G3D2A3E2E8G8,1.0,1.0,,,,,,
F5D6C3D3C4F4E6F6E3C5C6B5D7E7B6B3F8C7A4C8E8F7B4A6D8G8B7F3G3G5D2C1E1H3,1.0,2.0,575.0,,,,,
F5D6C3D3C4F4E6F6E3C5C6B5D7E7B6B3F8C7A4C8E8F7B4A6D8G8B7F3G3G5D2C1E1H3G4,1.0,2.0,576.0,,,,,
F5D6C3D3C4F4E6F6E3C5C6B5D7E7B6B3F8C7A4C8E8F7B4A6D8G8B7F3G3G5D2C1E1H3G4D1,1.0,2.0,577.0,,,,,
F5D6C3D3C4F4E6F6E3C5C6B5D7E7B6B3F8C7A4C8E8F7B4A6D8G8B7F3G3G5D2C1E1H3G4D1B1,1.0,2.0,578.0,,,,,
F5D6C3D3C4F4E6F6E3C5C6B5D7E7B6B3F8C7A4C8E8F7B4A6D8G8B7F3G3G5D2C1E1H3G4D1B1G6,1.0,2.0,579.0,611.0,,,,
F5D6C3D3C4F4E6F6E3C5C6B5D7E7B6B3F8C7A4C8E8F7B4A6D8G8B7F3G3G5D2C1E1H3G4D1B1G6H5,1.0,1.0,580.0,,,,,
F5D6C3D3C4F4E6F6E3C5C6B5D7E7B6B3F8C7A4C8E8F7B4A6D8G8B7F3G3G5D2C1E1H3G4D1B1G6H5H6,1.0,1.0,,,,,,
F5D6C3D3C4F4E6F6E3C5C6B5D7E7B6B3F8C7A4C8E8F7B4A6D8G8B7F3G3G5D2D1G4H5E2E1F2F1G7A5,1.0,1.0,,,,,,
F5D6C3D3C4F4E6F6E3C5C6B6C7B5D7E7E8B4B3F2F3C2G6E2A6F7A3G3,1.0,1.0,,,,,,
F5D6C3D3C4F4E6F6E3C5C6B5D7E7B6B3F8C7A4C8E8F7B4A6D8G8B7F3G3G5D2D1E2F2H5G4G6H4H3,1.0,1.0,,,,,,
F5D6C3D3C4F4E6F6E3C5C6B5D7E7B6B3F8C7A4E8D8F2F3A5A3A6F1E2B4G3,1.0,1.0,585.0,,,,,
F5D6C3D3C4F4E6F6E3C5C6B5D7E7B6B3F8C7A4E8D8F2F3A5A3A6F1E2B4G3A7,1.0,1.0,586.0,,,,,
F5D6C3D3C4F4E6F6E3C5C6B5D7E7B6B3F8C7A4E8D8F2F3A5A3A6F1E2B4G3A7C2,1.0,1.0,,,,,,
F5D6C3D3C4F4E6F6E3C5C6B6C7B5E7D7B4F3F7F8C8F2E2A3G6G5H4H5G3G4H3B3F1E8D8,1.0,1.0,,,,,,
F5D6C3D3C4F4E6F6E3C5C6B5D7E7B6B3F8C7A4E8D8F2F3A5A3A6F1E2B4D2E1F7,1.0,1.0,,,,,,
F5D6C3D3C4F4E6F6E3C5C6B5D7E7B6B3F8C7A4C8E8F7B4A6D8G8B7F3G3G5D2A8G4C1E1C2H5G6F2D1,1.0,1.0,,,,,,
F5D6C3D3C4F4E6F6E3C5C6B6C7B5E7D7F7F3D8F2A4A5B4A3G4,1.0,1.0,,,,,,
F5D6C3D3C4F4E6F6E3C5C6B5D7E7B6B3F8C7A4C8B4D8F7A6A3F3G3F2E8,2.0,1.0,592.0,648.0,,,,
F5D6C3D3C4F4E6F6E3C5C6B5D7E7B6B3F8C7A4C8B4D8F7A6A3F3G3F2E8B7,1.0,1.0,,,,,,
F5D6C3D3C4F4E6F6E3C5C6B5D7E7B6B3F8C7A4C8E8F7B4A6D8G8B7F3G3G5D2A8G4C1E1C2H6,2.0,1.0,594.0,,,,,
F5D6C3D3C4F4E6F6E3C5C6B5D7E7B6B3F8C7A4C8E8F7B4A6D8G8B7F3G3G5D2A8G4C1E1C2H6D1,2.0,1.0,595.0,,,,,
F5D6C3D3C4F4E6F6E3C5C6B5D7E7B6B3F8C7A4C8E8F7B4A6D8G8B7F3G3G5D2A8G4C1E1C2H6D1B1,2.0,1.0,596.0,647.0,,,,
F5D6C3D3C4F4E6F6E3C5C6B5D7E7B6B3F8C7A4C8E8F7B4A6D8G8B7F3G3G5D2A8G4C1E1C2H6D1B1E2,1.0,1.0,,,,,,
F5D6C3D3C4F4E6F6E3C5C6B6C7B5E7D7F7F3D8B4B3F2E2D1A3F8F1C8G3E1,1.0,1.0,598.0,,,,,
F5D6C3D3C4F4E6F6E3C5C6B6C7B5E7D7F7F3D8B4B3F2E2D1A3F8F1C8G3E1C1,1.0,1.0,,,,,,
F5D6C3D3C4F4E6F6E3C5C6B6C7B5E7D7F7F3D8F2E2C8B4F8G4E8A5H3F1,1.0,1.0,,,,,,
F5D6C3D3C4F4E6F6E3C5C6B5D7E7B6B3F8C7A4C8E8F7B4A6D8G8B7F3G3G5D2A8G4C1E1C2H5D1,1.0,1.0,601.0,,,,,
F5D6C3D3C4F4E6F6E3C5C6B5D7E7B6B3F8C7A4C8E8F7B4A6D8G8B7F3G3G5D2A8G4C1E1C2H5D1B1,1.0,1.0,602.0,,,,,
F5D6C3D3C4F4E6F6E3C5C6B5D7E7B6B3F8C7A4C8E8F7B4A6D8G8B7F3G3G5D2A8G4C1E1C2H5D1B1E2,1.0,1.0,,,,,,
F5D6C3D3C4F4E6F6E3C5C6B5D7E7B6B3F8C7A4C8E8F7B4A6D8G8B7F3G3G5D2C1E1A8G4C2H5G6B8,1.0,1.0,,,,,,
F5D6C3D3C4F4E6F6E3C5C6B5D7E7B6B3F8C7A4E8D8F2F3A5A3A6F1E2B4A2,1.0,3.0,605.0,667.0,689.0,,,
F5D6C3D3C4F4E6F6E3C5C6B5D7E7B6B3F8C7A4E8D8F2F3A5A3A6F1E2B4A2G3,1.0,1.0,606.0,,,,,
F5D6C3D3C4F4E6F6E3C5C6B5D7E7B6B3F8C7A4E8D8F2F3A5A3A6F1E2B4A2G3C2,1.0,1.0,,,,,,
F5D6C3D3C4F4E6F6E3C5C6B6C7B5E7D7F7F3B4F8C8F2E2A3G6G5E8,1.0,1.0,,,,,,
F5D6C3D3C4F4E6F6E3C5C6B5D7E7B6B3F8C7A4C8B4D8F7A6G4A5A3H3E8,1.0,1.0,,,,,,
F5D6C3D3C4F4E6F6E3C5C6B6C7B5E7D7F7F3C8B4B3F2E2D1A3D2C2A5G4C1G6H5A7G5H3A6,1.0,1.0,610.0,,,,,
F5D6C3D3C4F4E6F6E3C5C6B6C7B5E7D7F7F3C8B4B3F2E2D1A3D2C2A5G4C1G6H5A7G5H3A6A4,1.0,1.0,,,,,,
F5D6C3D3C4F4E6F6E3C5C6B5D7E7B6B3F8C7A4C8E8F7B4A6D8G8B7F3G3G5D2C1E1H3G4D1B1G6H4,1.0,1.0,612.0,,,,,
F5D6C3D3C4F4E6F6E3C5C6B5D7E7B6B3F8C7A4C8E8F7B4A6D8G8B7F3G3G5D2C1E1H3G4D1B1G6H4H6,1.0,1.0,,,,,,
F5D6C3D3C4F4E6F6E3C5C6B5D7E7B6B3F8C7C8B4A5F2,1.0,1.0,614.0,,,,,
F5D6C3D3C4F4E6F6E3C5C6B5D7E7B6B3F8C7C8B4A5F2A3,1.0,1.0,,,,,,
F5D6C3D3C4F4E6F6E3C5C6B5D7E7B6B3F8C7A4C8E8F7B4A6D8G8B7F3G3G5D2A8G4C1C2A3A7G6A2,2.0,1.0,616.0,773.0,,,,
F5D6C3D3C4F4E6F6E3C5C6B5D7E7B6B3F8C7A4C8E8F7B4A6D8G8B7F3G3G5D2A8G4C1C2A3A7G6A2B1,1.0,1.0,,,,,,
F5D6C3D3C4F4E6F6E3C5C6B6C7B5E7D7F7F3C8B4B3F2E2D1A3D2C2A5G4C1G6H5H3,1.0,1.0,,,,,,
F5D6C3D3C4F4E6F6E3C5C6B5D7E7B6B3F8C7A4C8B4D8F7A6A3F3G3F2G5,1.0,1.0,619.0,,,,,
F5D6C3D3C4F4E6F6E3C5C6B5D7E7B6B3F8C7A4C8B4D8F7A6A3F3G3F2G5G6,1.0,1.0,,,,,,
F5D6C3D3C4F4E6F6E3C5C6B6C7B5E7D7B4F3F7F8C8F2E2A3G6G5E8,1.0,1.0,,,,,,
F5D6C3D3C4F4E6F6E3C5C6B6C7B5E7D7F7F3C8B4B3F2E2D1A3A4E1F1A6A2G6,1.0,1.0,,,,,,
F5D6C3D3C4F4E6F6E3C5C6B5D7E7B6B3F8C7A4C8E8F7B4A6D8G8B7F3G3G5D2D1E2A8B8A7E1,2.0,1.0,623.0,,,,,
F5D6C3D3C4F4E6F6E3C5C6B5D7E7B6B3F8C7A4C8E8F7B4A6D8G8B7F3G3G5D2D1E2A8B8A7E1A5,2.0,1.0,624.0,,,,,
F5D6C3D3C4F4E6F6E3C5C6B5D7E7B6B3F8C7A4C8E8F7B4A6D8G8B7F3G3G5D2D1E2A8B8A7E1A5C1,2.0,1.0,625.0,799.0,,,,
F5D6C3D3C4F4E6F6E3C5C6B5D7E7B6B3F8C7A4C8E8F7B4A6D8G8B7F3G3G5D2D1E2A8B8A7E1A5C1A3,1.0,1.0,,,,,,
F5D6C3D3C4F4E6F6E3C5C6B5D7E7B6B3F8C7A4E8D8F2F3A5A3A6B4A2F1,1.0,1.0,627.0,,,,,
F5D6C3D3C4F4E6F6E3C5C6B5D7E7B6B3F8C7A4E8D8F2F3A5A3A6B4A2F1E2,1.0,1.0,628.0,,,,,
F5D6C3D3C4F4E6F6E3C5C6B5D7E7B6B3F8C7A4E8D8F2F3A5A3A6B4A2F1E2G5,1.0,1.0,629.0,,,,,
F5D6C3D3C4F4E6F6E3C5C6B5D7E7B6B3F8C7A4E8D8F2F3A5A3A6B4A2F1E2G5H5,1.0,1.0,630.0,,,,,
F5D6C3D3C4F4E6F6E3C5C6B5D7E7B6B3F8C7A4E8D8F2F3A5A3A6B4A2F1E2G5H5E1,1.0,1.0,631.0,,,,,
F5D6C3D3C4F4E6F6E3C5C6B5D7E7B6B3F8C7A4E8D8F2F3A5A3A6B4A2F1E2G5H5E1C2,1.0,1.0,632.0,,,,,
F5D6C3D3C4F4E6F6E3C5C6B5D7E7B6B3F8C7A4E8D8F2F3A5A3A6B4A2F1E2G5H5E1C2D2,1.0,1.0,633.0,,,,,
F5D6C3D3C4F4E6F6E3C5C6B5D7E7B6B3F8C7A4E8D8F2F3A5A3A6B4A2F1E2G5H5E1C2D2D1,1.0,1.0,634.0,,,,,
F5D6C3D3C4F4E6F6E3C5C6B5D7E7B6B3F8C7A4E8D8F2F3A5A3A6B4A2F1E2G5H5E1C2D2D1G6,1.0,1.0,635.0,,,,,
F5D6C3D3C4F4E6F6E3C5C6B5D7E7B6B3F8C7A4E8D8F2F3A5A3A6B4A2F1E2G5H5E1C2D2D1G6G3,1.0,1.0,636.0,,,,,
F5D6C3D3C4F4E6F6E3C5C6B5D7E7B6B3F8C7A4E8D8F2F3A5A3A6B4A2F1E2G5H5E1C2D2D1G6G3H3,1.0,1.0,637.0,,,,,
F5D6C3D3C4F4E6F6E3C5C6B5D7E7B6B3F8C7A4E8D8F2F3A5A3A6B4A2F1E2G5H5E1C2D2D1G6G3H3G4,1.0,1.0,,,,,,
F5D6C3D3C4F4E6F6E3C5C6B5D7E7B6B3F8C7C8A6,1.0,1.0,639.0,,,,,
F5D6C3D3C4F4E6F6E3C5C6B5D7E7B6B3F8C7C8A6A4,1.0,1.0,640.0,,,,,
F5D6C3D3C4F4E6F6E3C5C6B5D7E7B6B3F8C7C8A6A4A5,1.0,1.0,641.0,,,,,
F5D6C3D3C4F4E6F6E3C5C6B5D7E7B6B3F8C7C8A6A4A5B4,1.0,1.0,642.0,,,,,
F5D6C3D3C4F4E6F6E3C5C6B5D7E7B6B3F8C7C8A6A4A5B4A3,1.0,1.0,643.0,,,,,
F5D6C3D3C4F4E6F6E3C5C6B5D7E7B6B3F8C7C8A6A4A5B4A3F7,1.0,1.0,644.0,,,,,
F5D6C3D3C4F4E6F6E3C5C6B5D7E7B6B3F8C7C8A6A4A5B4A3F7F2,1.0,1.0,,,,,,
F5D6C3D3C4F4E6F6E3C5C6B5D7E7B6B3F8C7C8B4A5A6A4A3F3E2G3,1.0,1.0,646.0,,,,,
F5D6C3D3C4F4E6F6E3C5C6B5D7E7B6B3F8C7C8B4A5A6A4A3F3E2G3G5,1.0,1.0,,,,,,
F5D6C3D3C4F4E6F6E3C5C6B5D7E7B6B3F8C7A4C8E8F7B4A6D8G8B7F3G3G5D2A8G4C1E1C2H6D1B1H5,1.0,1.0,,,,,,
F5D6C3D3C4F4E6F6E3C5C6B5D7E7B6B3F8C7A4C8B4D8F7A6A3F3G3F2E8D2,1.0,1.0,649.0,,,,,
F5D6C3D3C4F4E6F6E3C5C6B5D7E7B6B3F8C7A4C8B4D8F7A6A3F3G3F2E8D2G5,1.0,1.0,,,,,,
F5D6C3D3C4F4E6F6E3C5C6B5D7E7B6B3F8C7A4C8B4D8G3A6A3A5G5C2,1.0,1.0,,,,,,
F5D6C3D3C4F4E6F6E3C5C6B5D7E7B6B3F8C7A4E8D8F2F3A5A3A6F1E2B4C2G6,1.0,1.0,652.0,,,,,
F5D6C3D3C4F4E6F6E3C5C6B5D7E7B6B3F8C7A4E8D8F2F3A5A3A6F1E2B4C2G6A2,1.0,1.0,,,,,,
F5D6C3D3C4F4E6F6E3C5C6B5D7E7B6B3F8C7A4C8E8F7B4A6D8G8G3,2.0,1.0,654.0,,,,,
F5D6C3D3C4F4E6F6E3C5C6B5D7E7B6B3F8C7A4C8E8F7B4A6D8G8G3D2,2.0,1.0,655.0,,,,,
F5D6C3D3C4F4E6F6E3C5C6B5D7E7B6B3F8C7A4C8E8F7B4A6D8G8G3D2E2,2.0,1.0,656.0,,,,,
F5D6C3D3C4F4E6F6E3C5C6B5D7E7B6B3F8C7A4C8E8F7B4A6D8G8G3D2E2C2,2.0,1.0,657.0,,,,,
F5D6C3D3C4F4E6F6E3C5C6B5D7E7B6B3F8C7A4C8E8F7B4A6D8G8G3D2E2C2C1,2.0,1.0,658.0,,,,,
F5D6C3D3C4F4E6F6E3C5C6B5D7E7B6B3F8C7A4C8E8F7B4A6D8G8G3D2E2C2C1D1,2.0,1.0,659.0,,,,,
F5D6C3D3C4F4E6F6E3C5C6B5D7E7B6B3F8C7A4C8E8F7B4A6D8G8G3D2E2C2C1D1E1,2.0,1.0,660.0,,,,,
F5D6C3D3C4F4E6F6E3C5C6B5D7E7B6B3F8C7A4C8E8F7B4A6D8G8G3D2E2C2C1D1E1A5,2.0,1.0,661.0,,,,,
F5D6C3D3C4F4E6F6E3C5C6B5D7E7B6B3F8C7A4C8E8F7B4A6D8G8G3D2E2C2C1D1E1A5A3,2.0,1.0,662.0,,,,,
F5D6C3D3C4F4E6F6E3C5C6B5D7E7B6B3F8C7A4C8E8F7B4A6D8G8G3D2E2C2C1D1E1A5A3A2,2.0,1.0,663.0,,,,,
F5D6C3D3C4F4E6F6E3C5C6B5D7E7B6B3F8C7A4C8E8F7B4A6D8G8G3D2E2C2C1D1E1A5A3A2B8,2.0,1.0,664.0,,,,,
F5D6C3D3C4F4E6F6E3C5C6B5D7E7B6B3F8C7A4C8E8F7B4A6D8G8G3D2E2C2C1D1E1A5A3A2B8A8,2.0,1.0,665.0,,,,,
F5D6C3D3C4F4E6F6E3C5C6B5D7E7B6B3F8C7A4C8E8F7B4A6D8G8G3D2E2C2C1D1E1A5A3A2B8A8A7,2.0,1.0,666.0,790.0,,,,
F5D6C3D3C4F4E6F6E3C5C6B5D7E7B6B3F8C7A4C8E8F7B4A6D8G8G3D2E2C2C1D1E1A5A3A2B8A8A7B7,1.0,1.0,,,,,,
F5D6C3D3C4F4E6F6E3C5C6B5D7E7B6B3F8C7A4E8D8F2F3A5A3A6F1E2B4A2G5,1.0,1.0,668.0,,,,,
F5D6C3D3C4F4E6F6E3C5C6B5D7E7B6B3F8C7A4E8D8F2F3A5A3A6F1E2B4A2G5G3,1.0,1.0,,,,,,
F5D6C3D3C4F4E6F6E3C5C6B6C7B5E7D7B4F3D8A4G4F7G6F2E8H5,1.0,1.0,670.0,,,,,
F5D6C3D3C4F4E6F6E3C5C6B6C7B5E7D7B4F3D8A4G4F7G6F2E8H5B3,1.0,1.0,671.0,,,,,
F5D6C3D3C4F4E6F6E3C5C6B6C7B5E7D7B4F3D8A4G4F7G6F2E8H5B3G5,1.0,1.0,672.0,,,,,
F5D6C3D3C4F4E6F6E3C5C6B6C7B5E7D7B4F3D8A4G4F7G6F2E8H5B3G5E2,1.0,1.0,673.0,,,,,
F5D6C3D3C4F4E6F6E3C5C6B6C7B5E7D7B4F3D8A4G4F7G6F2E8H5B3G5E2H6,1.0,1.0,674.0,,,,,
F5D6C3D3C4F4E6F6E3C5C6B6C7B5E7D7B4F3D8A4G4F7G6F2E8H5B3G5E2H6G3,1.0,1.0,,,,,,
F5D6C3D3C4F4E6F6E3C5C6B6C7B5E7D7B4F3D8A4G4F7G6G5,1.0,3.0,676.0,774.0,,,,
F5D6C3D3C4F4E6F6E3C5C6B6C7B5E7D7B4F3D8A4G4F7G6G5E8,1.0,2.0,677.0,,,,,
F5D6C3D3C4F4E6F6E3C5C6B6C7B5E7D7B4F3D8A4G4F7G6G5E8F2,1.0,2.0,678.0,730.0,,,,
F5D6C3D3C4F4E6F6E3C5C6B6C7B5E7D7B4F3D8A4G4F7G6G5E8F2E2,1.0,1.0,,,,,,
F5D6C3D3C4F4E6F6E3C5C6B6C7B5E7D7F7F3D8F2B4F8E2C8G4E8A5H3H5A3A7A6,1.0,1.0,680.0,,,,,
F5D6C3D3C4F4E6F6E3C5C6B6C7B5E7D7F7F3D8F2B4F8E2C8G4E8A5H3H5A3A7A6A4,1.0,1.0,,,,,,
F5D6C3D3C4F4E6F6E3C5C6B6C7B5E7D7F7F3D8F2G4G5B4D2C2E2B3A5,1.0,1.0,,,,,,
F5D6C3D3C4F4E6F6E3C5C6B6C7B5D7E7E8B4B3F2F3C2G6E2G4C8G3D8A5A4,1.0,1.0,,,,,,
F5D6C3D3C4F4E6F6E3C5C6B5D7E7B6B3F8C7A4C8B4D8F7A6A3F2,1.0,1.0,684.0,,,,,
F5D6C3D3C4F4E6F6E3C5C6B5D7E7B6B3F8C7A4C8B4D8F7A6A3F2E2,1.0,1.0,685.0,,,,,
F5D6C3D3C4F4E6F6E3C5C6B5D7E7B6B3F8C7A4C8B4D8F7A6A3F2E2F3,1.0,1.0,686.0,,,,,
F5D6C3D3C4F4E6F6E3C5C6B5D7E7B6B3F8C7A4C8B4D8F7A6A3F2E2F3G3,1.0,1.0,687.0,,,,,
F5D6C3D3C4F4E6F6E3C5C6B5D7E7B6B3F8C7A4C8B4D8F7A6A3F2E2F3G3E1,1.0,1.0,688.0,,,,,
F5D6C3D3C4F4E6F6E3C5C6B5D7E7B6B3F8C7A4C8B4D8F7A6A3F2E2F3G3E1G5,1.0,1.0,,,,,,
F5D6C3D3C4F4E6F6E3C5C6B5D7E7B6B3F8C7A4E8D8F2F3A5A3A6F1E2B4A2E1,1.0,1.0,690.0,,,,,
F5D6C3D3C4F4E6F6E3C5C6B5D7E7B6B3F8C7A4E8D8F2F3A5A3A6F1E2B4A2E1C2,1.0,1.0,,,,,,
F5D6C3D3C4F4E6F6E3C5C6B5D7E7B6B3F8C8D8D2G3,1.0,1.0,692.0,,,,,
F5D6C3D3C4F4E6F6E3C5C6B5D7E7B6B3F8C8D8D2G3B4,1.0,1.0,693.0,,,,,
F5D6C3D3C4F4E6F6E3C5C6B5D7E7B6B3F8C8D8D2G3B4E2,1.0,1.0,694.0,,,,,
F5D6C3D3C4F4E6F6E3C5C6B5D7E7B6B3F8C8D8D2G3B4E2C7,1.0,1.0,,,,,,
F5D6C3D3C4F4E6F6E3C5C6B6C7B5D7E7E8B4B3F2F3C2G6E2A6G3G4A4,1.0,1.0,696.0,,,,,
F5D6C3D3C4F4E6F6E3C5C6B6C7B5D7E7E8B4B3F2F3C2G6E2A6G3G4A4A5,1.0,1.0,697.0,,,,,
F5D6C3D3C4F4E6F6E3C5C6B6C7B5D7E7E8B4B3F2F3C2G6E2A6G3G4A4A5A7,1.0,1.0,698.0,,,,,
F5D6C3D3C4F4E6F6E3C5C6B6C7B5D7E7E8B4B3F2F3C2G6E2A6G3G4A4A5A7D2,1.0,1.0,,,,,,
F5D6C3D3C4F4E6F6E3C5C6B5D7E7B6B3F8C7A4E8D8F2F3A5A3A6B4A2G3G4H5E2G6,2.0,1.0,700.0,,,,,
F5D6C3D3C4F4E6F6E3C5C6B5D7E7B6B3F8C7A4E8D8F2F3A5A3A6B4A2G3G4H5E2G6C2,2.0,1.0,701.0,,,,,
F5D6C3D3C4F4E6F6E3C5C6B5D7E7B6B3F8C7A4E8D8F2F3A5A3A6B4A2G3G4H5E2G6C2F1,2.0,1.0,702.0,,,,,
F5D6C3D3C4F4E6F6E3C5C6B5D7E7B6B3F8C7A4E8D8F2F3A5A3A6B4A2G3G4H5E2G6C2F1H4,2.0,1.0,703.0,,,,,
F5D6C3D3C4F4E6F6E3C5C6B5D7E7B6B3F8C7A4E8D8F2F3A5A3A6B4A2G3G4H5E2G6C2F1H4D1,2.0,1.0,704.0,757.0,,,,
F5D6C3D3C4F4E6F6E3C5C6B5D7E7B6B3F8C7A4E8D8F2F3A5A3A6B4A2G3G4H5E2G6C2F1H4D1H3,1.0,1.0,705.0,,,,,
F5D6C3D3C4F4E6F6E3C5C6B5D7E7B6B3F8C7A4E8D8F2F3A5A3A6B4A2G3G4H5E2G6C2F1H4D1H3D2,1.0,1.0,706.0,,,,,
F5D6C3D3C4F4E6F6E3C5C6B5D7E7B6B3F8C7A4E8D8F2F3A5A3A6B4A2G3G4H5E2G6C2F1H4D1H3D2F7,1.0,1.0,,,,,,
F5D6C3D3C4F4E6F6E3C5C6B5D7E7B6B3F8C7A4C8E8F7B4A6D8G8B7F3G3G5D2A8G4C2C1B2B8A7F2,1.0,1.0,708.0,,,,,
F5D6C3D3C4F4E6F6E3C5C6B5D7E7B6B3F8C7A4C8E8F7B4A6D8G8B7F3G3G5D2A8G4C2C1B2B8A7F2A5,1.0,1.0,,,,,,
F5D6C3D3C4F4E6F6E3C5C6B6C7B5D7E7E8B4B3F2F3E2,1.0,1.0,710.0,,,,,
F5D6C3D3C4F4E6F6E3C5C6B6C7B5D7E7E8B4B3F2F3E2G3,1.0,1.0,711.0,,,,,
F5D6C3D3C4F4E6F6E3C5C6B6C7B5D7E7E8B4B3F2F3E2G3F7,1.0,1.0,712.0,,,,,
F5D6C3D3C4F4E6F6E3C5C6B6C7B5D7E7E8B4B3F2F3E2G3F7G4,1.0,1.0,713.0,,,,,
F5D6C3D3C4F4E6F6E3C5C6B6C7B5D7E7E8B4B3F2F3E2G3F7G4F8,1.0,1.0,714.0,,,,,
F5D6C3D3C4F4E6F6E3C5C6B6C7B5D7E7E8B4B3F2F3E2G3F7G4F8D2,1.0,1.0,715.0,,,,,
F5D6C3D3C4F4E6F6E3C5C6B6C7B5D7E7E8B4B3F2F3E2G3F7G4F8D2C8,1.0,1.0,716.0,,,,,
F5D6C3D3C4F4E6F6E3C5C6B6C7B5D7E7E8B4B3F2F3E2G3F7G4F8D2C8G8,1.0,1.0,717.0,,,,,
F5D6C3D3C4F4E6F6E3C5C6B6C7B5D7E7E8B4B3F2F3E2G3F7G4F8D2C8G8G5,1.0,1.0,718.0,,,,,
F5D6C3D3C4F4E6F6E3C5C6B6C7B5D7E7E8B4B3F2F3E2G3F7G4F8D2C8G8G5H6,1.0,1.0,719.0,,,,,
F5D6C3D3C4F4E6F6E3C5C6B6C7B5D7E7E8B4B3F2F3E2G3F7G4F8D2C8G8G5H6H3,1.0,1.0,,,,,,
F5D6C3D3C4F4E6F6E3C5C6B6C7B5E7D7F7F3D8F2E2C8B4F8G4E8A5H3A6,1.0,1.0,721.0,,,,,
F5D6C3D3C4F4E6F6E3C5C6B6C7B5E7D7F7F3D8F2E2C8B4F8G4E8A5H3A6B3,1.0,1.0,722.0,,,,,
F5D6C3D3C4F4E6F6E3C5C6B6C7B5E7D7F7F3D8F2E2C8B4F8G4E8A5H3A6B3H5,1.0,1.0,723.0,,,,,
F5D6C3D3C4F4E6F6E3C5C6B6C7B5E7D7F7F3D8F2E2C8B4F8G4E8A5H3A6B3H5C2,1.0,1.0,,,,,,
F5D6C3D3C4F4E6F6E3C5C6B5D7E7B6B3F8C7A4C8E8F7B4A6D8G8B7F3G3G5D2C1E1A8G4C2H5D1,1.0,1.0,725.0,,,,,
F5D6C3D3C4F4E6F6E3C5C6B5D7E7B6B3F8C7A4C8E8F7B4A6D8G8B7F3G3G5D2C1E1A8G4C2H5D1B1,1.0,1.0,726.0,,,,,
F5D6C3D3C4F4E6F6E3C5C6B5D7E7B6B3F8C7A4C8E8F7B4A6D8G8B7F3G3G5D2C1E1A8G4C2H5D1B1E2,1.0,1.0,,,,,,
F5D6C3D3C4F4E6F6E3C5C6B5D7E7B6B3F8C8D8D2A3C7F7,1.0,1.0,728.0,,,,,
F5D6C3D3C4F4E6F6E3C5C6B5D7E7B6B3F8C8D8D2A3C7F7B4,1.0,1.0,,,,,,
F5D6C3D3C4F4E6F6E3C5C6B5D7E7B6B3F8C7A4C8E8F7B4A6D8G8B7F3G3G5D2A8G4C2H5C1A2A3F2,1.0,1.0,,,,,,
F5D6C3D3C4F4E6F6E3C5C6B6C7B5E7D7B4F3D8A4G4F7G6G5E8F2B3,1.0,1.0,731.0,,,,,
F5D6C3D3C4F4E6F6E3C5C6B6C7B5E7D7B4F3D8A4G4F7G6G5E8F2B3H5,1.0,1.0,732.0,,,,,
F5D6C3D3C4F4E6F6E3C5C6B6C7B5E7D7B4F3D8A4G4F7G6G5E8F2B3H5E2,1.0,1.0,733.0,,,,,
F5D6C3D3C4F4E6F6E3C5C6B6C7B5E7D7B4F3D8A4G4F7G6G5E8F2B3H5E2H6,1.0,1.0,734.0,,,,,
F5D6C3D3C4F4E6F6E3C5C6B6C7B5E7D7B4F3D8A4G4F7G6G5E8F2B3H5E2H6G3,1.0,1.0,,,,,,
F5D6C3D3C4F4E6F6E3C5C6B6C7B5E7D7B4F7,1.0,1.0,736.0,,,,,
F5D6C3D3C4F4E6F6E3C5C6B6C7B5E7D7B4F7G4,1.0,1.0,737.0,,,,,
F5D6C3D3C4F4E6F6E3C5C6B6C7B5E7D7B4F7G4A3,1.0,1.0,738.0,,,,,
F5D6C3D3C4F4E6F6E3C5C6B6C7B5E7D7B4F7G4A3G5,1.0,1.0,739.0,,,,,
F5D6C3D3C4F4E6F6E3C5C6B6C7B5E7D7B4F7G4A3G5D8,1.0,1.0,740.0,,,,,
F5D6C3D3C4F4E6F6E3C5C6B6C7B5E7D7B4F7G4A3G5D8A6,1.0,1.0,741.0,,,,,
F5D6C3D3C4F4E6F6E3C5C6B6C7B5E7D7B4F7G4A3G5D8A6A5,1.0,1.0,742.0,,,,,
F5D6C3D3C4F4E6F6E3C5C6B6C7B5E7D7B4F7G4A3G5D8A6A5B7,1.0,1.0,743.0,,,,,
F5D6C3D3C4F4E6F6E3C5C6B6C7B5E7D7B4F7G4A3G5D8A6A5B7B3,1.0,1.0,744.0,,,,,
F5D6C3D3C4F4E6F6E3C5C6B6C7B5E7D7B4F7G4A3G5D8A6A5B7B3A4,1.0,1.0,745.0,,,,,
F5D6C3D3C4F4E6F6E3C5C6B6C7B5E7D7B4F7G4A3G5D8A6A5B7B3A4D2,1.0,1.0,746.0,,,,,
F5D6C3D3C4F4E6F6E3C5C6B6C7B5E7D7B4F7G4A3G5D8A6A5B7B3A4D2G6,1.0,1.0,,,,,,
F5D6C3D3C4F4E6F6E3C5C6B6C7B5E7D7F7F3D8F2B4F8E2C8G4E8A5H3F1,1.0,1.0,,,,,,
F5D6C3D3C4F4E6F6E3C5C6B5D7E7B6B3F8C7A4C8B4D8G3D2C1,1.0,1.0,749.0,,,,,
F5D6C3D3C4F4E6F6E3C5C6B5D7E7B6B3F8C7A4C8B4D8G3D2C1F2,1.0,1.0,750.0,,,,,
F5D6C3D3C4F4E6F6E3C5C6B5D7E7B6B3F8C7A4C8B4D8G3D2C1F2A3,1.0,1.0,751.0,,,,,
F5D6C3D3C4F4E6F6E3C5C6B5D7E7B6B3F8C7A4C8B4D8G3D2C1F2A3G4,1.0,1.0,,,,,,
F5D6C3D3C4F4E6F6E3C5C6B5D7E7B6B3F8C7A4C8E8F7B4A6D8G8B7F3G3G5D2C1E1A8G4A5,1.0,1.0,753.0,,,,,
F5D6C3D3C4F4E6F6E3C5C6B5D7E7B6B3F8C7A4C8E8F7B4A6D8G8B7F3G3G5D2C1E1A8G4A5F2,1.0,1.0,754.0,,,,,
F5D6C3D3C4F4E6F6E3C5C6B5D7E7B6B3F8C7A4C8E8F7B4A6D8G8B7F3G3G5D2C1E1A8G4A5F2C2,1.0,1.0,755.0,,,,,
F5D6C3D3C4F4E6F6E3C5C6B5D7E7B6B3F8C7A4C8E8F7B4A6D8G8B7F3G3G5D2C1E1A8G4A5F2C2D1,1.0,1.0,756.0,,,,,
F5D6C3D3C4F4E6F6E3C5C6B5D7E7B6B3F8C7A4C8E8F7B4A6D8G8B7F3G3G5D2C1E1A8G4A5F2C2D1H4,1.0,1.0,,,,,,
F5D6C3D3C4F4E6F6E3C5C6B5D7E7B6B3F8C7A4E8D8F2F3A5A3A6B4A2G3G4H5E2G6C2F1H4D1F7,1.0,1.0,,,,,,
F5D6C3D3C4F4E6F6E3C5C6B6C7B5E7D7F7F3D8F2A4A5E2B3B4A3G5C8G3,1.0,1.0,,,,,,
F5D6C3D3C4F4E6F6E3C5C6B5D7E7B6B3F8C7A4E8D8F2F3A5A3A6B4A2G3H4H3,1.0,1.0,760.0,,,,,
F5D6C3D3C4F4E6F6E3C5C6B5D7E7B6B3F8C7A4E8D8F2F3A5A3A6B4A2G3H4H3H2,1.0,1.0,,,,,,
F5D6C3D3C4F4E6F6E3C5C6B5D7E7B6B3F8C8A4E8,1.0,1.0,,,,,,
F5D6C3D3C4F4E6F6E3C5C6B6C7B5E7D7F7F3D8F2B4F8G6G5H4,1.0,1.0,,,,,,
F5D6C3D3C4F4E6F6E3C5C6B5D7E7B6B3F8C7A4E8D8F2F3A5A3A6F1E2B4D2G3,1.0,1.0,764.0,,,,,
F5D6C3D3C4F4E6F6E3C5C6B5D7E7B6B3F8C7A4E8D8F2F3A5A3A6F1E2B4D2G3G4,1.0,1.0,,,,,,
F5D6C3D3C4F4E6F6E3C5C6B6C7B5E7D7F7F3B4F8D8F2G4G5E2G3,1.0,1.0,,,,,,
F5D6C3D3C4F4E6F6E3C5C6B5D7E7B6B3F8C8E8D8B8B4A5,1.0,1.0,767.0,,,,,
F5D6C3D3C4F4E6F6E3C5C6B5D7E7B6B3F8C8E8D8B8B4A5A4,1.0,1.0,768.0,,,,,
F5D6C3D3C4F4E6F6E3C5C6B5D7E7B6B3F8C8E8D8B8B4A5A4A6,1.0,1.0,769.0,,,,,
F5D6C3D3C4F4E6F6E3C5C6B5D7E7B6B3F8C8E8D8B8B4A5A4A6C7,1.0,1.0,770.0,,,,,
F5D6C3D3C4F4E6F6E3C5C6B5D7E7B6B3F8C8E8D8B8B4A5A4A6C7F7,1.0,1.0,,,,,,
F5D6C3D3C4F4E6F6E3C5C6B6C7B5D7E7E8B4B3F2F3C2G6E2A6F7A3A5A4F8,1.0,1.0,,,,,,
F5D6C3D3C4F4E6F6E3C5C6B6C7B5E7D7F7F3C8B4B3F2E2D1A3A4E1F1G6,1.0,1.0,,,,,,
F5D6C3D3C4F4E6F6E3C5C6B5D7E7B6B3F8C7A4C8E8F7B4A6D8G8B7F3G3G5D2A8G4C1C2A3A7G6A2H2,1.0,1.0,,,,,,
F5D6C3D3C4F4E6F6E3C5C6B6C7B5E7D7B4F3D8A4G4F7G6G5E2,1.0,1.0,,,,,,
F5D6C3D3C4F4E6F6E3C5C6B6C7B5E7D7F7F3C8B4B3F2E2D1A3D2C2A5G4C1G5,1.0,1.0,,,,,,
F5D6C3D3C4F4E6F6E3C5C6B5D7E7B6B3F8C7A4C8B4D8G3D2A3C2,1.0,2.0,777.0,,,,,
F5D6C3D3C4F4E6F6E3C5C6B5D7E7B6B3F8C7A4C8B4D8G3D2A3C2C1,1.0,2.0,778.0,,,,,
F5D6C3D3C4F4E6F6E3C5C6B5D7E7B6B3F8C7A4C8B4D8G3D2A3C2C1E1,1.0,2.0,779.0,802.0,,,,
F5D6C3D3C4F4E6F6E3C5C6B5D7E7B6B3F8C7A4C8B4D8G3D2A3C2C1E1E2,1.0,1.0,780.0,,,,,
F5D6C3D3C4F4E6F6E3C5C6B5D7E7B6B3F8C7A4C8B4D8G3D2A3C2C1E1E2A6,1.0,1.0,,,,,,
F5D6C3D3C4F4E6F6E3C5C6B5D7E7B6B3F8C7A4C8E8F7B4A6D8G8B7F3G3G5D2C1E1A8G4C2H5G6F2H4,1.0,1.0,,,,,,
F5D6C3D3C4F4E6F6E3C5C6B6C7B5E7D7F7F3D8F2B4F8E2C8G4E8A5H3A6,1.0,1.0,783.0,,,,,
F5D6C3D3C4F4E6F6E3C5C6B6C7B5E7D7F7F3D8F2B4F8E2C8G4E8A5H3A6B3,1.0,1.0,784.0,,,,,
F5D6C3D3C4F4E6F6E3C5C6B6C7B5E7D7F7F3D8F2B4F8E2C8G4E8A5H3A6B3H5,1.0,1.0,785.0,,,,,
F5D6C3D3C4F4E6F6E3C5C6B6C7B5E7D7F7F3D8F2B4F8E2C8G4E8A5H3A6B3H5C2,1.0,1.0,,,,,,
F5D6C3D3C4F4E6F6E3C5C6B5D7E7B6B3F8C7A4C8B4D8G3D2E2A6A3C2,1.0,1.0,787.0,,,,,
F5D6C3D3C4F4E6F6E3C5C6B5D7E7B6B3F8C7A4C8B4D8G3D2E2A6A3C2C1,1.0,1.0,788.0,,,,,
F5D6C3D3C4F4E6F6E3C5C6B5D7E7B6B3F8C7A4C8B4D8G3D2E2A6A3C2C1A5,1.0,1.0,,,,,,
F5D6C3D3C4F4E6F6E3C5C6B5D7E7B6B3F8C8D8D2A3C7A4F3F7,1.0,1.0,,,,,,
F5D6C3D3C4F4E6F6E3C5C6B5D7E7B6B3F8C7A4C8E8F7B4A6D8G8G3D2E2C2C1D1E1A5A3A2B8A8A7G4,1.0,1.0,,,,,,
F5D6C3D3C4F4E6F6E3C5C6B5D7E7B6B3F8C7A4E8D8F2F3A5A3A6B4A2G3E2D2,1.0,1.0,792.0,,,,,
F5D6C3D3C4F4E6F6E3C5C6B5D7E7B6B3F8C7A4E8D8F2F3A5A3A6B4A2G3E2D2D1,1.0,1.0,,,,,,
F5D6C3D3C4F4E6F6E3C5C6B5D7E7B6B3F8C7A4C8E8F7B4A6D8G8B7F3G3G5D2A8G4C2H5C1A2G6B8,1.0,1.0,794.0,,,,,
F5D6C3D3C4F4E6F6E3C5C6B5D7E7B6B3F8C7A4C8E8F7B4A6D8G8B7F3G3G5D2A8G4C2H5C1A2G6B8A3,1.0,1.0,,,,,,
F5D6C3D3C4F4E6F6E3C5C6B5D7E7B6B3F8C8D8D2A3C7A4C2B4F3F7,1.0,1.0,796.0,,,,,
F5D6C3D3C4F4E6F6E3C5C6B5D7E7B6B3F8C8D8D2A3C7A4C2B4F3F7B7,1.0,1.0,,,,,,
F5D6C3D3C4F4E6F6E3C5C6B6C7B5D7E7E8B4B3F2F3C2G6E2G4C8G3A4,1.0,1.0,,,,,,
F5D6C3D3C4F4E6F6E3C5C6B6C7B5E7D7F7F3B4F8D8F2G4G5E2H4A5E8,1.0,1.0,,,,,,
F5D6C3D3C4F4E6F6E3C5C6B5D7E7B6B3F8C7A4C8E8F7B4A6D8G8B7F3G3G5D2D1E2A8B8A7E1A5C1B2,1.0,1.0,,,,,,
F5D6C3D3C4F4E6F6E3C5C6B5D7E7B6B3F8C8D8D2E2B4A5F3F2D1,1.0,1.0,801.0,,,,,
F5D6C3D3C4F4E6F6E3C5C6B5D7E7B6B3F8C8D8D2E2B4A5F3F2D1G6,1.0,1.0,,,,,,
F5D6C3D3C4F4E6F6E3C5C6B5D7E7B6B3F8C7A4C8B4D8G3D2A3C2C1E1B7,1.0,1.0,803.0,,,,,
F5D6C3D3C4F4E6F6E3C5C6B5D7E7B6B3F8C7A4C8B4D8G3D2A3C2C1E1B7F2,1.0,1.0,,,,,,
F5D6C3D3C4F4E6F6E3C5C6B5D7E7B6B3F8C8D8D2A3C7C2F3D1,1.0,1.0,805.0,,,,,
F5D6C3D3C4F4E6F6E3C5C6B5D7E7B6B3F8C8D8D2A3C7C2F3D1A5,1.0,1.0,,,,,,
F5D6C3D3C4F4E6F6E3C5C6B5D7E7B6B3F8C7A4C8E8F7B4A6D8G8B7F3G3G5D2A8G4C2C1B2B8A7H5,1.0,1.0,807.0,,,,,
F5D6C3D3C4F4E6F6E3C5C6B5D7E7B6B3F8C7A4C8E8F7B4A6D8G8B7F3G3G5D2A8G4C2C1B2B8A7H5A5,1.0,1.0,,,,,,
F5D6C3D3C4F4E6F6E3C5C6B5D7E7B6B3F8C7A4C8E8F7B4A6D8G8B7F3G3G5D2D1E2A8B8A7H8,1.0,1.0,809.0,,,,,
F5D6C3D3C4F4E6F6E3C5C6B5D7E7B6B3F8C7A4C8E8F7B4A6D8G8B7F3G3G5D2D1E2A8B8A7H8A5,1.0,1.0,810.0,,,,,
F5D6C3D3C4F4E6F6E3C5C6B5D7E7B6B3F8C7A4C8E8F7B4A6D8G8B7F3G3G5D2D1E2A8B8A7H8A5C1,1.0,1.0,811.0,,,,,
F5D6C3D3C4F4E6F6E3C5C6B5D7E7B6B3F8C7A4C8E8F7B4A6D8G8B7F3G3G5D2D1E2A8B8A7H8A5C1B1,1.0,1.0,,,,,,
F5D6C3D3C4F4E6F6E3C5C6B5D7E7B6B3F8C7A4C8E8F7B4A6D8G8B7F3G3G5D2A8G4C2H5C1A2A3B8G6,1.0,1.0,,,,,,
F5D6C3D3C4F4E6F6E3C5C6B5D7E7B6B3F8C7A4E8D8F2F3A5A3A6F1A2B4C2,1.0,1.0,814.0,,,,,
F5D6C3D3C4F4E6F6E3C5C6B5D7E7B6B3F8C7A4E8D8F2F3A5A3A6F1A2B4C2D2,1.0,1.0,815.0,,,,,
F5D6C3D3C4F4E6F6E3C5C6B5D7E7B6B3F8C7A4E8D8F2F3A5A3A6F1A2B4C2D2D1,1.0,1.0,,,,,,
F5D6C3D3C4F4E6F6E3C5C6B5D7E7B6B3F8C7A4E8D8F2F3A5A3A6F1A2B4E2,1.0,1.0,817.0,,,,,
F5D6C3D3C4F4E6F6E3C5C6B5D7E7B6B3F8C7A4E8D8F2F3A5A3A6F1A2B4E2G5,1.0,1.0,818.0,,,,,
F5D6C3D3C4F4E6F6E3C5C6B5D7E7B6B3F8C7A4E8D8F2F3A5A3A6F1A2B4E2G5H5,1.0,1.0,819.0,,,,,
F5D6C3D3C4F4E6F6E3C5C6B5D7E7B6B3F8C7A4E8D8F2F3A5A3A6F1A2B4E2G5H5E1,1.0,1.0,820.0,,,,,
F5D6C3D3C4F4E6F6E3C5C6B5D7E7B6B3F8C7A4E8D8F2F3A5A3A6F1A2B4E2G5H5E1C2,1.0,1.0,821.0,,,,,
F5D6C3D3C4F4E6F6E3C5C6B5D7E7B6B3F8C7A4E8D8F2F3A5A3A6F1A2B4E2G5H5E1C2D2,1.0,1.0,822.0,,,,,
F5D6C3D3C4F4E6F6E3C5C6B5D7E7B6B3F8C7A4E8D8F2F3A5A3A6F1A2B4E2G5H5E1C2D2D1,1.0,1.0,823.0,,,,,
F5D6C3D3C4F4E6F6E3C5C6B5D7E7B6B3F8C7A4E8D8F2F3A5A3A6F1A2B4E2G5H5E1C2D2D1G6,1.0,1.0,824.0,,,,,
F5D6C3D3C4F4E6F6E3C5C6B5D7E7B6B3F8C7A4E8D8F2F3A5A3A6F1A2B4E2G5H5E1C2D2D1G6G3,1.0,1.0,825.0,,,,,
F5D6C3D3C4F4E6F6E3C5C6B5D7E7B6B3F8C7A4E8D8F2F3A5A3A6F1A2B4E2G5H5E1C2D2D1G6G3H3,1.0,1.0,826.0,,,,,
F5D6C3D3C4F4E6F6E3C5C6B5D7E7B6B3F8C7A4E8D8F2F3A5A3A6F1A2B4E2G5H5E1C2D2D1G6G3H3G4,1.0,1.0,,,,,,
F5D6C3D3C4F4E6F6E3C5C6B6C7B5E7D7F7F3D8F2A4A5B4A3E2D1G4,1.0,1.0,828.0,,,,,
F5D6C3D3C4F4E6F6E3C5C6B6C7B5E7D7F7F3D8F2A4A5B4A3E2D1G4G5,1.0,1.0,829.0,,,,,
F5D6C3D3C4F4E6F6E3C5C6B6C7B5E7D7F7F3D8F2A4A5B4A3E2D1G4G5E1,1.0,1.0,830.0,,,,,
F5D6C3D3C4F4E6F6E3C5C6B6C7B5E7D7F7F3D8F2A4A5B4A3E2D1G4G5E1C2,1.0,1.0,831.0,,,,,
F5D6C3D3C4F4E6F6E3C5C6B6C7B5E7D7F7F3D8F2A4A5B4A3E2D1G4G5E1C2F1,1.0,1.0,832.0,,,,,
F5D6C3D3C4F4E6F6E3C5C6B6C7B5E7D7F7F3D8F2A4A5B4A3E2D1G4G5E1C2F1D2,1.0,1.0,833.0,,,,,
F5D6C3D3C4F4E6F6E3C5C6B6C7B5E7D7F7F3D8F2A4A5B4A3E2D1G4G5E1C2F1D2B3,1.0,1.0,834.0,,,,,
F5D6C3D3C4F4E6F6E3C5C6B6C7B5E7D7F7F3D8F2A4A5B4A3E2D1G4G5E1C2F1D2B3H4,1.0,1.0,835.0,,,,,
F5D6C3D3C4F4E6F6E3C5C6B6C7B5E7D7F7F3D8F2A4A5B4A3E2D1G4G5E1C2F1D2B3H4C1,1.0,1.0,836.0,,,,,
F5D6C3D3C4F4E6F6E3C5C6B6C7B5E7D7F7F3D8F2A4A5B4A3E2D1G4G5E1C2F1D2B3H4C1G3,1.0,1.0,837.0,,,,,
F5D6C3D3C4F4E6F6E3C5C6B6C7B5E7D7F7F3D8F2A4A5B4A3E2D1G4G5E1C2F1D2B3H4C1G3G6,1.0,1.0,,,,,,
F5D6C3D3C4F4E6F6E3C5C6B5D7E7B6B3F8C7A4C8B4D8F7A6G4A5A3H3A7F3,1.0,1.0,,,,,,
