,num4black,num4white,0,1,2,3,4
F5,10.0,3.0,1.0,,,,
F5F6,10.0,3.0,2.0,,,,
F5F6E6,10.0,3.0,3.0,,,,
F5F6E6D6,10.0,3.0,4.0,,,,
F5F6E6D6E7,10.0,3.0,5.0,,,,
F5F6E6D6E7G5,10.0,3.0,6.0,,,,
F5F6E6D6E7G5C5,10.0,3.0,7.0,,,,
F5F6E6D6E7G5C5C6,10.0,3.0,8.0,,,,
F5F6E6D6E7G5C5C6E3,10.0,3.0,9.0,,,,
F5F6E6D6E7G5C5C6E3C4,10.0,3.0,10.0,,,,
F5F6E6D6E7G5C5C6E3C4D7,10.0,3.0,11.0,30.0,,,
F5F6E6D6E7G5C5C6E3C4D7C7,6.0,3.0,12.0,,,,
F5F6E6D6E7G5C5C6E3C4D7C7F7,6.0,3.0,13.0,,,,
F5F6E6D6E7G5C5C6E3C4D7C7F7C3,6.0,3.0,14.0,,,,
F5F6E6D6E7G5C5C6E3C4D7C7F7C3D3,6.0,3.0,15.0,,,,
F5F6E6D6E7G5C5C6E3C4D7C7F7C3D3F4,6.0,3.0,16.0,,,,
F5F6E6D6E7G5C5C6E3C4D7C7F7C3D3F4G6,6.0,3.0,17.0,,,,
F5F6E6D6E7G5C5C6E3C4D7C7F7C3D3F4G6F2,6.0,3.0,18.0,,,,
F5F6E6D6E7G5C5C6E3C4D7C7F7C3D3F4G6F2E2,6.0,3.0,19.0,,,,
F5F6E6D6E7G5C5C6E3C4D7C7F7C3D3F4G6F2E2F3,6.0,3.0,20.0,362.0,,,
F5F6E6D6E7G5C5C6E3C4D7C7F7C3D3F4G6F2E2F3H4,6.0,2.0,21.0,,,,
F5F6E6D6E7G5C5C6E3C4D7C7F7C3D3F4G6F2E2F3H4D8,6.0,2.0,22.0,,,,
F5F6E6D6E7G5C5C6E3C4D7C7F7C3D3F4G6F2E2F3H4D8G4,6.0,2.0,23.0,164.0,297.0,,
F5F6E6D6E7G5C5C6E3C4D7C7F7C3D3F4G6F2E2F3H4D8G4E8,4.0,3.0,24.0,95.0,225.0,,
F5F6E6D6E7G5C5C6E3C4D7C7F7C3D3F4G6F2E2F3H4D8G4E8D2,6.0,1.0,25.0,64.0,,,
F5F6E6D6E7G5C5C6E3C4D7C7F7C3D3F4G6F2E2F3H4D8G4E8D2H6,3.0,1.0,26.0,,,,
F5F6E6D6E7G5C5C6E3C4D7C7F7C3D3F4G6F2E2F3H4D8G4E8D2H6H5,3.0,1.0,27.0,,,,
F5F6E6D6E7G5C5C6E3C4D7C7F7C3D3F4G6F2E2F3H4D8G4E8D2H6H5H3,3.0,1.0,28.0,,,,
F5F6E6D6E7G5C5C6E3C4D7C7F7C3D3F4G6F2E2F3H4D8G4E8D2H6H5H3C2,3.0,1.0,29.0,377.0,720.0,,
F5F6E6D6E7G5C5C6E3C4D7C7F7C3D3F4G6F2E2F3H4D8G4E8D2H6H5H3C2F8,1.0,1.0,,,,,
F5F6E6D6E7G5C5C6E3C4D7F8,4.0,5.0,31.0,69.0,,,
F5F6E6D6E7G5C5C6E3C4D7F8B3,6.0,3.0,32.0,,,,
F5F6E6D6E7G5C5C6E3C4D7F8B3F3,6.0,3.0,33.0,,,,
F5F6E6D6E7G5C5C6E3C4D7F8B3F3F4,6.0,3.0,34.0,49.0,,,
F5F6E6D6E7G5C5C6E3C4D7F8B3F3F4G3,1.0,4.0,35.0,192.0,426.0,,
F5F6E6D6E7G5C5C6E3C4D7F8B3F3F4G3G4,2.0,1.0,36.0,,,,
F5F6E6D6E7G5C5C6E3C4D7F8B3F3F4G3G4D2,2.0,1.0,37.0,,,,
F5F6E6D6E7G5C5C6E3C4D7F8B3F3F4G3G4D2E2,2.0,1.0,38.0,566.0,,,
F5F6E6D6E7G5C5C6E3C4D7F8B3F3F4G3G4D2E2H4,1.0,1.0,39.0,,,,
F5F6E6D6E7G5C5C6E3C4D7F8B3F3F4G3G4D2E2H4G6,1.0,1.0,40.0,,,,
F5F6E6D6E7G5C5C6E3C4D7F8B3F3F4G3G4D2E2H4G6F7,1.0,1.0,41.0,,,,
F5F6E6D6E7G5C5C6E3C4D7F8B3F3F4G3G4D2E2H4G6F7H6,1.0,1.0,42.0,,,,
F5F6E6D6E7G5C5C6E3C4D7F8B3F3F4G3G4D2E2H4G6F7H6C8,1.0,1.0,43.0,,,,
F5F6E6D6E7G5C5C6E3C4D7F8B3F3F4G3G4D2E2H4G6F7H6C8C1,1.0,1.0,44.0,,,,
F5F6E6D6E7G5C5C6E3C4D7F8B3F3F4G3G4D2E2H4G6F7H6C8C1H5,1.0,1.0,45.0,,,,
F5F6E6D6E7G5C5C6E3C4D7F8B3F3F4G3G4D2E2H4G6F7H6C8C1H5H3,1.0,1.0,46.0,,,,
F5F6E6D6E7G5C5C6E3C4D7F8B3F3F4G3G4D2E2H4G6F7H6C8C1H5H3D3,1.0,1.0,47.0,,,,
F5F6E6D6E7G5C5C6E3C4D7F8B3F3F4G3G4D2E2H4G6F7H6C8C1H5H3D3C3,1.0,1.0,48.0,,,,
F5F6E6D6E7G5C5C6E3C4D7F8B3F3F4G3G4D2E2H4G6F7H6C8C1H5H3D3C3B4,1.0,1.0,,,,,
F5F6E6D6E7G5C5C6E3C4D7F8B3F3F4E2,5.0,3.0,50.0,101.0,,,
F5F6E6D6E7G5C5C6E3C4D7F8B3F3F4E2B5,5.0,2.0,51.0,115.0,,,
F5F6E6D6E7G5C5C6E3C4D7F8B3F3F4E2B5D3,3.0,2.0,52.0,,,,
F5F6E6D6E7G5C5C6E3C4D7F8B3F3F4E2B5D3C7,3.0,2.0,53.0,,,,
F5F6E6D6E7G5C5C6E3C4D7F8B3F3F4E2B5D3C7C3,3.0,2.0,54.0,,,,
F5F6E6D6E7G5C5C6E3C4D7F8B3F3F4E2B5D3C7C3B4,3.0,2.0,55.0,,,,
F5F6E6D6E7G5C5C6E3C4D7F8B3F3F4E2B5D3C7C3B4B6,3.0,2.0,56.0,147.0,,,
F5F6E6D6E7G5C5C6E3C4D7F8B3F3F4E2B5D3C7C3B4B6F2,3.0,1.0,57.0,275.0,,,
F5F6E6D6E7G5C5C6E3C4D7F8B3F3F4E2B5D3C7C3B4B6F2G4,1.0,9.0,58.0,330.0,338.0,,
F5F6E6D6E7G5C5C6E3C4D7F8B3F3F4E2B5D3C7C3B4B6F2G4E8,1.0,5.0,59.0,,,,
F5F6E6D6E7G5C5C6E3C4D7F8B3F3F4E2B5D3C7C3B4B6F2G4E8F7,1.0,5.0,60.0,326.0,,,
F5F6E6D6E7G5C5C6E3C4D7F8B3F3F4E2B5D3C7C3B4B6F2G4E8F7A5,1.0,2.0,61.0,,,,
F5F6E6D6E7G5C5C6E3C4D7F8B3F3F4E2B5D3C7C3B4B6F2G4E8F7A5D8,1.0,2.0,62.0,773.0,,,
F5F6E6D6E7G5C5C6E3C4D7F8B3F3F4E2B5D3C7C3B4B6F2G4E8F7A5D8C2,3.0,1.0,63.0,337.0,348.0,,
F5F6E6D6E7G5C5C6E3C4D7F8B3F3F4E2B5D3C7C3B4B6F2G4E8F7A5D8C2C1,1.0,1.0,,,,,
F5F6E6D6E7G5C5C6E3C4D7C7F7C3D3F4G6F2E2F3H4D8G4E8D2D1,3.0,2.0,65.0,160.0,,,
F5F6E6D6E7G5C5C6E3C4D7C7F7C3D3F4G6F2E2F3H4D8G4E8D2D1C1,3.0,1.0,66.0,,,,
F5F6E6D6E7G5C5C6E3C4D7C7F7C3D3F4G6F2E2F3H4D8G4E8D2D1C1G3,3.0,1.0,67.0,,,,
F5F6E6D6E7G5C5C6E3C4D7C7F7C3D3F4G6F2E2F3H4D8G4E8D2D1C1G3B3,3.0,1.0,68.0,645.0,818.0,,
F5F6E6D6E7G5C5C6E3C4D7C7F7C3D3F4G6F2E2F3H4D8G4E8D2D1C1G3B3B4,1.0,1.0,,,,,
F5F6E6D6E7G5C5C6E3C4D7F8B4,4.0,2.0,70.0,,,,
F5F6E6D6E7G5C5C6E3C4D7F8B4F3,4.0,2.0,71.0,,,,
F5F6E6D6E7G5C5C6E3C4D7F8B4F3F4,4.0,2.0,72.0,254.0,,,
F5F6E6D6E7G5C5C6E3C4D7F8B4F3F4E2,3.0,2.0,73.0,133.0,,,
F5F6E6D6E7G5C5C6E3C4D7F8B4F3F4E2B5,3.0,1.0,74.0,543.0,,,
F5F6E6D6E7G5C5C6E3C4D7F8B4F3F4E2B5G3,1.0,7.0,75.0,,,,
F5F6E6D6E7G5C5C6E3C4D7F8B4F3F4E2B5G3G4,1.0,7.0,76.0,,,,
F5F6E6D6E7G5C5C6E3C4D7F8B4F3F4E2B5G3G4D3,1.0,7.0,77.0,,,,
F5F6E6D6E7G5C5C6E3C4D7F8B4F3F4E2B5G3G4D3H6,1.0,7.0,78.0,,,,
F5F6E6D6E7G5C5C6E3C4D7F8B4F3F4E2B5G3G4D3H6F7,1.0,7.0,79.0,87.0,,,
F5F6E6D6E7G5C5C6E3C4D7F8B4F3F4E2B5G3G4D3H6F7C7,1.0,3.0,80.0,,,,
F5F6E6D6E7G5C5C6E3C4D7F8B4F3F4E2B5G3G4D3H6F7C7B6,1.0,3.0,81.0,304.0,,,
F5F6E6D6E7G5C5C6E3C4D7F8B4F3F4E2B5G3G4D3H6F7C7B6E8,1.0,2.0,82.0,,,,
F5F6E6D6E7G5C5C6E3C4D7F8B4F3F4E2B5G3G4D3H6F7C7B6E8C8,1.0,2.0,83.0,322.0,,,
F5F6E6D6E7G5C5C6E3C4D7F8B4F3F4E2B5G3G4D3H6F7C7B6E8C8C3,1.0,1.0,84.0,,,,
F5F6E6D6E7G5C5C6E3C4D7F8B4F3F4E2B5G3G4D3H6F7C7B6E8C8C3H4,1.0,1.0,85.0,,,,
F5F6E6D6E7G5C5C6E3C4D7F8B4F3F4E2B5G3G4D3H6F7C7B6E8C8C3H4H5,1.0,1.0,86.0,,,,
F5F6E6D6E7G5C5C6E3C4D7F8B4F3F4E2B5G3G4D3H6F7C7B6E8C8C3H4H5H7,1.0,1.0,,,,,
F5F6E6D6E7G5C5C6E3C4D7F8B4F3F4E2B5G3G4D3H6F7E8,2.0,4.0,88.0,310.0,,,
F5F6E6D6E7G5C5C6E3C4D7F8B4F3F4E2B5G3G4D3H6F7E8B3,1.0,4.0,89.0,378.0,,,
F5F6E6D6E7G5C5C6E3C4D7F8B4F3F4E2B5G3G4D3H6F7E8B3C3,1.0,2.0,90.0,,,,
F5F6E6D6E7G5C5C6E3C4D7F8B4F3F4E2B5G3G4D3H6F7E8B3C3H4,1.0,2.0,91.0,,,,
F5F6E6D6E7G5C5C6E3C4D7F8B4F3F4E2B5G3G4D3H6F7E8B3C3H4H5,1.0,2.0,92.0,,,,
F5F6E6D6E7G5C5C6E3C4D7F8B4F3F4E2B5G3G4D3H6F7E8B3C3H4H5G6,1.0,2.0,93.0,766.0,,,
F5F6E6D6E7G5C5C6E3C4D7F8B4F3F4E2B5G3G4D3H6F7E8B3C3H4H5G6D2,3.0,1.0,94.0,399.0,732.0,,
F5F6E6D6E7G5C5C6E3C4D7F8B4F3F4E2B5G3G4D3H6F7E8B3C3H4H5G6D2D1,1.0,1.0,,,,,
F5F6E6D6E7G5C5C6E3C4D7C7F7C3D3F4G6F2E2F3H4D8G4E8C2,10.0,1.0,96.0,128.0,177.0,476.0,508.0
F5F6E6D6E7G5C5C6E3C4D7C7F7C3D3F4G6F2E2F3H4D8G4E8C2C1,1.0,2.0,97.0,,,,
F5F6E6D6E7G5C5C6E3C4D7C7F7C3D3F4G6F2E2F3H4D8G4E8C2C1B6,1.0,2.0,98.0,,,,
F5F6E6D6E7G5C5C6E3C4D7C7F7C3D3F4G6F2E2F3H4D8G4E8C2C1B6G3,1.0,2.0,99.0,700.0,,,
F5F6E6D6E7G5C5C6E3C4D7C7F7C3D3F4G6F2E2F3H4D8G4E8C2C1B6G3D2,1.0,1.0,100.0,,,,
F5F6E6D6E7G5C5C6E3C4D7C7F7C3D3F4G6F2E2F3H4D8G4E8C2C1B6G3D2F8,1.0,1.0,,,,,
F5F6E6D6E7G5C5C6E3C4D7F8B3F3F4E2D2,15.0,1.0,102.0,206.0,,,
F5F6E6D6E7G5C5C6E3C4D7F8B3F3F4E2D2G3,11.0,1.0,103.0,,,,
F5F6E6D6E7G5C5C6E3C4D7F8B3F3F4E2D2G3B6,11.0,1.0,104.0,,,,
F5F6E6D6E7G5C5C6E3C4D7F8B3F3F4E2D2G3B6B5,11.0,1.0,105.0,,,,
F5F6E6D6E7G5C5C6E3C4D7F8B3F3F4E2D2G3B6B5C7,11.0,1.0,106.0,245.0,,,
F5F6E6D6E7G5C5C6E3C4D7F8B3F3F4E2D2G3B6B5C7C8,8.0,1.0,107.0,,,,
F5F6E6D6E7G5C5C6E3C4D7F8B3F3F4E2D2G3B6B5C7C8G6,8.0,1.0,108.0,,,,
F5F6E6D6E7G5C5C6E3C4D7F8B3F3F4E2D2G3B6B5C7C8G6F7,8.0,1.0,109.0,,,,
F5F6E6D6E7G5C5C6E3C4D7F8B3F3F4E2D2G3B6B5C7C8G6F7D3,8.0,1.0,110.0,410.0,,,
F5F6E6D6E7G5C5C6E3C4D7F8B3F3F4E2D2G3B6B5C7C8G6F7D3A6,6.0,1.0,111.0,,,,
F5F6E6D6E7G5C5C6E3C4D7F8B3F3F4E2D2G3B6B5C7C8G6F7D3A6G4,6.0,1.0,112.0,622.0,,,
F5F6E6D6E7G5C5C6E3C4D7F8B3F3F4E2D2G3B6B5C7C8G6F7D3A6G4F2,4.0,1.0,113.0,,,,
F5F6E6D6E7G5C5C6E3C4D7F8B3F3F4E2D2G3B6B5C7C8G6F7D3A6G4F2E1,4.0,1.0,114.0,336.0,618.0,755.0,
F5F6E6D6E7G5C5C6E3C4D7F8B3F3F4E2D2G3B6B5C7C8G6F7D3A6G4F2E1B8,1.0,1.0,,,,,
F5F6E6D6E7G5C5C6E3C4D7F8B3F3F4E2B5G3,2.0,3.0,116.0,,,,
F5F6E6D6E7G5C5C6E3C4D7F8B3F3F4E2B5G3G4,2.0,3.0,117.0,,,,
F5F6E6D6E7G5C5C6E3C4D7F8B3F3F4E2B5G3G4D3,2.0,3.0,118.0,,,,
F5F6E6D6E7G5C5C6E3C4D7F8B3F3F4E2B5G3G4D3H6,2.0,3.0,119.0,,,,
F5F6E6D6E7G5C5C6E3C4D7F8B3F3F4E2B5G3G4D3H6C3,2.0,3.0,120.0,,,,
F5F6E6D6E7G5C5C6E3C4D7F8B3F3F4E2B5G3G4D3H6C3F2,2.0,3.0,121.0,,,,
F5F6E6D6E7G5C5C6E3C4D7F8B3F3F4E2B5G3G4D3H6C3F2F7,2.0,3.0,122.0,171.0,,,
F5F6E6D6E7G5C5C6E3C4D7F8B3F3F4E2B5G3G4D3H6C3F2F7B4,3.0,2.0,123.0,357.0,372.0,,
F5F6E6D6E7G5C5C6E3C4D7F8B3F3F4E2B5G3G4D3H6C3F2F7B4C8,1.0,2.0,124.0,,,,
F5F6E6D6E7G5C5C6E3C4D7F8B3F3F4E2B5G3G4D3H6C3F2F7B4C8B6,1.0,2.0,125.0,,,,
F5F6E6D6E7G5C5C6E3C4D7F8B3F3F4E2B5G3G4D3H6C3F2F7B4C8B6H4,1.0,2.0,126.0,588.0,,,
F5F6E6D6E7G5C5C6E3C4D7F8B3F3F4E2B5G3G4D3H6C3F2F7B4C8B6H4H5,1.0,1.0,127.0,,,,
F5F6E6D6E7G5C5C6E3C4D7F8B3F3F4E2B5G3G4D3H6C3F2F7B4C8B6H4H5H7,1.0,1.0,,,,,
F5F6E6D6E7G5C5C6E3C4D7C7F7C3D3F4G6F2E2F3H4D8G4E8C2F8,4.0,1.0,129.0,,,,
F5F6E6D6E7G5C5C6E3C4D7C7F7C3D3F4G6F2E2F3H4D8G4E8C2F8B3,4.0,1.0,130.0,603.0,630.0,,
F5F6E6D6E7G5C5C6E3C4D7C7F7C3D3F4G6F2E2F3H4D8G4E8C2F8B3F1,1.0,2.0,131.0,282.0,,,
F5F6E6D6E7G5C5C6E3C4D7C7F7C3D3F4G6F2E2F3H4D8G4E8C2F8B3F1D1,2.0,1.0,132.0,725.0,,,
F5F6E6D6E7G5C5C6E3C4D7C7F7C3D3F4G6F2E2F3H4D8G4E8C2F8B3F1D1C1,1.0,1.0,,,,,
F5F6E6D6E7G5C5C6E3C4D7F8B4F3F4E2B6,13.0,1.0,134.0,,,,
F5F6E6D6E7G5C5C6E3C4D7F8B4F3F4E2B6G3,13.0,1.0,135.0,,,,
F5F6E6D6E7G5C5C6E3C4D7F8B4F3F4E2B6G3G4,13.0,1.0,136.0,,,,
F5F6E6D6E7G5C5C6E3C4D7F8B4F3F4E2B6G3G4C7,13.0,1.0,137.0,,,,
F5F6E6D6E7G5C5C6E3C4D7F8B4F3F4E2B6G3G4C7E8,13.0,1.0,138.0,520.0,,,
F5F6E6D6E7G5C5C6E3C4D7F8B4F3F4E2B6G3G4C7E8B5,3.0,3.0,139.0,182.0,,,
F5F6E6D6E7G5C5C6E3C4D7F8B4F3F4E2B6G3G4C7E8B5D2,3.0,2.0,140.0,,,,
F5F6E6D6E7G5C5C6E3C4D7F8B4F3F4E2B6G3G4C7E8B5D2D8,3.0,2.0,141.0,,,,
F5F6E6D6E7G5C5C6E3C4D7F8B4F3F4E2B6G3G4C7E8B5D2D8F7,3.0,2.0,142.0,,,,
F5F6E6D6E7G5C5C6E3C4D7F8B4F3F4E2B6G3G4C7E8B5D2D8F7A5,3.0,2.0,143.0,,,,
F5F6E6D6E7G5C5C6E3C4D7F8B4F3F4E2B6G3G4C7E8B5D2D8F7A5H6,3.0,2.0,144.0,272.0,,,
F5F6E6D6E7G5C5C6E3C4D7F8B4F3F4E2B6G3G4C7E8B5D2D8F7A5H6F2,2.0,2.0,145.0,834.0,,,
F5F6E6D6E7G5C5C6E3C4D7F8B4F3F4E2B6G3G4C7E8B5D2D8F7A5H6F2C3,2.0,1.0,146.0,391.0,,,
F5F6E6D6E7G5C5C6E3C4D7F8B4F3F4E2B6G3G4C7E8B5D2D8F7A5H6F2C3C1,1.0,1.0,,,,,
F5F6E6D6E7G5C5C6E3C4D7F8B3F3F4E2B5D3C7C3B4B6G6,10.0,1.0,148.0,290.0,,,
F5F6E6D6E7G5C5C6E3C4D7F8B3F3F4E2B5D3C7C3B4B6G6E8,6.0,1.0,149.0,,,,
F5F6E6D6E7G5C5C6E3C4D7F8B3F3F4E2B5D3C7C3B4B6G6E8G4,6.0,1.0,150.0,155.0,625.0,693.0,
F5F6E6D6E7G5C5C6E3C4D7F8B3F3F4E2B5D3C7C3B4B6G6E8G4A6,1.0,2.0,151.0,844.0,,,
F5F6E6D6E7G5C5C6E3C4D7F8B3F3F4E2B5D3C7C3B4B6G6E8G4A6C8,4.0,1.0,152.0,231.0,756.0,,
F5F6E6D6E7G5C5C6E3C4D7F8B3F3F4E2B5D3C7C3B4B6G6E8G4A6C8A5,2.0,1.0,153.0,,,,
F5F6E6D6E7G5C5C6E3C4D7F8B3F3F4E2B5D3C7C3B4B6G6E8G4A6C8A5D8,2.0,1.0,154.0,680.0,,,
F5F6E6D6E7G5C5C6E3C4D7F8B3F3F4E2B5D3C7C3B4B6G6E8G4A6C8A5D8G3,1.0,1.0,,,,,
F5F6E6D6E7G5C5C6E3C4D7F8B3F3F4E2B5D3C7C3B4B6G6E8G4G3,3.0,2.0,156.0,239.0,,,
F5F6E6D6E7G5C5C6E3C4D7F8B3F3F4E2B5D3C7C3B4B6G6E8G4G3D8,3.0,1.0,157.0,287.0,,,
F5F6E6D6E7G5C5C6E3C4D7F8B3F3F4E2B5D3C7C3B4B6G6E8G4G3D8A6,1.0,2.0,158.0,733.0,,,
F5F6E6D6E7G5C5C6E3C4D7F8B3F3F4E2B5D3C7C3B4B6G6E8G4G3D8A6F7,1.0,1.0,159.0,,,,
F5F6E6D6E7G5C5C6E3C4D7F8B3F3F4E2B5D3C7C3B4B6G6E8G4G3D8A6F7C8,1.0,1.0,,,,,
F5F6E6D6E7G5C5C6E3C4D7C7F7C3D3F4G6F2E2F3H4D8G4E8D2D1B4,4.0,1.0,161.0,269.0,284.0,349.0,
F5F6E6D6E7G5C5C6E3C4D7C7F7C3D3F4G6F2E2F3H4D8G4E8D2D1B4B5,1.0,1.0,162.0,,,,
F5F6E6D6E7G5C5C6E3C4D7C7F7C3D3F4G6F2E2F3H4D8G4E8D2D1B4B5C1,1.0,1.0,163.0,,,,
F5F6E6D6E7G5C5C6E3C4D7C7F7C3D3F4G6F2E2F3H4D8G4E8D2D1B4B5C1G3,1.0,1.0,,,,,
F5F6E6D6E7G5C5C6E3C4D7C7F7C3D3F4G6F2E2F3H4D8G4F1,1.0,3.0,165.0,,,,
F5F6E6D6E7G5C5C6E3C4D7C7F7C3D3F4G6F2E2F3H4D8G4F1B6,1.0,3.0,166.0,,,,
F5F6E6D6E7G5C5C6E3C4D7C7F7C3D3F4G6F2E2F3H4D8G4F1B6H3,1.0,3.0,167.0,,,,
F5F6E6D6E7G5C5C6E3C4D7C7F7C3D3F4G6F2E2F3H4D8G4F1B6H3H5,1.0,3.0,168.0,,,,
F5F6E6D6E7G5C5C6E3C4D7C7F7C3D3F4G6F2E2F3H4D8G4F1B6H3H5B5,1.0,3.0,169.0,355.0,810.0,,
F5F6E6D6E7G5C5C6E3C4D7C7F7C3D3F4G6F2E2F3H4D8G4F1B6H3H5B5C2,1.0,1.0,170.0,,,,
F5F6E6D6E7G5C5C6E3C4D7C7F7C3D3F4G6F2E2F3H4D8G4F1B6H3H5B5C2H6,1.0,1.0,,,,,
F5F6E6D6E7G5C5C6E3C4D7F8B3F3F4E2B5G3G4D3H6C3F2F7C7,2.0,1.0,172.0,,,,
F5F6E6D6E7G5C5C6E3C4D7F8B3F3F4E2B5G3G4D3H6C3F2F7C7B6,2.0,1.0,173.0,,,,
F5F6E6D6E7G5C5C6E3C4D7F8B3F3F4E2B5G3G4D3H6C3F2F7C7B6B4,2.0,1.0,174.0,660.0,,,
F5F6E6D6E7G5C5C6E3C4D7F8B3F3F4E2B5G3G4D3H6C3F2F7C7B6B4E1,1.0,3.0,175.0,190.0,243.0,,
F5F6E6D6E7G5C5C6E3C4D7F8B3F3F4E2B5G3G4D3H6C3F2F7C7B6B4E1E8,2.0,1.0,176.0,793.0,,,
F5F6E6D6E7G5C5C6E3C4D7F8B3F3F4E2B5G3G4D3H6C3F2F7C7B6B4E1E8A4,1.0,1.0,,,,,
F5F6E6D6E7G5C5C6E3C4D7C7F7C3D3F4G6F2E2F3H4D8G4E8C2G3,3.0,1.0,178.0,,,,
F5F6E6D6E7G5C5C6E3C4D7C7F7C3D3F4G6F2E2F3H4D8G4E8C2G3D2,3.0,1.0,179.0,619.0,784.0,,
F5F6E6D6E7G5C5C6E3C4D7C7F7C3D3F4G6F2E2F3H4D8G4E8C2G3D2H6,1.0,2.0,180.0,423.0,,,
F5F6E6D6E7G5C5C6E3C4D7C7F7C3D3F4G6F2E2F3H4D8G4E8C2G3D2H6F1,2.0,1.0,181.0,419.0,,,
F5F6E6D6E7G5C5C6E3C4D7C7F7C3D3F4G6F2E2F3H4D8G4E8C2G3D2H6F1H5,1.0,1.0,,,,,
F5F6E6D6E7G5C5C6E3C4D7F8B4F3F4E2B6G3G4C7E8B5F7,4.0,1.0,183.0,,,,
F5F6E6D6E7G5C5C6E3C4D7F8B4F3F4E2B6G3G4C7E8B5F7G6,4.0,1.0,184.0,,,,
F5F6E6D6E7G5C5C6E3C4D7F8B4F3F4E2B6G3G4C7E8B5F7G6G8,4.0,1.0,185.0,,,,
F5F6E6D6E7G5C5C6E3C4D7F8B4F3F4E2B6G3G4C7E8B5F7G6G8D8,4.0,1.0,186.0,,,,
F5F6E6D6E7G5C5C6E3C4D7F8B4F3F4E2B6G3G4C7E8B5F7G6G8D8C8,4.0,1.0,187.0,702.0,826.0,,
F5F6E6D6E7G5C5C6E3C4D7F8B4F3F4E2B6G3G4C7E8B5F7G6G8D8C8H5,1.0,1.0,188.0,,,,
F5F6E6D6E7G5C5C6E3C4D7F8B4F3F4E2B6G3G4C7E8B5F7G6G8D8C8H5D2,1.0,1.0,189.0,,,,
F5F6E6D6E7G5C5C6E3C4D7F8B4F3F4E2B6G3G4C7E8B5F7G6G8D8C8H5D2A6,1.0,1.0,,,,,
F5F6E6D6E7G5C5C6E3C4D7F8B3F3F4E2B5G3G4D3H6C3F2F7C7B6B4E1A5,1.0,1.0,191.0,,,,
F5F6E6D6E7G5C5C6E3C4D7F8B3F3F4E2B5G3G4D3H6C3F2F7C7B6B4E1A5E8,1.0,1.0,,,,,
F5F6E6D6E7G5C5C6E3C4D7F8B3F3F4G3B5,3.0,1.0,193.0,794.0,,,
F5F6E6D6E7G5C5C6E3C4D7F8B3F3F4G3B5E2,2.0,3.0,194.0,,,,
F5F6E6D6E7G5C5C6E3C4D7F8B3F3F4G3B5E2G4,2.0,3.0,195.0,,,,
F5F6E6D6E7G5C5C6E3C4D7F8B3F3F4G3B5E2G4D3,2.0,3.0,196.0,,,,
F5F6E6D6E7G5C5C6E3C4D7F8B3F3F4G3B5E2G4D3H6,2.0,3.0,197.0,,,,
F5F6E6D6E7G5C5C6E3C4D7F8B3F3F4G3B5E2G4D3H6C3,2.0,3.0,198.0,,,,
F5F6E6D6E7G5C5C6E3C4D7F8B3F3F4G3B5E2G4D3H6C3F2,2.0,3.0,199.0,,,,
F5F6E6D6E7G5C5C6E3C4D7F8B3F3F4G3B5E2G4D3H6C3F2F7,2.0,3.0,200.0,219.0,,,
F5F6E6D6E7G5C5C6E3C4D7F8B3F3F4G3B5E2G4D3H6C3F2F7B4,3.0,2.0,201.0,317.0,443.0,,
F5F6E6D6E7G5C5C6E3C4D7F8B3F3F4G3B5E2G4D3H6C3F2F7B4H4,1.0,4.0,202.0,235.0,668.0,,
F5F6E6D6E7G5C5C6E3C4D7F8B3F3F4G3B5E2G4D3H6C3F2F7B4H4C7,1.0,2.0,203.0,,,,
F5F6E6D6E7G5C5C6E3C4D7F8B3F3F4G3B5E2G4D3H6C3F2F7B4H4C7G6,1.0,2.0,204.0,829.0,,,
F5F6E6D6E7G5C5C6E3C4D7F8B3F3F4G3B5E2G4D3H6C3F2F7B4H4C7G6H5,1.0,1.0,205.0,,,,
F5F6E6D6E7G5C5C6E3C4D7F8B3F3F4G3B5E2G4D3H6C3F2F7B4H4C7G6H5H3,1.0,1.0,,,,,
F5F6E6D6E7G5C5C6E3C4D7F8B3F3F4E2D2D3,4.0,1.0,207.0,,,,
F5F6E6D6E7G5C5C6E3C4D7F8B3F3F4E2D2D3C7,4.0,1.0,208.0,,,,
F5F6E6D6E7G5C5C6E3C4D7F8B3F3F4E2D2D3C7B5,4.0,1.0,209.0,,,,
F5F6E6D6E7G5C5C6E3C4D7F8B3F3F4E2D2D3C7B5G6,4.0,1.0,210.0,,,,
F5F6E6D6E7G5C5C6E3C4D7F8B3F3F4E2D2D3C7B5G6F7,4.0,1.0,211.0,,,,
F5F6E6D6E7G5C5C6E3C4D7F8B3F3F4E2D2D3C7B5G6F7H5,4.0,1.0,212.0,,,,
F5F6E6D6E7G5C5C6E3C4D7F8B3F3F4E2D2D3C7B5G6F7H5D8,4.0,1.0,213.0,,,,
F5F6E6D6E7G5C5C6E3C4D7F8B3F3F4E2D2D3C7B5G6F7H5D8C3,4.0,1.0,214.0,,,,
F5F6E6D6E7G5C5C6E3C4D7F8B3F3F4E2D2D3C7B5G6F7H5D8C3B4,4.0,1.0,215.0,,,,
F5F6E6D6E7G5C5C6E3C4D7F8B3F3F4E2D2D3C7B5G6F7H5D8C3B4C2,4.0,1.0,216.0,735.0,,,
F5F6E6D6E7G5C5C6E3C4D7F8B3F3F4E2D2D3C7B5G6F7H5D8C3B4C2A3,3.0,1.0,217.0,,,,
F5F6E6D6E7G5C5C6E3C4D7F8B3F3F4E2D2D3C7B5G6F7H5D8C3B4C2A3E1,3.0,1.0,218.0,234.0,667.0,,
F5F6E6D6E7G5C5C6E3C4D7F8B3F3F4E2D2D3C7B5G6F7H5D8C3B4C2A3E1F2,1.0,1.0,,,,,
F5F6E6D6E7G5C5C6E3C4D7F8B3F3F4G3B5E2G4D3H6C3F2F7C7,2.0,1.0,220.0,,,,
F5F6E6D6E7G5C5C6E3C4D7F8B3F3F4G3B5E2G4D3H6C3F2F7C7B6,2.0,1.0,221.0,,,,
F5F6E6D6E7G5C5C6E3C4D7F8B3F3F4G3B5E2G4D3H6C3F2F7C7B6B4,2.0,1.0,222.0,596.0,,,
F5F6E6D6E7G5C5C6E3C4D7F8B3F3F4G3B5E2G4D3H6C3F2F7C7B6B4E1,1.0,3.0,223.0,352.0,698.0,,
F5F6E6D6E7G5C5C6E3C4D7F8B3F3F4G3B5E2G4D3H6C3F2F7C7B6B4E1E8,2.0,1.0,224.0,692.0,,,
F5F6E6D6E7G5C5C6E3C4D7F8B3F3F4G3B5E2G4D3H6C3F2F7C7B6B4E1E8C8,1.0,1.0,,,,,
F5F6E6D6E7G5C5C6E3C4D7C7F7C3D3F4G6F2E2F3H4D8G4E8B6,4.0,1.0,226.0,,,,
F5F6E6D6E7G5C5C6E3C4D7C7F7C3D3F4G6F2E2F3H4D8G4E8B6G3,4.0,1.0,227.0,,,,
F5F6E6D6E7G5C5C6E3C4D7C7F7C3D3F4G6F2E2F3H4D8G4E8B6G3F8,4.0,1.0,228.0,400.0,710.0,,
F5F6E6D6E7G5C5C6E3C4D7C7F7C3D3F4G6F2E2F3H4D8G4E8B6G3F8F1,1.0,1.0,229.0,,,,
F5F6E6D6E7G5C5C6E3C4D7C7F7C3D3F4G6F2E2F3H4D8G4E8B6G3F8F1B5,1.0,1.0,230.0,,,,
F5F6E6D6E7G5C5C6E3C4D7C7F7C3D3F4G6F2E2F3H4D8G4E8B6G3F8F1B5H3,1.0,1.0,,,,,
F5F6E6D6E7G5C5C6E3C4D7F8B3F3F4E2B5D3C7C3B4B6G6E8G4A6C8G3,1.0,1.0,232.0,,,,
F5F6E6D6E7G5C5C6E3C4D7F8B3F3F4E2B5D3C7C3B4B6G6E8G4A6C8G3D8,1.0,1.0,233.0,,,,
F5F6E6D6E7G5C5C6E3C4D7F8B3F3F4E2B5D3C7C3B4B6G6E8G4A6C8G3D8A5,1.0,1.0,,,,,
F5F6E6D6E7G5C5C6E3C4D7F8B3F3F4E2D2D3C7B5G6F7H5D8C3B4C2A3E1G4,1.0,1.0,,,,,
F5F6E6D6E7G5C5C6E3C4D7F8B3F3F4G3B5E2G4D3H6C3F2F7B4H4D1,4.0,1.0,236.0,392.0,498.0,,
F5F6E6D6E7G5C5C6E3C4D7F8B3F3F4G3B5E2G4D3H6C3F2F7B4H4D1C8,1.0,1.0,237.0,,,,
F5F6E6D6E7G5C5C6E3C4D7F8B3F3F4G3B5E2G4D3H6C3F2F7B4H4D1C8B6,1.0,1.0,238.0,,,,
F5F6E6D6E7G5C5C6E3C4D7F8B3F3F4G3B5E2G4D3H6C3F2F7B4H4D1C8B6C7,1.0,1.0,,,,,
F5F6E6D6E7G5C5C6E3C4D7F8B3F3F4E2B5D3C7C3B4B6G6E8G4G3C8,3.0,1.0,240.0,403.0,770.0,,
F5F6E6D6E7G5C5C6E3C4D7F8B3F3F4E2B5D3C7C3B4B6G6E8G4G3C8A6,1.0,1.0,241.0,,,,
F5F6E6D6E7G5C5C6E3C4D7F8B3F3F4E2B5D3C7C3B4B6G6E8G4G3C8A6D8,1.0,1.0,242.0,,,,
F5F6E6D6E7G5C5C6E3C4D7F8B3F3F4E2B5D3C7C3B4B6G6E8G4G3C8A6D8A5,1.0,1.0,,,,,
F5F6E6D6E7G5C5C6E3C4D7F8B3F3F4E2B5G3G4D3H6C3F2F7C7B6B4E1D2,1.0,1.0,244.0,,,,
F5F6E6D6E7G5C5C6E3C4D7F8B3F3F4E2B5G3G4D3H6C3F2F7C7B6B4E1D2C8,1.0,1.0,,,,,
F5F6E6D6E7G5C5C6E3C4D7F8B3F3F4E2D2G3B6B5C7C3,3.0,1.0,246.0,,,,
F5F6E6D6E7G5C5C6E3C4D7F8B3F3F4E2D2G3B6B5C7C3D3,3.0,1.0,247.0,,,,
F5F6E6D6E7G5C5C6E3C4D7F8B3F3F4E2D2G3B6B5C7C3D3A6,3.0,1.0,248.0,,,,
F5F6E6D6E7G5C5C6E3C4D7F8B3F3F4E2D2G3B6B5C7C3D3A6G4,3.0,1.0,249.0,,,,
F5F6E6D6E7G5C5C6E3C4D7F8B3F3F4E2D2G3B6B5C7C3D3A6G4E8,3.0,1.0,250.0,,,,
F5F6E6D6E7G5C5C6E3C4D7F8B3F3F4E2D2G3B6B5C7C3D3A6G4E8H5,3.0,1.0,251.0,420.0,726.0,,
F5F6E6D6E7G5C5C6E3C4D7F8B3F3F4E2D2G3B6B5C7C3D3A6G4E8H5D8,1.0,1.0,252.0,,,,
F5F6E6D6E7G5C5C6E3C4D7F8B3F3F4E2D2G3B6B5C7C3D3A6G4E8H5D8F7,1.0,1.0,253.0,,,,
F5F6E6D6E7G5C5C6E3C4D7F8B3F3F4E2D2G3B6B5C7C3D3A6G4E8H5D8F7F2,1.0,1.0,,,,,
F5F6E6D6E7G5C5C6E3C4D7F8B4F3F4G3,1.0,8.0,255.0,448.0,,,
F5F6E6D6E7G5C5C6E3C4D7F8B4F3F4G3B5,1.0,7.0,256.0,,,,
F5F6E6D6E7G5C5C6E3C4D7F8B4F3F4G3B5E2,1.0,7.0,257.0,,,,
F5F6E6D6E7G5C5C6E3C4D7F8B4F3F4G3B5E2G4,1.0,7.0,258.0,,,,
F5F6E6D6E7G5C5C6E3C4D7F8B4F3F4G3B5E2G4D3,1.0,7.0,259.0,,,,
F5F6E6D6E7G5C5C6E3C4D7F8B4F3F4G3B5E2G4D3H6,1.0,7.0,260.0,,,,
F5F6E6D6E7G5C5C6E3C4D7F8B4F3F4G3B5E2G4D3H6F7,1.0,7.0,261.0,462.0,,,
F5F6E6D6E7G5C5C6E3C4D7F8B4F3F4G3B5E2G4D3H6F7E8,2.0,4.0,262.0,501.0,,,
F5F6E6D6E7G5C5C6E3C4D7F8B4F3F4G3B5E2G4D3H6F7E8C3,1.0,5.0,263.0,,,,
F5F6E6D6E7G5C5C6E3C4D7F8B4F3F4G3B5E2G4D3H6F7E8C3B3,1.0,5.0,264.0,,,,
F5F6E6D6E7G5C5C6E3C4D7F8B4F3F4G3B5E2G4D3H6F7E8C3B3A6,1.0,5.0,265.0,606.0,656.0,721.0,
F5F6E6D6E7G5C5C6E3C4D7F8B4F3F4G3B5E2G4D3H6F7E8C3B3A6A5,1.0,1.0,266.0,,,,
F5F6E6D6E7G5C5C6E3C4D7F8B4F3F4G3B5E2G4D3H6F7E8C3B3A6A5H5,1.0,1.0,267.0,,,,
F5F6E6D6E7G5C5C6E3C4D7F8B4F3F4G3B5E2G4D3H6F7E8C3B3A6A5H5H4,1.0,1.0,268.0,,,,
F5F6E6D6E7G5C5C6E3C4D7F8B4F3F4G3B5E2G4D3H6F7E8C3B3A6A5H5H4B6,1.0,1.0,,,,,
F5F6E6D6E7G5C5C6E3C4D7C7F7C3D3F4G6F2E2F3H4D8G4E8D2D1B4G3,1.0,2.0,270.0,585.0,,,
F5F6E6D6E7G5C5C6E3C4D7C7F7C3D3F4G6F2E2F3H4D8G4E8D2D1B4G3B5,1.0,1.0,271.0,,,,
F5F6E6D6E7G5C5C6E3C4D7C7F7C3D3F4G6F2E2F3H4D8G4E8D2D1B4G3B5F8,1.0,1.0,,,,,
F5F6E6D6E7G5C5C6E3C4D7F8B4F3F4E2B6G3G4C7E8B5D2D8F7A5H6A3,1.0,2.0,273.0,814.0,,,
F5F6E6D6E7G5C5C6E3C4D7F8B4F3F4E2B6G3G4C7E8B5D2D8F7A5H6A3E1,1.0,1.0,274.0,,,,
F5F6E6D6E7G5C5C6E3C4D7F8B4F3F4E2B6G3G4C7E8B5D2D8F7A5H6A3E1B3,1.0,1.0,,,,,
F5F6E6D6E7G5C5C6E3C4D7F8B3F3F4E2B5D3C7C3B4B6F2E8,2.0,1.0,276.0,,,,
F5F6E6D6E7G5C5C6E3C4D7F8B3F3F4E2B5D3C7C3B4B6F2E8A5,2.0,1.0,277.0,,,,
F5F6E6D6E7G5C5C6E3C4D7F8B3F3F4E2B5D3C7C3B4B6F2E8A5G4,2.0,1.0,278.0,,,,
F5F6E6D6E7G5C5C6E3C4D7F8B3F3F4E2B5D3C7C3B4B6F2E8A5G4C2,2.0,1.0,279.0,,,,
F5F6E6D6E7G5C5C6E3C4D7F8B3F3F4E2B5D3C7C3B4B6F2E8A5G4C2F1,2.0,1.0,280.0,,,,
F5F6E6D6E7G5C5C6E3C4D7F8B3F3F4E2B5D3C7C3B4B6F2E8A5G4C2F1H4,2.0,1.0,281.0,577.0,,,
F5F6E6D6E7G5C5C6E3C4D7F8B3F3F4E2B5D3C7C3B4B6F2E8A5G4C2F1H4B8,1.0,1.0,,,,,
F5F6E6D6E7G5C5C6E3C4D7C7F7C3D3F4G6F2E2F3H4D8G4E8C2F8B3F1D2,1.0,1.0,283.0,,,,
F5F6E6D6E7G5C5C6E3C4D7C7F7C3D3F4G6F2E2F3H4D8G4E8C2F8B3F1D2C1,1.0,1.0,,,,,
F5F6E6D6E7G5C5C6E3C4D7C7F7C3D3F4G6F2E2F3H4D8G4E8D2D1B4B3,1.0,2.0,285.0,681.0,,,
F5F6E6D6E7G5C5C6E3C4D7C7F7C3D3F4G6F2E2F3H4D8G4E8D2D1B4B3C1,2.0,1.0,286.0,666.0,,,
F5F6E6D6E7G5C5C6E3C4D7C7F7C3D3F4G6F2E2F3H4D8G4E8D2D1B4B3C1G3,1.0,1.0,,,,,
F5F6E6D6E7G5C5C6E3C4D7F8B3F3F4E2B5D3C7C3B4B6G6E8G4G3D8C8,2.0,1.0,288.0,,,,
F5F6E6D6E7G5C5C6E3C4D7F8B3F3F4E2B5D3C7C3B4B6G6E8G4G3D8C8F7,2.0,1.0,289.0,653.0,,,
F5F6E6D6E7G5C5C6E3C4D7F8B3F3F4E2B5D3C7C3B4B6G6E8G4G3D8C8F7H6,1.0,1.0,,,,,
F5F6E6D6E7G5C5C6E3C4D7F8B3F3F4E2B5D3C7C3B4B6G6G3,4.0,2.0,291.0,,,,
F5F6E6D6E7G5C5C6E3C4D7F8B3F3F4E2B5D3C7C3B4B6G6G3G4,4.0,2.0,292.0,746.0,,,
F5F6E6D6E7G5C5C6E3C4D7F8B3F3F4E2B5D3C7C3B4B6G6G3G4E8,3.0,2.0,293.0,395.0,,,
F5F6E6D6E7G5C5C6E3C4D7F8B3F3F4E2B5D3C7C3B4B6G6G3G4E8C8,3.0,1.0,294.0,440.0,831.0,,
F5F6E6D6E7G5C5C6E3C4D7F8B3F3F4E2B5D3C7C3B4B6G6G3G4E8C8H6,1.0,1.0,295.0,,,,
F5F6E6D6E7G5C5C6E3C4D7F8B3F3F4E2B5D3C7C3B4B6G6G3G4E8C8H6H5,1.0,1.0,296.0,,,,
F5F6E6D6E7G5C5C6E3C4D7F8B3F3F4E2B5D3C7C3B4B6G6G3G4E8C8H6H5H4,1.0,1.0,,,,,
F5F6E6D6E7G5C5C6E3C4D7C7F7C3D3F4G6F2E2F3H4D8G4G3,1.0,2.0,298.0,,,,
F5F6E6D6E7G5C5C6E3C4D7C7F7C3D3F4G6F2E2F3H4D8G4G3D2,1.0,2.0,299.0,,,,
F5F6E6D6E7G5C5C6E3C4D7C7F7C3D3F4G6F2E2F3H4D8G4G3D2F1,1.0,2.0,300.0,599.0,,,
F5F6E6D6E7G5C5C6E3C4D7C7F7C3D3F4G6F2E2F3H4D8G4G3D2F1H3,3.0,1.0,301.0,663.0,,,
F5F6E6D6E7G5C5C6E3C4D7C7F7C3D3F4G6F2E2F3H4D8G4G3D2F1H3C2,2.0,1.0,302.0,,,,
F5F6E6D6E7G5C5C6E3C4D7C7F7C3D3F4G6F2E2F3H4D8G4G3D2F1H3C2B5,2.0,1.0,303.0,354.0,,,
F5F6E6D6E7G5C5C6E3C4D7C7F7C3D3F4G6F2E2F3H4D8G4G3D2F1H3C2B5A6,1.0,1.0,,,,,
F5F6E6D6E7G5C5C6E3C4D7F8B4F3F4E2B5G3G4D3H6F7C7B6C3,3.0,1.0,305.0,,,,
F5F6E6D6E7G5C5C6E3C4D7F8B4F3F4E2B5G3G4D3H6F7C7B6C3H4,3.0,1.0,306.0,,,,
F5F6E6D6E7G5C5C6E3C4D7F8B4F3F4E2B5G3G4D3H6F7C7B6C3H4H5,3.0,1.0,307.0,636.0,,,
F5F6E6D6E7G5C5C6E3C4D7F8B4F3F4E2B5G3G4D3H6F7C7B6C3H4H5H7,1.0,1.0,308.0,,,,
F5F6E6D6E7G5C5C6E3C4D7F8B4F3F4E2B5G3G4D3H6F7C7B6C3H4H5H7E8,1.0,1.0,309.0,,,,
F5F6E6D6E7G5C5C6E3C4D7F8B4F3F4E2B5G3G4D3H6F7C7B6C3H4H5H7E8C8,1.0,1.0,,,,,
F5F6E6D6E7G5C5C6E3C4D7F8B4F3F4E2B5G3G4D3H6F7E8C3,1.0,5.0,311.0,,,,
F5F6E6D6E7G5C5C6E3C4D7F8B4F3F4E2B5G3G4D3H6F7E8C3B3,1.0,5.0,312.0,,,,
F5F6E6D6E7G5C5C6E3C4D7F8B4F3F4E2B5G3G4D3H6F7E8C3B3A6,1.0,5.0,313.0,406.0,706.0,821.0,
F5F6E6D6E7G5C5C6E3C4D7F8B4F3F4E2B5G3G4D3H6F7E8C3B3A6A5,1.0,1.0,314.0,,,,
F5F6E6D6E7G5C5C6E3C4D7F8B4F3F4E2B5G3G4D3H6F7E8C3B3A6A5H5,1.0,1.0,315.0,,,,
F5F6E6D6E7G5C5C6E3C4D7F8B4F3F4E2B5G3G4D3H6F7E8C3B3A6A5H5H4,1.0,1.0,316.0,,,,
F5F6E6D6E7G5C5C6E3C4D7F8B4F3F4E2B5G3G4D3H6F7E8C3B3A6A5H5H4B6,1.0,1.0,,,,,
F5F6E6D6E7G5C5C6E3C4D7F8B3F3F4G3B5E2G4D3H6C3F2F7B4C8,1.0,2.0,318.0,,,,
F5F6E6D6E7G5C5C6E3C4D7F8B3F3F4G3B5E2G4D3H6C3F2F7B4C8B6,1.0,2.0,319.0,,,,
F5F6E6D6E7G5C5C6E3C4D7F8B3F3F4G3B5E2G4D3H6C3F2F7B4C8B6H4,1.0,2.0,320.0,807.0,,,
F5F6E6D6E7G5C5C6E3C4D7F8B3F3F4G3B5E2G4D3H6C3F2F7B4C8B6H4H5,1.0,1.0,321.0,,,,
F5F6E6D6E7G5C5C6E3C4D7F8B3F3F4G3B5E2G4D3H6C3F2F7B4C8B6H4H5H7,1.0,1.0,,,,,
F5F6E6D6E7G5C5C6E3C4D7F8B4F3F4E2B5G3G4D3H6F7C7B6E8C8G8,1.0,1.0,323.0,,,,
F5F6E6D6E7G5C5C6E3C4D7F8B4F3F4E2B5G3G4D3H6F7C7B6E8C8G8C3,1.0,1.0,324.0,,,,
F5F6E6D6E7G5C5C6E3C4D7F8B4F3F4E2B5G3G4D3H6F7C7B6E8C8G8C3B3,1.0,1.0,325.0,,,,
F5F6E6D6E7G5C5C6E3C4D7F8B4F3F4E2B5G3G4D3H6F7C7B6E8C8G8C3B3A6,1.0,1.0,,,,,
F5F6E6D6E7G5C5C6E3C4D7F8B3F3F4E2B5D3C7C3B4B6F2G4E8F7C2,1.0,3.0,327.0,,,,
F5F6E6D6E7G5C5C6E3C4D7F8B3F3F4E2B5D3C7C3B4B6F2G4E8F7C2C1,1.0,3.0,328.0,650.0,789.0,,
F5F6E6D6E7G5C5C6E3C4D7F8B3F3F4E2B5D3C7C3B4B6F2G4E8F7C2C1G6,3.0,1.0,329.0,612.0,776.0,,
F5F6E6D6E7G5C5C6E3C4D7F8B3F3F4E2B5D3C7C3B4B6F2G4E8F7C2C1G6C8,1.0,1.0,,,,,
F5F6E6D6E7G5C5C6E3C4D7F8B3F3F4E2B5D3C7C3B4B6F2G4C2,2.0,3.0,331.0,,,,
F5F6E6D6E7G5C5C6E3C4D7F8B3F3F4E2B5D3C7C3B4B6F2G4C2E8,2.0,3.0,332.0,344.0,415.0,,
F5F6E6D6E7G5C5C6E3C4D7F8B3F3F4E2B5D3C7C3B4B6F2G4C2E8D2,2.0,1.0,333.0,,,,
F5F6E6D6E7G5C5C6E3C4D7F8B3F3F4E2B5D3C7C3B4B6F2G4C2E8D2D8,2.0,1.0,334.0,,,,
F5F6E6D6E7G5C5C6E3C4D7F8B3F3F4E2B5D3C7C3B4B6F2G4C2E8D2D8G3,2.0,1.0,335.0,584.0,,,
F5F6E6D6E7G5C5C6E3C4D7F8B3F3F4E2B5D3C7C3B4B6F2G4C2E8D2D8G3A5,1.0,1.0,,,,,
F5F6E6D6E7G5C5C6E3C4D7F8B3F3F4E2D2G3B6B5C7C8G6F7D3A6G4F2E1C3,1.0,1.0,,,,,
F5F6E6D6E7G5C5C6E3C4D7F8B3F3F4E2B5D3C7C3B4B6F2G4E8F7A5D8C2C8,1.0,1.0,,,,,
F5F6E6D6E7G5C5C6E3C4D7F8B3F3F4E2B5D3C7C3B4B6F2G4A5,2.0,1.0,339.0,,,,
F5F6E6D6E7G5C5C6E3C4D7F8B3F3F4E2B5D3C7C3B4B6F2G4A5E8,2.0,1.0,340.0,,,,
F5F6E6D6E7G5C5C6E3C4D7F8B3F3F4E2B5D3C7C3B4B6F2G4A5E8C2,2.0,1.0,341.0,,,,
F5F6E6D6E7G5C5C6E3C4D7F8B3F3F4E2B5D3C7C3B4B6F2G4A5E8C2F1,2.0,1.0,342.0,,,,
F5F6E6D6E7G5C5C6E3C4D7F8B3F3F4E2B5D3C7C3B4B6F2G4A5E8C2F1H4,2.0,1.0,343.0,809.0,,,
F5F6E6D6E7G5C5C6E3C4D7F8B3F3F4E2B5D3C7C3B4B6F2G4A5E8C2F1H4C1,1.0,1.0,,,,,
F5F6E6D6E7G5C5C6E3C4D7F8B3F3F4E2B5D3C7C3B4B6F2G4C2E8G3,3.0,1.0,345.0,613.0,,,
F5F6E6D6E7G5C5C6E3C4D7F8B3F3F4E2B5D3C7C3B4B6F2G4C2E8G3D2,1.0,1.0,346.0,,,,
F5F6E6D6E7G5C5C6E3C4D7F8B3F3F4E2B5D3C7C3B4B6F2G4C2E8G3D2D1,1.0,1.0,347.0,,,,
F5F6E6D6E7G5C5C6E3C4D7F8B3F3F4E2B5D3C7C3B4B6F2G4C2E8G3D2D1E1,1.0,1.0,,,,,
F5F6E6D6E7G5C5C6E3C4D7F8B3F3F4E2B5D3C7C3B4B6F2G4E8F7A5D8C2F1,1.0,1.0,,,,,
F5F6E6D6E7G5C5C6E3C4D7C7F7C3D3F4G6F2E2F3H4D8G4E8D2D1B4E1,1.0,1.0,350.0,,,,
F5F6E6D6E7G5C5C6E3C4D7C7F7C3D3F4G6F2E2F3H4D8G4E8D2D1B4E1B5,1.0,1.0,351.0,,,,
F5F6E6D6E7G5C5C6E3C4D7C7F7C3D3F4G6F2E2F3H4D8G4E8D2D1B4E1B5B6,1.0,1.0,,,,,
F5F6E6D6E7G5C5C6E3C4D7F8B3F3F4G3B5E2G4D3H6C3F2F7C7B6B4E1D2,1.0,1.0,353.0,,,,
F5F6E6D6E7G5C5C6E3C4D7F8B3F3F4G3B5E2G4D3H6C3F2F7C7B6B4E1D2C8,1.0,1.0,,,,,
F5F6E6D6E7G5C5C6E3C4D7C7F7C3D3F4G6F2E2F3H4D8G4G3D2F1H3C2B5E8,1.0,1.0,,,,,
F5F6E6D6E7G5C5C6E3C4D7C7F7C3D3F4G6F2E2F3H4D8G4F1B6H3H5B5C8,1.0,1.0,356.0,,,,
F5F6E6D6E7G5C5C6E3C4D7C7F7C3D3F4G6F2E2F3H4D8G4F1B6H3H5B5C8B8,1.0,1.0,,,,,
F5F6E6D6E7G5C5C6E3C4D7F8B3F3F4E2B5G3G4D3H6C3F2F7B4H4,1.0,4.0,358.0,513.0,676.0,,
F5F6E6D6E7G5C5C6E3C4D7F8B3F3F4E2B5G3G4D3H6C3F2F7B4H4D1,4.0,1.0,359.0,639.0,717.0,,
F5F6E6D6E7G5C5C6E3C4D7F8B3F3F4E2B5G3G4D3H6C3F2F7B4H4D1C8,1.0,1.0,360.0,,,,
F5F6E6D6E7G5C5C6E3C4D7F8B3F3F4E2B5G3G4D3H6C3F2F7B4H4D1C8B6,1.0,1.0,361.0,,,,
F5F6E6D6E7G5C5C6E3C4D7F8B3F3F4E2B5G3G4D3H6C3F2F7B4H4D1C8B6C7,1.0,1.0,,,,,
F5F6E6D6E7G5C5C6E3C4D7C7F7C3D3F4G6F2E2F3D2,6.0,1.0,363.0,556.0,,,
F5F6E6D6E7G5C5C6E3C4D7C7F7C3D3F4G6F2E2F3D2H6,5.0,1.0,364.0,,,,
F5F6E6D6E7G5C5C6E3C4D7C7F7C3D3F4G6F2E2F3D2H6H4,5.0,1.0,365.0,384.0,481.0,,
F5F6E6D6E7G5C5C6E3C4D7C7F7C3D3F4G6F2E2F3D2H6H4D8,1.0,1.0,366.0,,,,
F5F6E6D6E7G5C5C6E3C4D7C7F7C3D3F4G6F2E2F3D2H6H4D8C8,1.0,1.0,367.0,,,,
F5F6E6D6E7G5C5C6E3C4D7C7F7C3D3F4G6F2E2F3D2H6H4D8C8B8,1.0,1.0,368.0,,,,
F5F6E6D6E7G5C5C6E3C4D7C7F7C3D3F4G6F2E2F3D2H6H4D8C8B8G3,1.0,1.0,369.0,,,,
F5F6E6D6E7G5C5C6E3C4D7C7F7C3D3F4G6F2E2F3D2H6H4D8C8B8G3H5,1.0,1.0,370.0,,,,
F5F6E6D6E7G5C5C6E3C4D7C7F7C3D3F4G6F2E2F3D2H6H4D8C8B8G3H5G4,1.0,1.0,371.0,,,,
F5F6E6D6E7G5C5C6E3C4D7C7F7C3D3F4G6F2E2F3D2H6H4D8C8B8G3H5G4C1,1.0,1.0,,,,,
F5F6E6D6E7G5C5C6E3C4D7F8B3F3F4E2B5G3G4D3H6C3F2F7B4B6,1.0,2.0,373.0,,,,
F5F6E6D6E7G5C5C6E3C4D7F8B3F3F4E2B5G3G4D3H6C3F2F7B4B6C7,1.0,2.0,374.0,,,,
F5F6E6D6E7G5C5C6E3C4D7F8B3F3F4E2B5G3G4D3H6C3F2F7B4B6C7H4,1.0,2.0,375.0,634.0,,,
F5F6E6D6E7G5C5C6E3C4D7F8B3F3F4E2B5G3G4D3H6C3F2F7B4B6C7H4D1,2.0,1.0,376.0,816.0,,,
F5F6E6D6E7G5C5C6E3C4D7F8B3F3F4E2B5G3G4D3H6C3F2F7B4B6C7H4D1A4,1.0,1.0,,,,,
F5F6E6D6E7G5C5C6E3C4D7C7F7C3D3F4G6F2E2F3H4D8G4E8D2H6H5H3C2G3,1.0,1.0,,,,,
F5F6E6D6E7G5C5C6E3C4D7F8B4F3F4E2B5G3G4D3H6F7E8B3C7,2.0,2.0,379.0,,,,
F5F6E6D6E7G5C5C6E3C4D7F8B4F3F4E2B5G3G4D3H6F7E8B3C7A3,2.0,2.0,380.0,,,,
F5F6E6D6E7G5C5C6E3C4D7F8B4F3F4E2B5G3G4D3H6F7E8B3C7A3C3,2.0,2.0,381.0,,,,
F5F6E6D6E7G5C5C6E3C4D7F8B4F3F4E2B5G3G4D3H6F7E8B3C7A3C3A6,2.0,2.0,382.0,610.0,,,
F5F6E6D6E7G5C5C6E3C4D7F8B4F3F4E2B5G3G4D3H6F7E8B3C7A3C3A6F2,2.0,1.0,383.0,713.0,,,
F5F6E6D6E7G5C5C6E3C4D7F8B4F3F4E2B5G3G4D3H6F7E8B3C7A3C3A6F2D2,1.0,1.0,,,,,
F5F6E6D6E7G5C5C6E3C4D7C7F7C3D3F4G6F2E2F3D2H6H4C8,3.0,1.0,385.0,,,,
F5F6E6D6E7G5C5C6E3C4D7C7F7C3D3F4G6F2E2F3D2H6H4C8G3,3.0,1.0,386.0,,,,
F5F6E6D6E7G5C5C6E3C4D7C7F7C3D3F4G6F2E2F3D2H6H4C8G3G4,3.0,1.0,387.0,,,,
F5F6E6D6E7G5C5C6E3C4D7C7F7C3D3F4G6F2E2F3D2H6H4C8G3G4B5,3.0,1.0,388.0,729.0,743.0,,
F5F6E6D6E7G5C5C6E3C4D7C7F7C3D3F4G6F2E2F3D2H6H4C8G3G4B5C1,1.0,2.0,389.0,791.0,,,
F5F6E6D6E7G5C5C6E3C4D7C7F7C3D3F4G6F2E2F3D2H6H4C8G3G4B5C1B3,3.0,1.0,390.0,425.0,617.0,,
F5F6E6D6E7G5C5C6E3C4D7C7F7C3D3F4G6F2E2F3D2H6H4C8G3G4B5C1B3D8,1.0,1.0,,,,,
F5F6E6D6E7G5C5C6E3C4D7F8B4F3F4E2B6G3G4C7E8B5D2D8F7A5H6F2C3G8,1.0,1.0,,,,,
F5F6E6D6E7G5C5C6E3C4D7F8B3F3F4G3B5E2G4D3H6C3F2F7B4H4D1B6,2.0,1.0,393.0,,,,
F5F6E6D6E7G5C5C6E3C4D7F8B3F3F4G3B5E2G4D3H6C3F2F7B4H4D1B6C7,2.0,1.0,394.0,616.0,,,
F5F6E6D6E7G5C5C6E3C4D7F8B3F3F4G3B5E2G4D3H6C3F2F7B4H4D1B6C7A4,1.0,1.0,,,,,
F5F6E6D6E7G5C5C6E3C4D7F8B3F3F4E2B5D3C7C3B4B6G6G3G4E8D8,3.0,1.0,396.0,517.0,,,
F5F6E6D6E7G5C5C6E3C4D7F8B3F3F4E2B5D3C7C3B4B6G6G3G4E8D8A6,1.0,2.0,397.0,787.0,,,
F5F6E6D6E7G5C5C6E3C4D7F8B3F3F4E2B5D3C7C3B4B6G6G3G4E8D8A6C8,1.0,1.0,398.0,,,,
F5F6E6D6E7G5C5C6E3C4D7F8B3F3F4E2B5D3C7C3B4B6G6G3G4E8D8A6C8A5,1.0,1.0,,,,,
F5F6E6D6E7G5C5C6E3C4D7F8B4F3F4E2B5G3G4D3H6F7E8B3C3H4H5G6D2H7,1.0,1.0,,,,,
F5F6E6D6E7G5C5C6E3C4D7C7F7C3D3F4G6F2E2F3H4D8G4E8B6G3F8G8,1.0,1.0,401.0,,,,
F5F6E6D6E7G5C5C6E3C4D7C7F7C3D3F4G6F2E2F3H4D8G4E8B6G3F8G8F1,1.0,1.0,402.0,,,,
F5F6E6D6E7G5C5C6E3C4D7C7F7C3D3F4G6F2E2F3H4D8G4E8B6G3F8G8F1B5,1.0,1.0,,,,,
F5F6E6D6E7G5C5C6E3C4D7F8B3F3F4E2B5D3C7C3B4B6G6E8G4G3C8H6,1.0,1.0,404.0,,,,
F5F6E6D6E7G5C5C6E3C4D7F8B3F3F4E2B5D3C7C3B4B6G6E8G4G3C8H6H5,1.0,1.0,405.0,,,,
F5F6E6D6E7G5C5C6E3C4D7F8B3F3F4E2B5D3C7C3B4B6G6E8G4G3C8H6H5H4,1.0,1.0,,,,,
F5F6E6D6E7G5C5C6E3C4D7F8B4F3F4E2B5G3G4D3H6F7E8C3B3A6F2,1.0,1.0,407.0,,,,
F5F6E6D6E7G5C5C6E3C4D7F8B4F3F4E2B5G3G4D3H6F7E8C3B3A6F2A5,1.0,1.0,408.0,,,,
F5F6E6D6E7G5C5C6E3C4D7F8B4F3F4E2B5G3G4D3H6F7E8C3B3A6F2A5C7,1.0,1.0,409.0,,,,
F5F6E6D6E7G5C5C6E3C4D7F8B4F3F4E2B5G3G4D3H6F7E8C3B3A6F2A5C7B6,1.0,1.0,,,,,
F5F6E6D6E7G5C5C6E3C4D7F8B3F3F4E2D2G3B6B5C7C8G6F7D3G4,2.0,1.0,411.0,,,,
F5F6E6D6E7G5C5C6E3C4D7F8B3F3F4E2D2G3B6B5C7C8G6F7D3G4H5,2.0,1.0,412.0,,,,
F5F6E6D6E7G5C5C6E3C4D7F8B3F3F4E2D2G3B6B5C7C8G6F7D3G4H5A6,2.0,1.0,413.0,,,,
F5F6E6D6E7G5C5C6E3C4D7F8B3F3F4E2D2G3B6B5C7C8G6F7D3G4H5A6E1,2.0,1.0,414.0,817.0,,,
F5F6E6D6E7G5C5C6E3C4D7F8B3F3F4E2D2G3B6B5C7C8G6F7D3G4H5A6E1B4,1.0,1.0,,,,,
F5F6E6D6E7G5C5C6E3C4D7F8B3F3F4E2B5D3C7C3B4B6F2G4C2E8A5,2.0,1.0,416.0,,,,
F5F6E6D6E7G5C5C6E3C4D7F8B3F3F4E2B5D3C7C3B4B6F2G4C2E8A5F1,2.0,1.0,417.0,,,,
F5F6E6D6E7G5C5C6E3C4D7F8B3F3F4E2B5D3C7C3B4B6F2G4C2E8A5F1H4,2.0,1.0,418.0,646.0,,,
F5F6E6D6E7G5C5C6E3C4D7F8B3F3F4E2B5D3C7C3B4B6F2G4C2E8A5F1H4C1,1.0,1.0,,,,,
F5F6E6D6E7G5C5C6E3C4D7C7F7C3D3F4G6F2E2F3H4D8G4E8C2G3D2H6F1D1,1.0,1.0,,,,,
F5F6E6D6E7G5C5C6E3C4D7F8B3F3F4E2D2G3B6B5C7C3D3A6G4E8H5F2,1.0,1.0,421.0,,,,
F5F6E6D6E7G5C5C6E3C4D7F8B3F3F4E2D2G3B6B5C7C3D3A6G4E8H5F2E1,1.0,1.0,422.0,,,,
F5F6E6D6E7G5C5C6E3C4D7F8B3F3F4E2D2G3B6B5C7C3D3A6G4E8H5F2E1D8,1.0,1.0,,,,,
F5F6E6D6E7G5C5C6E3C4D7C7F7C3D3F4G6F2E2F3H4D8G4E8C2G3D2H6H3,1.0,1.0,424.0,,,,
F5F6E6D6E7G5C5C6E3C4D7C7F7C3D3F4G6F2E2F3H4D8G4E8C2G3D2H6H3H5,1.0,1.0,,,,,
F5F6E6D6E7G5C5C6E3C4D7C7F7C3D3F4G6F2E2F3D2H6H4C8G3G4B5C1B3D1,1.0,1.0,,,,,
F5F6E6D6E7G5C5C6E3C4D7F8B3F3F4G3H6,1.0,2.0,427.0,,,,
F5F6E6D6E7G5C5C6E3C4D7F8B3F3F4G3H6C8,1.0,2.0,428.0,,,,
F5F6E6D6E7G5C5C6E3C4D7F8B3F3F4G3H6C8G6,1.0,2.0,429.0,,,,
F5F6E6D6E7G5C5C6E3C4D7F8B3F3F4G3H6C8G6D3,1.0,2.0,430.0,488.0,,,
F5F6E6D6E7G5C5C6E3C4D7F8B3F3F4G3H6C8G6D3B5,1.0,1.0,431.0,,,,
F5F6E6D6E7G5C5C6E3C4D7F8B3F3F4G3H6C8G6D3B5B6,1.0,1.0,432.0,,,,
F5F6E6D6E7G5C5C6E3C4D7F8B3F3F4G3H6C8G6D3B5B6C3,1.0,1.0,433.0,,,,
F5F6E6D6E7G5C5C6E3C4D7F8B3F3F4G3H6C8G6D3B5B6C3G4,1.0,1.0,434.0,,,,
F5F6E6D6E7G5C5C6E3C4D7F8B3F3F4G3H6C8G6D3B5B6C3G4C2,1.0,1.0,435.0,,,,
F5F6E6D6E7G5C5C6E3C4D7F8B3F3F4G3H6C8G6D3B5B6C3G4C2D2,1.0,1.0,436.0,,,,
F5F6E6D6E7G5C5C6E3C4D7F8B3F3F4G3H6C8G6D3B5B6C3G4C2D2E1,1.0,1.0,437.0,,,,
F5F6E6D6E7G5C5C6E3C4D7F8B3F3F4G3H6C8G6D3B5B6C3G4C2D2E1A5,1.0,1.0,438.0,,,,
F5F6E6D6E7G5C5C6E3C4D7F8B3F3F4G3H6C8G6D3B5B6C3G4C2D2E1A5F2,1.0,1.0,439.0,,,,
F5F6E6D6E7G5C5C6E3C4D7F8B3F3F4G3H6C8G6D3B5B6C3G4C2D2E1A5F2E2,1.0,1.0,,,,,
F5F6E6D6E7G5C5C6E3C4D7F8B3F3F4E2B5D3C7C3B4B6G6G3G4E8C8A6,1.0,1.0,441.0,,,,
F5F6E6D6E7G5C5C6E3C4D7F8B3F3F4E2B5D3C7C3B4B6G6G3G4E8C8A6D8,1.0,1.0,442.0,,,,
F5F6E6D6E7G5C5C6E3C4D7F8B3F3F4E2B5D3C7C3B4B6G6G3G4E8C8A6D8A5,1.0,1.0,,,,,
F5F6E6D6E7G5C5C6E3C4D7F8B3F3F4G3B5E2G4D3H6C3F2F7B4B6,1.0,2.0,444.0,,,,
F5F6E6D6E7G5C5C6E3C4D7F8B3F3F4G3B5E2G4D3H6C3F2F7B4B6C7,1.0,2.0,445.0,,,,
F5F6E6D6E7G5C5C6E3C4D7F8B3F3F4G3B5E2G4D3H6C3F2F7B4B6C7H4,1.0,2.0,446.0,768.0,,,
F5F6E6D6E7G5C5C6E3C4D7F8B3F3F4G3B5E2G4D3H6C3F2F7B4B6C7H4D1,2.0,1.0,447.0,812.0,,,
F5F6E6D6E7G5C5C6E3C4D7F8B3F3F4G3B5E2G4D3H6C3F2F7B4B6C7H4D1A4,1.0,1.0,,,,,
F5F6E6D6E7G5C5C6E3C4D7F8B4F3F4G3H6,2.0,1.0,449.0,,,,
F5F6E6D6E7G5C5C6E3C4D7F8B4F3F4G3H6D3,2.0,1.0,450.0,,,,
F5F6E6D6E7G5C5C6E3C4D7F8B4F3F4G3H6D3G4,2.0,1.0,451.0,,,,
F5F6E6D6E7G5C5C6E3C4D7F8B4F3F4G3H6D3G4F7,2.0,1.0,452.0,,,,
F5F6E6D6E7G5C5C6E3C4D7F8B4F3F4G3H6D3G4F7C7,2.0,1.0,453.0,,,,
F5F6E6D6E7G5C5C6E3C4D7F8B4F3F4G3H6D3G4F7C7B3,2.0,1.0,454.0,,,,
F5F6E6D6E7G5C5C6E3C4D7F8B4F3F4G3H6D3G4F7C7B3E8,2.0,1.0,455.0,,,,
F5F6E6D6E7G5C5C6E3C4D7F8B4F3F4G3H6D3G4F7C7B3E8A4,2.0,1.0,456.0,,,,
F5F6E6D6E7G5C5C6E3C4D7F8B4F3F4G3H6D3G4F7C7B3E8A4C3,2.0,1.0,457.0,,,,
F5F6E6D6E7G5C5C6E3C4D7F8B4F3F4G3H6D3G4F7C7B3E8A4C3D2,2.0,1.0,458.0,,,,
F5F6E6D6E7G5C5C6E3C4D7F8B4F3F4G3H6D3G4F7C7B3E8A4C3D2G8,2.0,1.0,459.0,579.0,,,
F5F6E6D6E7G5C5C6E3C4D7F8B4F3F4G3H6D3G4F7C7B3E8A4C3D2G8B6,1.0,1.0,460.0,,,,
F5F6E6D6E7G5C5C6E3C4D7F8B4F3F4G3H6D3G4F7C7B3E8A4C3D2G8B6B5,1.0,1.0,461.0,,,,
F5F6E6D6E7G5C5C6E3C4D7F8B4F3F4G3H6D3G4F7C7B3E8A4C3D2G8B6B5A6,1.0,1.0,,,,,
F5F6E6D6E7G5C5C6E3C4D7F8B4F3F4G3B5E2G4D3H6F7C7,1.0,3.0,463.0,,,,
F5F6E6D6E7G5C5C6E3C4D7F8B4F3F4G3B5E2G4D3H6F7C7B6,1.0,3.0,464.0,470.0,,,
F5F6E6D6E7G5C5C6E3C4D7F8B4F3F4G3B5E2G4D3H6F7C7B6E8,1.0,2.0,465.0,,,,
F5F6E6D6E7G5C5C6E3C4D7F8B4F3F4G3B5E2G4D3H6F7C7B6E8C8,1.0,2.0,466.0,780.0,,,
F5F6E6D6E7G5C5C6E3C4D7F8B4F3F4G3B5E2G4D3H6F7C7B6E8C8G8,1.0,1.0,467.0,,,,
F5F6E6D6E7G5C5C6E3C4D7F8B4F3F4G3B5E2G4D3H6F7C7B6E8C8G8C3,1.0,1.0,468.0,,,,
F5F6E6D6E7G5C5C6E3C4D7F8B4F3F4G3B5E2G4D3H6F7C7B6E8C8G8C3B3,1.0,1.0,469.0,,,,
F5F6E6D6E7G5C5C6E3C4D7F8B4F3F4G3B5E2G4D3H6F7C7B6E8C8G8C3B3A6,1.0,1.0,,,,,
F5F6E6D6E7G5C5C6E3C4D7F8B4F3F4G3B5E2G4D3H6F7C7B6C3,3.0,1.0,471.0,,,,
F5F6E6D6E7G5C5C6E3C4D7F8B4F3F4G3B5E2G4D3H6F7C7B6C3H4,3.0,1.0,472.0,,,,
F5F6E6D6E7G5C5C6E3C4D7F8B4F3F4G3B5E2G4D3H6F7C7B6C3H4H5,3.0,1.0,473.0,714.0,,,
F5F6E6D6E7G5C5C6E3C4D7F8B4F3F4G3B5E2G4D3H6F7C7B6C3H4H5G6,2.0,1.0,474.0,,,,
F5F6E6D6E7G5C5C6E3C4D7F8B4F3F4G3B5E2G4D3H6F7C7B6C3H4H5G6E8,2.0,1.0,475.0,578.0,,,
F5F6E6D6E7G5C5C6E3C4D7F8B4F3F4G3B5E2G4D3H6F7C7B6C3H4H5G6E8H7,1.0,1.0,,,,,
F5F6E6D6E7G5C5C6E3C4D7C7F7C3D3F4G6F2E2F3H4D8G4E8C2E1,1.0,1.0,477.0,,,,
F5F6E6D6E7G5C5C6E3C4D7C7F7C3D3F4G6F2E2F3H4D8G4E8C2E1D1,1.0,1.0,478.0,,,,
F5F6E6D6E7G5C5C6E3C4D7C7F7C3D3F4G6F2E2F3H4D8G4E8C2E1D1F8,1.0,1.0,479.0,,,,
F5F6E6D6E7G5C5C6E3C4D7C7F7C3D3F4G6F2E2F3H4D8G4E8C2E1D1F8B3,1.0,1.0,480.0,,,,
F5F6E6D6E7G5C5C6E3C4D7C7F7C3D3F4G6F2E2F3H4D8G4E8C2E1D1F8B3D2,1.0,1.0,,,,,
F5F6E6D6E7G5C5C6E3C4D7C7F7C3D3F4G6F2E2F3D2H6H4G4,1.0,2.0,482.0,,,,
F5F6E6D6E7G5C5C6E3C4D7C7F7C3D3F4G6F2E2F3D2H6H4G4B6,1.0,2.0,483.0,,,,
F5F6E6D6E7G5C5C6E3C4D7C7F7C3D3F4G6F2E2F3D2H6H4G4B6F8,1.0,2.0,484.0,,,,
F5F6E6D6E7G5C5C6E3C4D7C7F7C3D3F4G6F2E2F3D2H6H4G4B6F8B5,1.0,2.0,485.0,,,,
F5F6E6D6E7G5C5C6E3C4D7C7F7C3D3F4G6F2E2F3D2H6H4G4B6F8B5B3,1.0,2.0,486.0,683.0,,,
F5F6E6D6E7G5C5C6E3C4D7C7F7C3D3F4G6F2E2F3D2H6H4G4B6F8B5B3C8,1.0,1.0,487.0,,,,
F5F6E6D6E7G5C5C6E3C4D7C7F7C3D3F4G6F2E2F3D2H6H4G4B6F8B5B3C8E8,1.0,1.0,,,,,
F5F6E6D6E7G5C5C6E3C4D7F8B3F3F4G3H6C8G6D3F2,1.0,1.0,489.0,,,,
F5F6E6D6E7G5C5C6E3C4D7F8B3F3F4G3H6C8G6D3F2G4,1.0,1.0,490.0,,,,
F5F6E6D6E7G5C5C6E3C4D7F8B3F3F4G3H6C8G6D3F2G4H5,1.0,1.0,491.0,,,,
F5F6E6D6E7G5C5C6E3C4D7F8B3F3F4G3H6C8G6D3F2G4H5H3,1.0,1.0,492.0,,,,
F5F6E6D6E7G5C5C6E3C4D7F8B3F3F4G3H6C8G6D3F2G4H5H3H4,1.0,1.0,493.0,,,,
F5F6E6D6E7G5C5C6E3C4D7F8B3F3F4G3H6C8G6D3F2G4H5H3H4H7,1.0,1.0,494.0,,,,
F5F6E6D6E7G5C5C6E3C4D7F8B3F3F4G3H6C8G6D3F2G4H5H3H4H7C2,1.0,1.0,495.0,,,,
F5F6E6D6E7G5C5C6E3C4D7F8B3F3F4G3H6C8G6D3F2G4H5H3H4H7C2B4,1.0,1.0,496.0,,,,
F5F6E6D6E7G5C5C6E3C4D7F8B3F3F4G3H6C8G6D3F2G4H5H3H4H7C2B4D2,1.0,1.0,497.0,,,,
F5F6E6D6E7G5C5C6E3C4D7F8B3F3F4G3H6C8G6D3F2G4H5H3H4H7C2B4D2H2,1.0,1.0,,,,,
F5F6E6D6E7G5C5C6E3C4D7F8B3F3F4G3B5E2G4D3H6C3F2F7B4H4D1A6,1.0,1.0,499.0,,,,
F5F6E6D6E7G5C5C6E3C4D7F8B3F3F4G3B5E2G4D3H6C3F2F7B4H4D1A6C7,1.0,1.0,500.0,,,,
F5F6E6D6E7G5C5C6E3C4D7F8B3F3F4G3B5E2G4D3H6C3F2F7B4H4D1A6C7B6,1.0,1.0,,,,,
F5F6E6D6E7G5C5C6E3C4D7F8B4F3F4G3B5E2G4D3H6F7E8B3,1.0,4.0,502.0,590.0,,,
F5F6E6D6E7G5C5C6E3C4D7F8B4F3F4G3B5E2G4D3H6F7E8B3C3,1.0,2.0,503.0,,,,
F5F6E6D6E7G5C5C6E3C4D7F8B4F3F4G3B5E2G4D3H6F7E8B3C3H4,1.0,2.0,504.0,,,,
F5F6E6D6E7G5C5C6E3C4D7F8B4F3F4G3B5E2G4D3H6F7E8B3C3H4H5,1.0,2.0,505.0,,,,
F5F6E6D6E7G5C5C6E3C4D7F8B4F3F4G3B5E2G4D3H6F7E8B3C3H4H5G6,1.0,2.0,506.0,534.0,,,
F5F6E6D6E7G5C5C6E3C4D7F8B4F3F4G3B5E2G4D3H6F7E8B3C3H4H5G6C7,1.0,1.0,507.0,,,,
F5F6E6D6E7G5C5C6E3C4D7F8B4F3F4G3B5E2G4D3H6F7E8B3C3H4H5G6C7H7,1.0,1.0,,,,,
F5F6E6D6E7G5C5C6E3C4D7C7F7C3D3F4G6F2E2F3H4D8G4E8C2D2,1.0,3.0,509.0,836.0,,,
F5F6E6D6E7G5C5C6E3C4D7C7F7C3D3F4G6F2E2F3H4D8G4E8C2D2B6,1.0,2.0,510.0,,,,
F5F6E6D6E7G5C5C6E3C4D7C7F7C3D3F4G6F2E2F3H4D8G4E8C2D2B6G3,1.0,2.0,511.0,643.0,,,
F5F6E6D6E7G5C5C6E3C4D7C7F7C3D3F4G6F2E2F3H4D8G4E8C2D2B6G3F1,2.0,1.0,512.0,587.0,,,
F5F6E6D6E7G5C5C6E3C4D7C7F7C3D3F4G6F2E2F3H4D8G4E8C2D2B6G3F1E1,1.0,1.0,,,,,
F5F6E6D6E7G5C5C6E3C4D7F8B3F3F4E2B5G3G4D3H6C3F2F7B4H4C7,1.0,2.0,514.0,,,,
F5F6E6D6E7G5C5C6E3C4D7F8B3F3F4E2B5G3G4D3H6C3F2F7B4H4C7G6,1.0,2.0,515.0,674.0,,,
F5F6E6D6E7G5C5C6E3C4D7F8B3F3F4E2B5G3G4D3H6C3F2F7B4H4C7G6H5,1.0,1.0,516.0,,,,
F5F6E6D6E7G5C5C6E3C4D7F8B3F3F4E2B5G3G4D3H6C3F2F7B4H4C7G6H5H3,1.0,1.0,,,,,
F5F6E6D6E7G5C5C6E3C4D7F8B3F3F4E2B5D3C7C3B4B6G6G3G4E8D8C8,2.0,1.0,518.0,,,,
F5F6E6D6E7G5C5C6E3C4D7F8B3F3F4E2B5D3C7C3B4B6G6G3G4E8D8C8F7,2.0,1.0,519.0,652.0,,,
F5F6E6D6E7G5C5C6E3C4D7F8B3F3F4E2B5D3C7C3B4B6G6G3G4E8D8C8F7H6,1.0,1.0,,,,,
F5F6E6D6E7G5C5C6E3C4D7F8B4F3F4E2B6G3G4C7E8D8,10.0,1.0,521.0,,,,
F5F6E6D6E7G5C5C6E3C4D7F8B4F3F4E2B6G3G4C7E8D8F7,10.0,1.0,522.0,536.0,,,
F5F6E6D6E7G5C5C6E3C4D7F8B4F3F4E2B6G3G4C7E8D8F7H5,7.0,1.0,523.0,,,,
F5F6E6D6E7G5C5C6E3C4D7F8B4F3F4E2B6G3G4C7E8D8F7H5H3,7.0,1.0,524.0,529.0,,,
F5F6E6D6E7G5C5C6E3C4D7F8B4F3F4E2B6G3G4C7E8D8F7H5H3G8,3.0,1.0,525.0,,,,
F5F6E6D6E7G5C5C6E3C4D7F8B4F3F4E2B6G3G4C7E8D8F7H5H3G8H4,3.0,1.0,526.0,,,,
F5F6E6D6E7G5C5C6E3C4D7F8B4F3F4E2B6G3G4C7E8D8F7H5H3G8H4H2,3.0,1.0,527.0,,,,
F5F6E6D6E7G5C5C6E3C4D7F8B4F3F4E2B6G3G4C7E8D8F7H5H3G8H4H2D2,3.0,1.0,528.0,642.0,820.0,,
F5F6E6D6E7G5C5C6E3C4D7F8B4F3F4E2B6G3G4C7E8D8F7H5H3G8H4H2D2C2,1.0,1.0,,,,,
F5F6E6D6E7G5C5C6E3C4D7F8B4F3F4E2B6G3G4C7E8D8F7H5H3D3,4.0,1.0,530.0,,,,
F5F6E6D6E7G5C5C6E3C4D7F8B4F3F4E2B6G3G4C7E8D8F7H5H3D3H4,4.0,1.0,531.0,,,,
F5F6E6D6E7G5C5C6E3C4D7F8B4F3F4E2B6G3G4C7E8D8F7H5H3D3H4H2,4.0,1.0,532.0,,,,
F5F6E6D6E7G5C5C6E3C4D7F8B4F3F4E2B6G3G4C7E8D8F7H5H3D3H4H2C3,4.0,1.0,533.0,582.0,633.0,647.0,
F5F6E6D6E7G5C5C6E3C4D7F8B4F3F4E2B6G3G4C7E8D8F7H5H3D3H4H2C3A6,1.0,1.0,,,,,
F5F6E6D6E7G5C5C6E3C4D7F8B4F3F4G3B5E2G4D3H6F7E8B3C3H4H5G6D2,3.0,1.0,535.0,583.0,760.0,,
F5F6E6D6E7G5C5C6E3C4D7F8B4F3F4G3B5E2G4D3H6F7E8B3C3H4H5G6D2C8,1.0,1.0,,,,,
F5F6E6D6E7G5C5C6E3C4D7F8B4F3F4E2B6G3G4C7E8D8F7B5,3.0,2.0,537.0,,,,
F5F6E6D6E7G5C5C6E3C4D7F8B4F3F4E2B6G3G4C7E8D8F7B5D2,3.0,2.0,538.0,,,,
F5F6E6D6E7G5C5C6E3C4D7F8B4F3F4E2B6G3G4C7E8D8F7B5D2A5,3.0,2.0,539.0,,,,
F5F6E6D6E7G5C5C6E3C4D7F8B4F3F4E2B6G3G4C7E8D8F7B5D2A5H6,3.0,2.0,540.0,689.0,,,
F5F6E6D6E7G5C5C6E3C4D7F8B4F3F4E2B6G3G4C7E8D8F7B5D2A5H6F2,2.0,2.0,541.0,654.0,,,
F5F6E6D6E7G5C5C6E3C4D7F8B4F3F4E2B6G3G4C7E8D8F7B5D2A5H6F2E1,2.0,1.0,542.0,565.0,,,
F5F6E6D6E7G5C5C6E3C4D7F8B4F3F4E2B6G3G4C7E8D8F7B5D2A5H6F2E1D3,1.0,1.0,,,,,
F5F6E6D6E7G5C5C6E3C4D7F8B4F3F4E2B5D3,2.0,1.0,544.0,,,,
F5F6E6D6E7G5C5C6E3C4D7F8B4F3F4E2B5D3C7,2.0,1.0,545.0,,,,
F5F6E6D6E7G5C5C6E3C4D7F8B4F3F4E2B5D3C7C3,2.0,1.0,546.0,,,,
F5F6E6D6E7G5C5C6E3C4D7F8B4F3F4E2B5D3C7C3G6,2.0,1.0,547.0,,,,
F5F6E6D6E7G5C5C6E3C4D7F8B4F3F4E2B5D3C7C3G6F7,2.0,1.0,548.0,,,,
F5F6E6D6E7G5C5C6E3C4D7F8B4F3F4E2B5D3C7C3G6F7H6,2.0,1.0,549.0,,,,
F5F6E6D6E7G5C5C6E3C4D7F8B4F3F4E2B5D3C7C3G6F7H6D8,2.0,1.0,550.0,,,,
F5F6E6D6E7G5C5C6E3C4D7F8B4F3F4E2B5D3C7C3G6F7H6D8F2,2.0,1.0,551.0,,,,
F5F6E6D6E7G5C5C6E3C4D7F8B4F3F4E2B5D3C7C3G6F7H6D8F2G4,2.0,1.0,552.0,,,,
F5F6E6D6E7G5C5C6E3C4D7F8B4F3F4E2B5D3C7C3G6F7H6D8F2G4G3,2.0,1.0,553.0,686.0,,,
F5F6E6D6E7G5C5C6E3C4D7F8B4F3F4E2B5D3C7C3G6F7H6D8F2G4G3A6,1.0,2.0,554.0,648.0,,,
F5F6E6D6E7G5C5C6E3C4D7F8B4F3F4E2B5D3C7C3G6F7H6D8F2G4G3A6E1,2.0,1.0,555.0,843.0,,,
F5F6E6D6E7G5C5C6E3C4D7F8B4F3F4E2B5D3C7C3G6F7H6D8F2G4G3A6E1C8,1.0,1.0,,,,,
F5F6E6D6E7G5C5C6E3C4D7C7F7C3D3F4G6F2E2F3D2C1,1.0,1.0,557.0,,,,
F5F6E6D6E7G5C5C6E3C4D7C7F7C3D3F4G6F2E2F3D2C1D1,1.0,1.0,558.0,,,,
F5F6E6D6E7G5C5C6E3C4D7C7F7C3D3F4G6F2E2F3D2C1D1E1,1.0,1.0,559.0,,,,
F5F6E6D6E7G5C5C6E3C4D7C7F7C3D3F4G6F2E2F3D2C1D1E1H5,1.0,1.0,560.0,,,,
F5F6E6D6E7G5C5C6E3C4D7C7F7C3D3F4G6F2E2F3D2C1D1E1H5C2,1.0,1.0,561.0,,,,
F5F6E6D6E7G5C5C6E3C4D7C7F7C3D3F4G6F2E2F3D2C1D1E1H5C2B6,1.0,1.0,562.0,,,,
F5F6E6D6E7G5C5C6E3C4D7C7F7C3D3F4G6F2E2F3D2C1D1E1H5C2B6E8,1.0,1.0,563.0,,,,
F5F6E6D6E7G5C5C6E3C4D7C7F7C3D3F4G6F2E2F3D2C1D1E1H5C2B6E8D8,1.0,1.0,564.0,,,,
F5F6E6D6E7G5C5C6E3C4D7C7F7C3D3F4G6F2E2F3D2C1D1E1H5C2B6E8D8F8,1.0,1.0,,,,,
F5F6E6D6E7G5C5C6E3C4D7F8B4F3F4E2B6G3G4C7E8D8F7B5D2A5H6F2E1G8,1.0,1.0,,,,,
F5F6E6D6E7G5C5C6E3C4D7F8B3F3F4G3G4D2E2F7,1.0,1.0,567.0,,,,
F5F6E6D6E7G5C5C6E3C4D7F8B3F3F4G3G4D2E2F7H6,1.0,1.0,568.0,,,,
F5F6E6D6E7G5C5C6E3C4D7F8B3F3F4G3G4D2E2F7H6E8,1.0,1.0,569.0,,,,
F5F6E6D6E7G5C5C6E3C4D7F8B3F3F4G3G4D2E2F7H6E8B5,1.0,1.0,570.0,,,,
F5F6E6D6E7G5C5C6E3C4D7F8B3F3F4G3G4D2E2F7H6E8B5A4,1.0,1.0,571.0,,,,
F5F6E6D6E7G5C5C6E3C4D7F8B3F3F4G3G4D2E2F7H6E8B5A4A6,1.0,1.0,572.0,,,,
F5F6E6D6E7G5C5C6E3C4D7F8B3F3F4G3G4D2E2F7H6E8B5A4A6B4,1.0,1.0,573.0,,,,
F5F6E6D6E7G5C5C6E3C4D7F8B3F3F4G3G4D2E2F7H6E8B5A4A6B4B6,1.0,1.0,574.0,,,,
F5F6E6D6E7G5C5C6E3C4D7F8B3F3F4G3G4D2E2F7H6E8B5A4A6B4B6C3,1.0,1.0,575.0,,,,
F5F6E6D6E7G5C5C6E3C4D7F8B3F3F4G3G4D2E2F7H6E8B5A4A6B4B6C3D3,1.0,1.0,576.0,,,,
F5F6E6D6E7G5C5C6E3C4D7F8B3F3F4G3G4D2E2F7H6E8B5A4A6B4B6C3D3A5,1.0,1.0,,,,,
F5F6E6D6E7G5C5C6E3C4D7F8B3F3F4E2B5D3C7C3B4B6F2E8A5G4C2F1H4C1,1.0,1.0,,,,,
F5F6E6D6E7G5C5C6E3C4D7F8B4F3F4G3B5E2G4D3H6F7C7B6C3H4H5G6E8A5,1.0,1.0,,,,,
F5F6E6D6E7G5C5C6E3C4D7F8B4F3F4G3H6D3G4F7C7B3E8A4C3D2G8B5,1.0,1.0,580.0,,,,
F5F6E6D6E7G5C5C6E3C4D7F8B4F3F4G3H6D3G4F7C7B3E8A4C3D2G8B5B6,1.0,1.0,581.0,,,,
F5F6E6D6E7G5C5C6E3C4D7F8B4F3F4G3H6D3G4F7C7B3E8A4C3D2G8B5B6A6,1.0,1.0,,,,,
F5F6E6D6E7G5C5C6E3C4D7F8B4F3F4E2B6G3G4C7E8D8F7H5H3D3H4H2C3B3,1.0,1.0,,,,,
F5F6E6D6E7G5C5C6E3C4D7F8B4F3F4G3B5E2G4D3H6F7E8B3C3H4H5G6D2D1,1.0,1.0,,,,,
F5F6E6D6E7G5C5C6E3C4D7F8B3F3F4E2B5D3C7C3B4B6F2G4C2E8D2D8G3F1,1.0,1.0,,,,,
F5F6E6D6E7G5C5C6E3C4D7C7F7C3D3F4G6F2E2F3H4D8G4E8D2D1B4G3F1,2.0,1.0,586.0,775.0,,,
F5F6E6D6E7G5C5C6E3C4D7C7F7C3D3F4G6F2E2F3H4D8G4E8D2D1B4G3F1B3,1.0,1.0,,,,,
F5F6E6D6E7G5C5C6E3C4D7C7F7C3D3F4G6F2E2F3H4D8G4E8C2D2B6G3F1H6,1.0,1.0,,,,,
F5F6E6D6E7G5C5C6E3C4D7F8B3F3F4E2B5G3G4D3H6C3F2F7B4C8B6H4D1,1.0,1.0,589.0,,,,
F5F6E6D6E7G5C5C6E3C4D7F8B3F3F4E2B5G3G4D3H6C3F2F7B4C8B6H4D1C7,1.0,1.0,,,,,
F5F6E6D6E7G5C5C6E3C4D7F8B4F3F4G3B5E2G4D3H6F7E8B3C7,2.0,2.0,591.0,,,,
F5F6E6D6E7G5C5C6E3C4D7F8B4F3F4G3B5E2G4D3H6F7E8B3C7A3,2.0,2.0,592.0,,,,
F5F6E6D6E7G5C5C6E3C4D7F8B4F3F4G3B5E2G4D3H6F7E8B3C7A3C3,2.0,2.0,593.0,,,,
F5F6E6D6E7G5C5C6E3C4D7F8B4F3F4G3B5E2G4D3H6F7E8B3C7A3C3A6,2.0,2.0,594.0,672.0,,,
F5F6E6D6E7G5C5C6E3C4D7F8B4F3F4G3B5E2G4D3H6F7E8B3C7A3C3A6F2,2.0,1.0,595.0,705.0,,,
F5F6E6D6E7G5C5C6E3C4D7F8B4F3F4G3B5E2G4D3H6F7E8B3C7A3C3A6F2D2,1.0,1.0,,,,,
F5F6E6D6E7G5C5C6E3C4D7F8B3F3F4G3B5E2G4D3H6C3F2F7C7B6B4E8,1.0,1.0,597.0,,,,
F5F6E6D6E7G5C5C6E3C4D7F8B3F3F4G3B5E2G4D3H6C3F2F7C7B6B4E8C8,1.0,1.0,598.0,,,,
F5F6E6D6E7G5C5C6E3C4D7F8B3F3F4G3B5E2G4D3H6C3F2F7C7B6B4E8C8E1,1.0,1.0,,,,,
F5F6E6D6E7G5C5C6E3C4D7C7F7C3D3F4G6F2E2F3H4D8G4G3D2F1D1,1.0,1.0,600.0,,,,
F5F6E6D6E7G5C5C6E3C4D7C7F7C3D3F4G6F2E2F3H4D8G4G3D2F1D1H5,1.0,1.0,601.0,,,,
F5F6E6D6E7G5C5C6E3C4D7C7F7C3D3F4G6F2E2F3H4D8G4G3D2F1D1H5H6,1.0,1.0,602.0,,,,
F5F6E6D6E7G5C5C6E3C4D7C7F7C3D3F4G6F2E2F3H4D8G4G3D2F1D1H5H6H3,1.0,1.0,,,,,
F5F6E6D6E7G5C5C6E3C4D7C7F7C3D3F4G6F2E2F3H4D8G4E8C2F8B3G3,2.0,1.0,604.0,,,,
F5F6E6D6E7G5C5C6E3C4D7C7F7C3D3F4G6F2E2F3H4D8G4E8C2F8B3G3D2,2.0,1.0,605.0,765.0,,,
F5F6E6D6E7G5C5C6E3C4D7C7F7C3D3F4G6F2E2F3H4D8G4E8C2F8B3G3D2F1,1.0,1.0,,,,,
F5F6E6D6E7G5C5C6E3C4D7F8B4F3F4G3B5E2G4D3H6F7E8C3B3A6C7,1.0,1.0,607.0,,,,
F5F6E6D6E7G5C5C6E3C4D7F8B4F3F4G3B5E2G4D3H6F7E8C3B3A6C7A5,1.0,1.0,608.0,,,,
F5F6E6D6E7G5C5C6E3C4D7F8B4F3F4G3B5E2G4D3H6F7E8C3B3A6C7A5F2,1.0,1.0,609.0,,,,
F5F6E6D6E7G5C5C6E3C4D7F8B4F3F4G3B5E2G4D3H6F7E8C3B3A6C7A5F2B6,1.0,1.0,,,,,
F5F6E6D6E7G5C5C6E3C4D7F8B4F3F4E2B5G3G4D3H6F7E8B3C7A3C3A6D2,2.0,1.0,611.0,764.0,,,
F5F6E6D6E7G5C5C6E3C4D7F8B4F3F4E2B5G3G4D3H6F7E8B3C7A3C3A6D2B6,1.0,1.0,,,,,
F5F6E6D6E7G5C5C6E3C4D7F8B3F3F4E2B5D3C7C3B4B6F2G4E8F7C2C1G6H6,1.0,1.0,,,,,
F5F6E6D6E7G5C5C6E3C4D7F8B3F3F4E2B5D3C7C3B4B6F2G4C2E8G3D8,2.0,1.0,614.0,,,,
F5F6E6D6E7G5C5C6E3C4D7F8B3F3F4E2B5D3C7C3B4B6F2G4C2E8G3D8D2,2.0,1.0,615.0,761.0,,,
F5F6E6D6E7G5C5C6E3C4D7F8B3F3F4E2B5D3C7C3B4B6F2G4C2E8G3D8D2A5,1.0,1.0,,,,,
F5F6E6D6E7G5C5C6E3C4D7F8B3F3F4G3B5E2G4D3H6C3F2F7B4H4D1B6C7H3,1.0,1.0,,,,,
F5F6E6D6E7G5C5C6E3C4D7C7F7C3D3F4G6F2E2F3D2H6H4C8G3G4B5C1B3B6,1.0,1.0,,,,,
F5F6E6D6E7G5C5C6E3C4D7F8B3F3F4E2D2G3B6B5C7C8G6F7D3A6G4F2E1B4,1.0,1.0,,,,,
F5F6E6D6E7G5C5C6E3C4D7C7F7C3D3F4G6F2E2F3H4D8G4E8C2G3D2H3,1.0,2.0,620.0,777.0,,,
F5F6E6D6E7G5C5C6E3C4D7C7F7C3D3F4G6F2E2F3H4D8G4E8C2G3D2H3H5,2.0,1.0,621.0,813.0,,,
F5F6E6D6E7G5C5C6E3C4D7C7F7C3D3F4G6F2E2F3H4D8G4E8C2G3D2H3H5D1,1.0,1.0,,,,,
F5F6E6D6E7G5C5C6E3C4D7F8B3F3F4E2D2G3B6B5C7C8G6F7D3A6G4B4,2.0,1.0,623.0,,,,
F5F6E6D6E7G5C5C6E3C4D7F8B3F3F4E2D2G3B6B5C7C8G6F7D3A6G4B4E1,2.0,1.0,624.0,685.0,,,
F5F6E6D6E7G5C5C6E3C4D7F8B3F3F4E2D2G3B6B5C7C8G6F7D3A6G4B4E1F2,1.0,1.0,,,,,
F5F6E6D6E7G5C5C6E3C4D7F8B3F3F4E2B5D3C7C3B4B6G6E8G4H3,1.0,1.0,626.0,,,,
F5F6E6D6E7G5C5C6E3C4D7F8B3F3F4E2B5D3C7C3B4B6G6E8G4H3H4,1.0,1.0,627.0,,,,
F5F6E6D6E7G5C5C6E3C4D7F8B3F3F4E2B5D3C7C3B4B6G6E8G4H3H4G3,1.0,1.0,628.0,,,,
F5F6E6D6E7G5C5C6E3C4D7F8B3F3F4E2B5D3C7C3B4B6G6E8G4H3H4G3A5,1.0,1.0,629.0,,,,
F5F6E6D6E7G5C5C6E3C4D7F8B3F3F4E2B5D3C7C3B4B6G6E8G4H3H4G3A5B8,1.0,1.0,,,,,
F5F6E6D6E7G5C5C6E3C4D7C7F7C3D3F4G6F2E2F3H4D8G4E8C2F8B3E1,1.0,1.0,631.0,,,,
F5F6E6D6E7G5C5C6E3C4D7C7F7C3D3F4G6F2E2F3H4D8G4E8C2F8B3E1D1,1.0,1.0,632.0,,,,
F5F6E6D6E7G5C5C6E3C4D7C7F7C3D3F4G6F2E2F3H4D8G4E8C2F8B3E1D1D2,1.0,1.0,,,,,
F5F6E6D6E7G5C5C6E3C4D7F8B4F3F4E2B6G3G4C7E8D8F7H5H3D3H4H2C3H6,1.0,1.0,,,,,
F5F6E6D6E7G5C5C6E3C4D7F8B3F3F4E2B5G3G4D3H6C3F2F7B4B6C7H4H5,1.0,1.0,635.0,,,,
F5F6E6D6E7G5C5C6E3C4D7F8B3F3F4E2B5G3G4D3H6C3F2F7B4B6C7H4H5H3,1.0,1.0,,,,,
F5F6E6D6E7G5C5C6E3C4D7F8B4F3F4E2B5G3G4D3H6F7C7B6C3H4H5G6,2.0,1.0,637.0,,,,
F5F6E6D6E7G5C5C6E3C4D7F8B4F3F4E2B5G3G4D3H6F7C7B6C3H4H5G6E8,2.0,1.0,638.0,753.0,,,
F5F6E6D6E7G5C5C6E3C4D7F8B4F3F4E2B5G3G4D3H6F7C7B6C3H4H5G6E8H7,1.0,1.0,,,,,
F5F6E6D6E7G5C5C6E3C4D7F8B3F3F4E2B5G3G4D3H6C3F2F7B4H4D1A6,1.0,1.0,640.0,,,,
F5F6E6D6E7G5C5C6E3C4D7F8B3F3F4E2B5G3G4D3H6C3F2F7B4H4D1A6C7,1.0,1.0,641.0,,,,
F5F6E6D6E7G5C5C6E3C4D7F8B3F3F4E2B5G3G4D3H6C3F2F7B4H4D1A6C7B6,1.0,1.0,,,,,
F5F6E6D6E7G5C5C6E3C4D7F8B4F3F4E2B6G3G4C7E8D8F7H5H3G8H4H2D2A5,1.0,1.0,,,,,
F5F6E6D6E7G5C5C6E3C4D7C7F7C3D3F4G6F2E2F3H4D8G4E8C2D2B6G3F8,1.0,1.0,644.0,,,,
F5F6E6D6E7G5C5C6E3C4D7C7F7C3D3F4G6F2E2F3H4D8G4E8C2D2B6G3F8B5,1.0,1.0,,,,,
F5F6E6D6E7G5C5C6E3C4D7C7F7C3D3F4G6F2E2F3H4D8G4E8D2D1C1G3B3C2,1.0,1.0,,,,,
F5F6E6D6E7G5C5C6E3C4D7F8B3F3F4E2B5D3C7C3B4B6F2G4C2E8A5F1H4B8,1.0,1.0,,,,,
F5F6E6D6E7G5C5C6E3C4D7F8B4F3F4E2B6G3G4C7E8D8F7H5H3D3H4H2C3G8,1.0,1.0,,,,,
F5F6E6D6E7G5C5C6E3C4D7F8B4F3F4E2B5D3C7C3G6F7H6D8F2G4G3A6A5,1.0,1.0,649.0,,,,
F5F6E6D6E7G5C5C6E3C4D7F8B4F3F4E2B5D3C7C3G6F7H6D8F2G4G3A6A5F1,1.0,1.0,,,,,
F5F6E6D6E7G5C5C6E3C4D7F8B3F3F4E2B5D3C7C3B4B6F2G4E8F7C2C1A5,1.0,1.0,651.0,,,,
F5F6E6D6E7G5C5C6E3C4D7F8B3F3F4E2B5D3C7C3B4B6F2G4E8F7C2C1A5D8,1.0,1.0,,,,,
F5F6E6D6E7G5C5C6E3C4D7F8B3F3F4E2B5D3C7C3B4B6G6G3G4E8D8C8F7A6,1.0,1.0,,,,,
F5F6E6D6E7G5C5C6E3C4D7F8B3F3F4E2B5D3C7C3B4B6G6E8G4G3D8C8F7A6,1.0,1.0,,,,,
F5F6E6D6E7G5C5C6E3C4D7F8B4F3F4E2B6G3G4C7E8D8F7B5D2A5H6F2C3,2.0,1.0,655.0,779.0,,,
F5F6E6D6E7G5C5C6E3C4D7F8B4F3F4E2B6G3G4C7E8D8F7B5D2A5H6F2C3C1,1.0,1.0,,,,,
F5F6E6D6E7G5C5C6E3C4D7F8B4F3F4G3B5E2G4D3H6F7E8C3B3A6F2,1.0,1.0,657.0,,,,
F5F6E6D6E7G5C5C6E3C4D7F8B4F3F4G3B5E2G4D3H6F7E8C3B3A6F2A5,1.0,1.0,658.0,,,,
F5F6E6D6E7G5C5C6E3C4D7F8B4F3F4G3B5E2G4D3H6F7E8C3B3A6F2A5C7,1.0,1.0,659.0,,,,
F5F6E6D6E7G5C5C6E3C4D7F8B4F3F4G3B5E2G4D3H6F7E8C3B3A6F2A5C7B6,1.0,1.0,,,,,
F5F6E6D6E7G5C5C6E3C4D7F8B3F3F4E2B5G3G4D3H6C3F2F7C7B6B4E8,1.0,1.0,661.0,,,,
F5F6E6D6E7G5C5C6E3C4D7F8B3F3F4E2B5G3G4D3H6C3F2F7C7B6B4E8C8,1.0,1.0,662.0,,,,
F5F6E6D6E7G5C5C6E3C4D7F8B3F3F4E2B5G3G4D3H6C3F2F7C7B6B4E8C8E1,1.0,1.0,,,,,
F5F6E6D6E7G5C5C6E3C4D7C7F7C3D3F4G6F2E2F3H4D8G4G3D2F1H3E1,1.0,2.0,664.0,840.0,,,
F5F6E6D6E7G5C5C6E3C4D7C7F7C3D3F4G6F2E2F3H4D8G4G3D2F1H3E1B5,1.0,1.0,665.0,,,,
F5F6E6D6E7G5C5C6E3C4D7C7F7C3D3F4G6F2E2F3H4D8G4G3D2F1H3E1B5E8,1.0,1.0,,,,,
F5F6E6D6E7G5C5C6E3C4D7C7F7C3D3F4G6F2E2F3H4D8G4E8D2D1B4B3C1F1,1.0,1.0,,,,,
F5F6E6D6E7G5C5C6E3C4D7F8B3F3F4E2D2D3C7B5G6F7H5D8C3B4C2A3E1G3,1.0,1.0,,,,,
F5F6E6D6E7G5C5C6E3C4D7F8B3F3F4G3B5E2G4D3H6C3F2F7B4H4H5,1.0,1.0,669.0,,,,
F5F6E6D6E7G5C5C6E3C4D7F8B3F3F4G3B5E2G4D3H6C3F2F7B4H4H5H3,1.0,1.0,670.0,,,,
F5F6E6D6E7G5C5C6E3C4D7F8B3F3F4G3B5E2G4D3H6C3F2F7B4H4H5H3H2,1.0,1.0,671.0,,,,
F5F6E6D6E7G5C5C6E3C4D7F8B3F3F4G3B5E2G4D3H6C3F2F7B4H4H5H3H2A4,1.0,1.0,,,,,
F5F6E6D6E7G5C5C6E3C4D7F8B4F3F4G3B5E2G4D3H6F7E8B3C7A3C3A6D2,2.0,1.0,673.0,754.0,,,
F5F6E6D6E7G5C5C6E3C4D7F8B4F3F4G3B5E2G4D3H6F7E8B3C7A3C3A6D2B6,1.0,1.0,,,,,
F5F6E6D6E7G5C5C6E3C4D7F8B3F3F4E2B5G3G4D3H6C3F2F7B4H4C7G6D1,1.0,1.0,675.0,,,,
F5F6E6D6E7G5C5C6E3C4D7F8B3F3F4E2B5G3G4D3H6C3F2F7B4H4C7G6D1B6,1.0,1.0,,,,,
F5F6E6D6E7G5C5C6E3C4D7F8B3F3F4E2B5G3G4D3H6C3F2F7B4H4H5,1.0,1.0,677.0,,,,
F5F6E6D6E7G5C5C6E3C4D7F8B3F3F4E2B5G3G4D3H6C3F2F7B4H4H5H3,1.0,1.0,678.0,,,,
F5F6E6D6E7G5C5C6E3C4D7F8B3F3F4E2B5G3G4D3H6C3F2F7B4H4H5H3H2,1.0,1.0,679.0,,,,
F5F6E6D6E7G5C5C6E3C4D7F8B3F3F4E2B5G3G4D3H6C3F2F7B4H4H5H3H2A4,1.0,1.0,,,,,
F5F6E6D6E7G5C5C6E3C4D7F8B3F3F4E2B5D3C7C3B4B6G6E8G4A6C8A5D8B8,1.0,1.0,,,,,
F5F6E6D6E7G5C5C6E3C4D7C7F7C3D3F4G6F2E2F3H4D8G4E8D2D1B4B3B5,1.0,1.0,682.0,,,,
F5F6E6D6E7G5C5C6E3C4D7C7F7C3D3F4G6F2E2F3H4D8G4E8D2D1B4B3B5A4,1.0,1.0,,,,,
F5F6E6D6E7G5C5C6E3C4D7C7F7C3D3F4G6F2E2F3D2H6H4G4B6F8B5B3D8,1.0,1.0,684.0,,,,
F5F6E6D6E7G5C5C6E3C4D7C7F7C3D3F4G6F2E2F3D2H6H4G4B6F8B5B3D8E8,1.0,1.0,,,,,
F5F6E6D6E7G5C5C6E3C4D7F8B3F3F4E2D2G3B6B5C7C8G6F7D3A6G4B4E1C3,1.0,1.0,,,,,
F5F6E6D6E7G5C5C6E3C4D7F8B4F3F4E2B5D3C7C3G6F7H6D8F2G4G3B6,1.0,1.0,687.0,,,,
F5F6E6D6E7G5C5C6E3C4D7F8B4F3F4E2B5D3C7C3G6F7H6D8F2G4G3B6E1,1.0,1.0,688.0,,,,
F5F6E6D6E7G5C5C6E3C4D7F8B4F3F4E2B5D3C7C3G6F7H6D8F2G4G3B6E1A3,1.0,1.0,,,,,
F5F6E6D6E7G5C5C6E3C4D7F8B4F3F4E2B6G3G4C7E8D8F7B5D2A5H6A3,1.0,2.0,690.0,762.0,,,
F5F6E6D6E7G5C5C6E3C4D7F8B4F3F4E2B6G3G4C7E8D8F7B5D2A5H6A3E1,1.0,1.0,691.0,,,,
F5F6E6D6E7G5C5C6E3C4D7F8B4F3F4E2B6G3G4C7E8D8F7B5D2A5H6A3E1B3,1.0,1.0,,,,,
F5F6E6D6E7G5C5C6E3C4D7F8B3F3F4G3B5E2G4D3H6C3F2F7C7B6B4E1E8A4,1.0,1.0,,,,,
F5F6E6D6E7G5C5C6E3C4D7F8B3F3F4E2B5D3C7C3B4B6G6E8G4D8,1.0,1.0,694.0,,,,
F5F6E6D6E7G5C5C6E3C4D7F8B3F3F4E2B5D3C7C3B4B6G6E8G4D8F2,1.0,1.0,695.0,,,,
F5F6E6D6E7G5C5C6E3C4D7F8B3F3F4E2B5D3C7C3B4B6G6E8G4D8F2G3,1.0,1.0,696.0,,,,
F5F6E6D6E7G5C5C6E3C4D7F8B3F3F4E2B5D3C7C3B4B6G6E8G4D8F2G3H4,1.0,1.0,697.0,,,,
F5F6E6D6E7G5C5C6E3C4D7F8B3F3F4E2B5D3C7C3B4B6G6E8G4D8F2G3H4F1,1.0,1.0,,,,,
F5F6E6D6E7G5C5C6E3C4D7F8B3F3F4G3B5E2G4D3H6C3F2F7C7B6B4E1A5,1.0,1.0,699.0,,,,
F5F6E6D6E7G5C5C6E3C4D7F8B3F3F4G3B5E2G4D3H6C3F2F7C7B6B4E1A5E8,1.0,1.0,,,,,
F5F6E6D6E7G5C5C6E3C4D7C7F7C3D3F4G6F2E2F3H4D8G4E8C2C1B6G3F8,1.0,1.0,701.0,,,,
F5F6E6D6E7G5C5C6E3C4D7C7F7C3D3F4G6F2E2F3H4D8G4E8C2C1B6G3F8D1,1.0,1.0,,,,,
F5F6E6D6E7G5C5C6E3C4D7F8B4F3F4E2B6G3G4C7E8B5F7G6G8D8C8A6,2.0,1.0,703.0,,,,
F5F6E6D6E7G5C5C6E3C4D7F8B4F3F4E2B6G3G4C7E8B5F7G6G8D8C8A6D2,2.0,1.0,704.0,819.0,,,
F5F6E6D6E7G5C5C6E3C4D7F8B4F3F4E2B6G3G4C7E8B5F7G6G8D8C8A6D2H5,1.0,1.0,,,,,
F5F6E6D6E7G5C5C6E3C4D7F8B4F3F4G3B5E2G4D3H6F7E8B3C7A3C3A6F2B6,1.0,1.0,,,,,
F5F6E6D6E7G5C5C6E3C4D7F8B4F3F4E2B5G3G4D3H6F7E8C3B3A6A4,1.0,2.0,707.0,,,,
F5F6E6D6E7G5C5C6E3C4D7F8B4F3F4E2B5G3G4D3H6F7E8C3B3A6A4B6,1.0,2.0,708.0,739.0,,,
F5F6E6D6E7G5C5C6E3C4D7F8B4F3F4E2B5G3G4D3H6F7E8C3B3A6A4B6F2,1.0,1.0,709.0,,,,
F5F6E6D6E7G5C5C6E3C4D7F8B4F3F4E2B5G3G4D3H6F7E8C3B3A6A4B6F2A3,1.0,1.0,,,,,
F5F6E6D6E7G5C5C6E3C4D7C7F7C3D3F4G6F2E2F3H4D8G4E8B6G3F8H6,2.0,1.0,711.0,,,,
F5F6E6D6E7G5C5C6E3C4D7C7F7C3D3F4G6F2E2F3H4D8G4E8B6G3F8H6D2,2.0,1.0,712.0,738.0,,,
F5F6E6D6E7G5C5C6E3C4D7C7F7C3D3F4G6F2E2F3H4D8G4E8B6G3F8H6D2H3,1.0,1.0,,,,,
F5F6E6D6E7G5C5C6E3C4D7F8B4F3F4E2B5G3G4D3H6F7E8B3C7A3C3A6F2B6,1.0,1.0,,,,,
F5F6E6D6E7G5C5C6E3C4D7F8B4F3F4G3B5E2G4D3H6F7C7B6C3H4H5H7,1.0,1.0,715.0,,,,
F5F6E6D6E7G5C5C6E3C4D7F8B4F3F4G3B5E2G4D3H6F7C7B6C3H4H5H7E8,1.0,1.0,716.0,,,,
F5F6E6D6E7G5C5C6E3C4D7F8B4F3F4G3B5E2G4D3H6F7C7B6C3H4H5H7E8C8,1.0,1.0,,,,,
F5F6E6D6E7G5C5C6E3C4D7F8B3F3F4E2B5G3G4D3H6C3F2F7B4H4D1B6,2.0,1.0,718.0,,,,
F5F6E6D6E7G5C5C6E3C4D7F8B3F3F4E2B5G3G4D3H6C3F2F7B4H4D1B6C7,2.0,1.0,719.0,825.0,,,
F5F6E6D6E7G5C5C6E3C4D7F8B3F3F4E2B5G3G4D3H6C3F2F7B4H4D1B6C7H3,1.0,1.0,,,,,
F5F6E6D6E7G5C5C6E3C4D7C7F7C3D3F4G6F2E2F3H4D8G4E8D2H6H5H3C2F1,1.0,1.0,,,,,
F5F6E6D6E7G5C5C6E3C4D7F8B4F3F4G3B5E2G4D3H6F7E8C3B3A6A4,1.0,2.0,722.0,,,,
F5F6E6D6E7G5C5C6E3C4D7F8B4F3F4G3B5E2G4D3H6F7E8C3B3A6A4B6,1.0,2.0,723.0,741.0,,,
F5F6E6D6E7G5C5C6E3C4D7F8B4F3F4G3B5E2G4D3H6F7E8C3B3A6A4B6F2,1.0,1.0,724.0,,,,
F5F6E6D6E7G5C5C6E3C4D7F8B4F3F4G3B5E2G4D3H6F7E8C3B3A6A4B6F2A3,1.0,1.0,,,,,
F5F6E6D6E7G5C5C6E3C4D7C7F7C3D3F4G6F2E2F3H4D8G4E8C2F8B3F1D1G3,1.0,1.0,,,,,
F5F6E6D6E7G5C5C6E3C4D7F8B3F3F4E2D2G3B6B5C7C3D3A6G4E8H5B4,1.0,1.0,727.0,,,,
F5F6E6D6E7G5C5C6E3C4D7F8B3F3F4E2D2G3B6B5C7C3D3A6G4E8H5B4A4,1.0,1.0,728.0,,,,
F5F6E6D6E7G5C5C6E3C4D7F8B3F3F4E2D2G3B6B5C7C3D3A6G4E8H5B4A4F2,1.0,1.0,,,,,
F5F6E6D6E7G5C5C6E3C4D7C7F7C3D3F4G6F2E2F3D2H6H4C8G3G4B5B6,1.0,1.0,730.0,,,,
F5F6E6D6E7G5C5C6E3C4D7C7F7C3D3F4G6F2E2F3D2H6H4C8G3G4B5B6C2,1.0,1.0,731.0,,,,
F5F6E6D6E7G5C5C6E3C4D7C7F7C3D3F4G6F2E2F3D2H6H4C8G3G4B5B6C2H3,1.0,1.0,,,,,
F5F6E6D6E7G5C5C6E3C4D7F8B4F3F4E2B5G3G4D3H6F7E8B3C3H4H5G6D2C8,1.0,1.0,,,,,
F5F6E6D6E7G5C5C6E3C4D7F8B3F3F4E2B5D3C7C3B4B6G6E8G4G3D8A6C8,1.0,1.0,734.0,,,,
F5F6E6D6E7G5C5C6E3C4D7F8B3F3F4E2B5D3C7C3B4B6G6E8G4G3D8A6C8A5,1.0,1.0,,,,,
F5F6E6D6E7G5C5C6E3C4D7F8B3F3F4E2D2D3C7B5G6F7H5D8C3B4C2G4,1.0,1.0,736.0,,,,
F5F6E6D6E7G5C5C6E3C4D7F8B3F3F4E2D2D3C7B5G6F7H5D8C3B4C2G4F2,1.0,1.0,737.0,,,,
F5F6E6D6E7G5C5C6E3C4D7F8B3F3F4E2D2D3C7B5G6F7H5D8C3B4C2G4F2B6,1.0,1.0,,,,,
F5F6E6D6E7G5C5C6E3C4D7C7F7C3D3F4G6F2E2F3H4D8G4E8B6G3F8H6D2G8,1.0,1.0,,,,,
F5F6E6D6E7G5C5C6E3C4D7F8B4F3F4E2B5G3G4D3H6F7E8C3B3A6A4B6C7,1.0,1.0,740.0,,,,
F5F6E6D6E7G5C5C6E3C4D7F8B4F3F4E2B5G3G4D3H6F7E8C3B3A6A4B6C7C8,1.0,1.0,,,,,
F5F6E6D6E7G5C5C6E3C4D7F8B4F3F4G3B5E2G4D3H6F7E8C3B3A6A4B6C7,1.0,1.0,742.0,,,,
F5F6E6D6E7G5C5C6E3C4D7F8B4F3F4G3B5E2G4D3H6F7E8C3B3A6A4B6C7C8,1.0,1.0,,,,,
F5F6E6D6E7G5C5C6E3C4D7C7F7C3D3F4G6F2E2F3D2H6H4C8G3G4B5D8,1.0,1.0,744.0,,,,
F5F6E6D6E7G5C5C6E3C4D7C7F7C3D3F4G6F2E2F3D2H6H4C8G3G4B5D8F8,1.0,1.0,745.0,,,,
F5F6E6D6E7G5C5C6E3C4D7C7F7C3D3F4G6F2E2F3D2H6H4C8G3G4B5D8F8B4,1.0,1.0,,,,,
F5F6E6D6E7G5C5C6E3C4D7F8B3F3F4E2B5D3C7C3B4B6G6G3G4H3,1.0,2.0,747.0,,,,
F5F6E6D6E7G5C5C6E3C4D7F8B3F3F4E2B5D3C7C3B4B6G6G3G4H3H4,1.0,2.0,748.0,,,,
F5F6E6D6E7G5C5C6E3C4D7F8B3F3F4E2B5D3C7C3B4B6G6G3G4H3H4E8,1.0,2.0,749.0,751.0,,,
F5F6E6D6E7G5C5C6E3C4D7F8B3F3F4E2B5D3C7C3B4B6G6G3G4H3H4E8C8,2.0,1.0,750.0,759.0,,,
F5F6E6D6E7G5C5C6E3C4D7F8B3F3F4E2B5D3C7C3B4B6G6G3G4H3H4E8C8A6,1.0,1.0,,,,,
F5F6E6D6E7G5C5C6E3C4D7F8B3F3F4E2B5D3C7C3B4B6G6G3G4H3H4E8D8,1.0,1.0,752.0,,,,
F5F6E6D6E7G5C5C6E3C4D7F8B3F3F4E2B5D3C7C3B4B6G6G3G4H3H4E8D8F7,1.0,1.0,,,,,
F5F6E6D6E7G5C5C6E3C4D7F8B4F3F4E2B5G3G4D3H6F7C7B6C3H4H5G6E8A5,1.0,1.0,,,,,
F5F6E6D6E7G5C5C6E3C4D7F8B4F3F4G3B5E2G4D3H6F7E8B3C7A3C3A6D2H4,1.0,1.0,,,,,
F5F6E6D6E7G5C5C6E3C4D7F8B3F3F4E2D2G3B6B5C7C8G6F7D3A6G4F2E1H3,1.0,1.0,,,,,
F5F6E6D6E7G5C5C6E3C4D7F8B3F3F4E2B5D3C7C3B4B6G6E8G4A6C8F7,1.0,1.0,757.0,,,,
F5F6E6D6E7G5C5C6E3C4D7F8B3F3F4E2B5D3C7C3B4B6G6E8G4A6C8F7D8,1.0,1.0,758.0,,,,
F5F6E6D6E7G5C5C6E3C4D7F8B3F3F4E2B5D3C7C3B4B6G6E8G4A6C8F7D8H4,1.0,1.0,,,,,
F5F6E6D6E7G5C5C6E3C4D7F8B3F3F4E2B5D3C7C3B4B6G6G3G4H3H4E8C8F7,1.0,1.0,,,,,
F5F6E6D6E7G5C5C6E3C4D7F8B4F3F4G3B5E2G4D3H6F7E8B3C3H4H5G6D2H7,1.0,1.0,,,,,
F5F6E6D6E7G5C5C6E3C4D7F8B3F3F4E2B5D3C7C3B4B6F2G4C2E8G3D8D2F1,1.0,1.0,,,,,
F5F6E6D6E7G5C5C6E3C4D7F8B4F3F4E2B6G3G4C7E8D8F7B5D2A5H6A3A4,1.0,1.0,763.0,,,,
F5F6E6D6E7G5C5C6E3C4D7F8B4F3F4E2B6G3G4C7E8D8F7B5D2A5H6A3A4B3,1.0,1.0,,,,,
F5F6E6D6E7G5C5C6E3C4D7F8B4F3F4E2B5G3G4D3H6F7E8B3C7A3C3A6D2H4,1.0,1.0,,,,,
F5F6E6D6E7G5C5C6E3C4D7C7F7C3D3F4G6F2E2F3H4D8G4E8C2F8B3G3D2E1,1.0,1.0,,,,,
F5F6E6D6E7G5C5C6E3C4D7F8B4F3F4E2B5G3G4D3H6F7E8B3C3H4H5G6C7,1.0,1.0,767.0,,,,
F5F6E6D6E7G5C5C6E3C4D7F8B4F3F4E2B5G3G4D3H6F7E8B3C3H4H5G6C7H7,1.0,1.0,,,,,
F5F6E6D6E7G5C5C6E3C4D7F8B3F3F4G3B5E2G4D3H6C3F2F7B4B6C7H4H5,1.0,1.0,769.0,,,,
F5F6E6D6E7G5C5C6E3C4D7F8B3F3F4G3B5E2G4D3H6C3F2F7B4B6C7H4H5H3,1.0,1.0,,,,,
F5F6E6D6E7G5C5C6E3C4D7F8B3F3F4E2B5D3C7C3B4B6G6E8G4G3C8H5,1.0,1.0,771.0,,,,
F5F6E6D6E7G5C5C6E3C4D7F8B3F3F4E2B5D3C7C3B4B6G6E8G4G3C8H5F7,1.0,1.0,772.0,,,,
F5F6E6D6E7G5C5C6E3C4D7F8B3F3F4E2B5D3C7C3B4B6G6E8G4G3C8H5F7A6,1.0,1.0,,,,,
F5F6E6D6E7G5C5C6E3C4D7F8B3F3F4E2B5D3C7C3B4B6F2G4E8F7A5D8G6,1.0,1.0,774.0,,,,
F5F6E6D6E7G5C5C6E3C4D7F8B3F3F4E2B5D3C7C3B4B6F2G4E8F7A5D8G6C8,1.0,1.0,,,,,
F5F6E6D6E7G5C5C6E3C4D7C7F7C3D3F4G6F2E2F3H4D8G4E8D2D1B4G3F1B5,1.0,1.0,,,,,
F5F6E6D6E7G5C5C6E3C4D7F8B3F3F4E2B5D3C7C3B4B6F2G4E8F7C2C1G6A6,1.0,1.0,,,,,
F5F6E6D6E7G5C5C6E3C4D7C7F7C3D3F4G6F2E2F3H4D8G4E8C2G3D2H3F1,1.0,1.0,778.0,,,,
F5F6E6D6E7G5C5C6E3C4D7C7F7C3D3F4G6F2E2F3H4D8G4E8C2G3D2H3F1C1,1.0,1.0,,,,,
F5F6E6D6E7G5C5C6E3C4D7F8B4F3F4E2B6G3G4C7E8D8F7B5D2A5H6F2C3G8,1.0,1.0,,,,,
F5F6E6D6E7G5C5C6E3C4D7F8B4F3F4G3B5E2G4D3H6F7C7B6E8C8C3,1.0,1.0,781.0,,,,
F5F6E6D6E7G5C5C6E3C4D7F8B4F3F4G3B5E2G4D3H6F7C7B6E8C8C3H4,1.0,1.0,782.0,,,,
F5F6E6D6E7G5C5C6E3C4D7F8B4F3F4G3B5E2G4D3H6F7C7B6E8C8C3H4H5,1.0,1.0,783.0,,,,
F5F6E6D6E7G5C5C6E3C4D7F8B4F3F4G3B5E2G4D3H6F7C7B6E8C8C3H4H5H7,1.0,1.0,,,,,
F5F6E6D6E7G5C5C6E3C4D7C7F7C3D3F4G6F2E2F3H4D8G4E8C2G3D2C1,1.0,1.0,785.0,,,,
F5F6E6D6E7G5C5C6E3C4D7C7F7C3D3F4G6F2E2F3H4D8G4E8C2G3D2C1B3,1.0,1.0,786.0,,,,
F5F6E6D6E7G5C5C6E3C4D7C7F7C3D3F4G6F2E2F3H4D8G4E8C2G3D2C1B3E1,1.0,1.0,,,,,
F5F6E6D6E7G5C5C6E3C4D7F8B3F3F4E2B5D3C7C3B4B6G6G3G4E8D8A6F7,1.0,1.0,788.0,,,,
F5F6E6D6E7G5C5C6E3C4D7F8B3F3F4E2B5D3C7C3B4B6G6G3G4E8D8A6F7C8,1.0,1.0,,,,,
F5F6E6D6E7G5C5C6E3C4D7F8B3F3F4E2B5D3C7C3B4B6F2G4E8F7C2C1D1,1.0,1.0,790.0,,,,
F5F6E6D6E7G5C5C6E3C4D7F8B3F3F4E2B5D3C7C3B4B6F2G4E8F7C2C1D1E1,1.0,1.0,,,,,
F5F6E6D6E7G5C5C6E3C4D7C7F7C3D3F4G6F2E2F3D2H6H4C8G3G4B5C1B6,1.0,1.0,792.0,,,,
F5F6E6D6E7G5C5C6E3C4D7C7F7C3D3F4G6F2E2F3D2H6H4C8G3G4B5C1B6H3,1.0,1.0,,,,,
F5F6E6D6E7G5C5C6E3C4D7F8B3F3F4E2B5G3G4D3H6C3F2F7C7B6B4E1E8C8,1.0,1.0,,,,,
F5F6E6D6E7G5C5C6E3C4D7F8B3F3F4G3B5D3,1.0,1.0,795.0,,,,
F5F6E6D6E7G5C5C6E3C4D7F8B3F3F4G3B5D3D2,1.0,1.0,796.0,,,,
F5F6E6D6E7G5C5C6E3C4D7F8B3F3F4G3B5D3D2C2,1.0,1.0,797.0,,,,
F5F6E6D6E7G5C5C6E3C4D7F8B3F3F4G3B5D3D2C2D1,1.0,1.0,798.0,,,,
F5F6E6D6E7G5C5C6E3C4D7F8B3F3F4G3B5D3D2C2D1C3,1.0,1.0,799.0,,,,
F5F6E6D6E7G5C5C6E3C4D7F8B3F3F4G3B5D3D2C2D1C3B4,1.0,1.0,800.0,,,,
F5F6E6D6E7G5C5C6E3C4D7F8B3F3F4G3B5D3D2C2D1C3B4C8,1.0,1.0,801.0,,,,
F5F6E6D6E7G5C5C6E3C4D7F8B3F3F4G3B5D3D2C2D1C3B4C8E8,1.0,1.0,802.0,,,,
F5F6E6D6E7G5C5C6E3C4D7F8B3F3F4G3B5D3D2C2D1C3B4C8E8A5,1.0,1.0,803.0,,,,
F5F6E6D6E7G5C5C6E3C4D7F8B3F3F4G3B5D3D2C2D1C3B4C8E8A5G8,1.0,1.0,804.0,,,,
F5F6E6D6E7G5C5C6E3C4D7F8B3F3F4G3B5D3D2C2D1C3B4C8E8A5G8A4,1.0,1.0,805.0,,,,
F5F6E6D6E7G5C5C6E3C4D7F8B3F3F4G3B5D3D2C2D1C3B4C8E8A5G8A4A3,1.0,1.0,806.0,,,,
F5F6E6D6E7G5C5C6E3C4D7F8B3F3F4G3B5D3D2C2D1C3B4C8E8A5G8A4A3B7,1.0,1.0,,,,,
F5F6E6D6E7G5C5C6E3C4D7F8B3F3F4G3B5E2G4D3H6C3F2F7B4C8B6H4D1,1.0,1.0,808.0,,,,
F5F6E6D6E7G5C5C6E3C4D7F8B3F3F4G3B5E2G4D3H6C3F2F7B4C8B6H4D1C7,1.0,1.0,,,,,
F5F6E6D6E7G5C5C6E3C4D7F8B3F3F4E2B5D3C7C3B4B6F2G4A5E8C2F1H4B8,1.0,1.0,,,,,
F5F6E6D6E7G5C5C6E3C4D7C7F7C3D3F4G6F2E2F3H4D8G4F1B6H3H5B5G3,1.0,1.0,811.0,,,,
F5F6E6D6E7G5C5C6E3C4D7C7F7C3D3F4G6F2E2F3H4D8G4F1B6H3H5B5G3H6,1.0,1.0,,,,,
F5F6E6D6E7G5C5C6E3C4D7F8B3F3F4G3B5E2G4D3H6C3F2F7B4B6C7H4D1H3,1.0,1.0,,,,,
F5F6E6D6E7G5C5C6E3C4D7C7F7C3D3F4G6F2E2F3H4D8G4E8C2G3D2H3H5C1,1.0,1.0,,,,,
F5F6E6D6E7G5C5C6E3C4D7F8B4F3F4E2B6G3G4C7E8B5D2D8F7A5H6A3A4,1.0,1.0,815.0,,,,
F5F6E6D6E7G5C5C6E3C4D7F8B4F3F4E2B6G3G4C7E8B5D2D8F7A5H6A3A4B3,1.0,1.0,,,,,
F5F6E6D6E7G5C5C6E3C4D7F8B3F3F4E2B5G3G4D3H6C3F2F7B4B6C7H4D1H3,1.0,1.0,,,,,
F5F6E6D6E7G5C5C6E3C4D7F8B3F3F4E2D2G3B6B5C7C8G6F7D3G4H5A6E1F2,1.0,1.0,,,,,
F5F6E6D6E7G5C5C6E3C4D7C7F7C3D3F4G6F2E2F3H4D8G4E8D2D1C1G3B3F1,1.0,1.0,,,,,
F5F6E6D6E7G5C5C6E3C4D7F8B4F3F4E2B6G3G4C7E8B5F7G6G8D8C8A6D2F2,1.0,1.0,,,,,
F5F6E6D6E7G5C5C6E3C4D7F8B4F3F4E2B6G3G4C7E8D8F7H5H3G8H4H2D2B5,1.0,1.0,,,,,
F5F6E6D6E7G5C5C6E3C4D7F8B4F3F4E2B5G3G4D3H6F7E8C3B3A6C7,1.0,1.0,822.0,,,,
F5F6E6D6E7G5C5C6E3C4D7F8B4F3F4E2B5G3G4D3H6F7E8C3B3A6C7A5,1.0,1.0,823.0,,,,
F5F6E6D6E7G5C5C6E3C4D7F8B4F3F4E2B5G3G4D3H6F7E8C3B3A6C7A5F2,1.0,1.0,824.0,,,,
F5F6E6D6E7G5C5C6E3C4D7F8B4F3F4E2B5G3G4D3H6F7E8C3B3A6C7A5F2B6,1.0,1.0,,,,,
F5F6E6D6E7G5C5C6E3C4D7F8B3F3F4E2B5G3G4D3H6C3F2F7B4H4D1B6C7A4,1.0,1.0,,,,,
F5F6E6D6E7G5C5C6E3C4D7F8B4F3F4E2B6G3G4C7E8B5F7G6G8D8C8C3,1.0,1.0,827.0,,,,
F5F6E6D6E7G5C5C6E3C4D7F8B4F3F4E2B6G3G4C7E8B5F7G6G8D8C8C3D3,1.0,1.0,828.0,,,,
F5F6E6D6E7G5C5C6E3C4D7F8B4F3F4E2B6G3G4C7E8B5F7G6G8D8C8C3D3C2,1.0,1.0,,,,,
F5F6E6D6E7G5C5C6E3C4D7F8B3F3F4G3B5E2G4D3H6C3F2F7B4H4C7G6D1,1.0,1.0,830.0,,,,
F5F6E6D6E7G5C5C6E3C4D7F8B3F3F4G3B5E2G4D3H6C3F2F7B4H4C7G6D1B6,1.0,1.0,,,,,
F5F6E6D6E7G5C5C6E3C4D7F8B3F3F4E2B5D3C7C3B4B6G6G3G4E8C8H5,1.0,1.0,832.0,,,,
F5F6E6D6E7G5C5C6E3C4D7F8B3F3F4E2B5D3C7C3B4B6G6G3G4E8C8H5F7,1.0,1.0,833.0,,,,
F5F6E6D6E7G5C5C6E3C4D7F8B3F3F4E2B5D3C7C3B4B6G6G3G4E8C8H5F7A6,1.0,1.0,,,,,
F5F6E6D6E7G5C5C6E3C4D7F8B4F3F4E2B6G3G4C7E8B5D2D8F7A5H6F2E1,2.0,1.0,835.0,842.0,,,
F5F6E6D6E7G5C5C6E3C4D7F8B4F3F4E2B6G3G4C7E8B5D2D8F7A5H6F2E1G8,1.0,1.0,,,,,
F5F6E6D6E7G5C5C6E3C4D7C7F7C3D3F4G6F2E2F3H4D8G4E8C2D2B5,1.0,1.0,837.0,,,,
F5F6E6D6E7G5C5C6E3C4D7C7F7C3D3F4G6F2E2F3H4D8G4E8C2D2B5G3,1.0,1.0,838.0,,,,
F5F6E6D6E7G5C5C6E3C4D7C7F7C3D3F4G6F2E2F3H4D8G4E8C2D2B5G3F8,1.0,1.0,839.0,,,,
F5F6E6D6E7G5C5C6E3C4D7C7F7C3D3F4G6F2E2F3H4D8G4E8C2D2B5G3F8B6,1.0,1.0,,,,,
F5F6E6D6E7G5C5C6E3C4D7C7F7C3D3F4G6F2E2F3H4D8G4G3D2F1H3E1C2,1.0,1.0,841.0,,,,
F5F6E6D6E7G5C5C6E3C4D7C7F7C3D3F4G6F2E2F3H4D8G4G3D2F1H3E1C2E8,1.0,1.0,,,,,
F5F6E6D6E7G5C5C6E3C4D7F8B4F3F4E2B6G3G4C7E8B5D2D8F7A5H6F2E1D3,1.0,1.0,,,,,
F5F6E6D6E7G5C5C6E3C4D7F8B4F3F4E2B5D3C7C3G6F7H6D8F2G4G3A6E1A5,1.0,1.0,,,,,
F5F6E6D6E7G5C5C6E3C4D7F8B3F3F4E2B5D3C7C3B4B6G6E8G4A6F2,1.0,1.0,845.0,,,,
F5F6E6D6E7G5C5C6E3C4D7F8B3F3F4E2B5D3C7C3B4B6G6E8G4A6F2A5,1.0,1.0,846.0,,,,
F5F6E6D6E7G5C5C6E3C4D7F8B3F3F4E2B5D3C7C3B4B6G6E8G4A6F2A5D1,1.0,1.0,847.0,,,,
F5F6E6D6E7G5C5C6E3C4D7F8B3F3F4E2B5D3C7C3B4B6G6E8G4A6F2A5D1D8,1.0,1.0,,,,,
